,name,N,fm,d,plo_M,plo_m,seed,network_id,node,label,degree,indegree,outdegree,pagerank
0,DPA,1000,0.1,0.03,2.5,2.5,3222900288,,60,0,,25,15,0.0005950358760106243
1,DPA,1000,0.1,0.03,2.5,2.5,3222900288,,518,0,,66,17,0.0019213569395283854
2,DPA,1000,0.1,0.03,2.5,2.5,3222900288,,145,0,,33,39,0.001120215613495991
3,DPA,1000,0.1,0.03,2.5,2.5,3222900288,,555,0,,81,36,0.0024623619304611774
4,DPA,1000,0.1,0.03,2.5,2.5,3222900288,,365,0,,1,27,0.0001584862949555423
5,DPA,1000,0.1,0.03,2.5,2.5,3222900288,,716,0,,1,13,0.00016122891308049348
6,DPA,1000,0.1,0.03,2.5,2.5,3222900288,,341,0,,33,16,0.0010051363873903084
7,DPA,1000,0.1,0.03,2.5,2.5,3222900288,,466,0,,15,16,0.00045924601544133464
8,DPA,1000,0.1,0.03,2.5,2.5,3222900288,,290,0,,17,15,0.0005733302845022692
9,DPA,1000,0.1,0.03,2.5,2.5,3222900288,,375,0,,8,66,0.00028680593764211104
10,DPA,1000,0.1,0.03,2.5,2.5,3222900288,,724,0,,19,37,0.0007080878907090282
11,DPA,1000,0.1,0.03,2.5,2.5,3222900288,,803,0,,42,55,0.0013852790153343216
12,DPA,1000,0.1,0.03,2.5,2.5,3222900288,,882,0,,25,18,0.000925619840955331
13,DPA,1000,0.1,0.03,2.5,2.5,3222900288,,881,0,,18,16,0.000588867125817144
14,DPA,1000,0.1,0.03,2.5,2.5,3222900288,,556,0,,5,14,0.00025981370102968413
15,DPA,1000,0.1,0.03,2.5,2.5,3222900288,,291,0,,22,26,0.0006476172300357017
16,DPA,1000,0.1,0.03,2.5,2.5,3222900288,,170,0,,19,37,0.0005934007319913615
17,DPA,1000,0.1,0.03,2.5,2.5,3222900288,,223,0,,8,17,0.0003398690333484876
18,DPA,1000,0.1,0.03,2.5,2.5,3222900288,,61,0,,12,36,0.00041276418550099324
19,DPA,1000,0.1,0.03,2.5,2.5,3222900288,,228,0,,2,26,0.0002203722874342945
20,DPA,1000,0.1,0.03,2.5,2.5,3222900288,,71,0,,25,47,0.0009121886565945023
21,DPA,1000,0.1,0.03,2.5,2.5,3222900288,,262,0,,7,14,0.00024899598444168427
22,DPA,1000,0.1,0.03,2.5,2.5,3222900288,,515,0,,9,19,0.0005640806316375107
23,DPA,1000,0.1,0.03,2.5,2.5,3222900288,,812,0,,14,76,0.00047007686784133584
24,DPA,1000,0.1,0.03,2.5,2.5,3222900288,,197,0,,18,16,0.0007102481206495165
25,DPA,1000,0.1,0.03,2.5,2.5,3222900288,,63,0,,14,18,0.0005153496130623162
26,DPA,1000,0.1,0.03,2.5,2.5,3222900288,,488,0,,57,14,0.0017419459000569087
27,DPA,1000,0.1,0.03,2.5,2.5,3222900288,,551,0,,38,16,0.0011885892658204868
28,DPA,1000,0.1,0.03,2.5,2.5,3222900288,,612,0,,37,22,0.000996519570421863
29,DPA,1000,0.1,0.03,2.5,2.5,3222900288,,742,0,,115,18,0.0041927020846971655
30,DPA,1000,0.1,0.03,2.5,2.5,3222900288,,663,0,,13,14,0.0005599661995500992
31,DPA,1000,0.1,0.03,2.5,2.5,3222900288,,707,0,,48,17,0.0013615969344497303
32,DPA,1000,0.1,0.03,2.5,2.5,3222900288,,31,0,,17,13,0.0007984097432102711
33,DPA,1000,0.1,0.03,2.5,2.5,3222900288,,438,0,,52,23,0.0015408304611309793
34,DPA,1000,0.1,0.03,2.5,2.5,3222900288,,221,0,,15,37,0.0004711282008387861
35,DPA,1000,0.1,0.03,2.5,2.5,3222900288,,909,0,,34,17,0.0009282765514772016
36,DPA,1000,0.1,0.03,2.5,2.5,3222900288,,734,0,,6,81,0.000352581994778325
37,DPA,1000,0.1,0.03,2.5,2.5,3222900288,,691,0,,3,78,0.0002339717321079153
38,DPA,1000,0.1,0.03,2.5,2.5,3222900288,,423,0,,3,35,0.0003055623467707968
39,DPA,1000,0.1,0.03,2.5,2.5,3222900288,,111,0,,11,18,0.00044505043210854914
40,DPA,1000,0.1,0.03,2.5,2.5,3222900288,,237,0,,0,42,0.0001500000000000002
41,DPA,1000,0.1,0.03,2.5,2.5,3222900288,,832,0,,0,23,0.0001500000000000002
42,DPA,1000,0.1,0.03,2.5,2.5,3222900288,,267,0,,48,22,0.0014779116519251126
43,DPA,1000,0.1,0.03,2.5,2.5,3222900288,,512,0,,11,55,0.0005935383661033511
44,DPA,1000,0.1,0.03,2.5,2.5,3222900288,,546,0,,56,12,0.0018996617340741396
45,DPA,1000,0.1,0.03,2.5,2.5,3222900288,,329,0,,34,31,0.0012245937408999253
46,DPA,1000,0.1,0.03,2.5,2.5,3222900288,,129,0,,42,23,0.0012808864576347389
47,DPA,1000,0.1,0.03,2.5,2.5,3222900288,,25,0,,31,34,0.0013200827875922867
48,DPA,1000,0.1,0.03,2.5,2.5,3222900288,,589,0,,16,70,0.0004744029751096983
49,DPA,1000,0.1,0.03,2.5,2.5,3222900288,,414,0,,75,17,0.0018567274770237
50,DPA,1000,0.1,0.03,2.5,2.5,3222900288,,90,0,,7,14,0.0004186240881157034
51,DPA,1000,0.1,0.03,2.5,2.5,3222900288,,579,0,,12,12,0.0005432646534115985
52,DPA,1000,0.1,0.03,2.5,2.5,3222900288,,606,0,,33,35,0.0012517188238881758
53,DPA,1000,0.1,0.03,2.5,2.5,3222900288,,610,0,,66,28,0.0023191965640377847
54,DPA,1000,0.1,0.03,2.5,2.5,3222900288,,689,0,,24,15,0.0009164135758731041
55,DPA,1000,0.1,0.03,2.5,2.5,3222900288,,720,0,,13,52,0.0004332929299728365
56,DPA,1000,0.1,0.03,2.5,2.5,3222900288,,629,0,,13,24,0.0005764336551283495
57,DPA,1000,0.1,0.03,2.5,2.5,3222900288,,77,0,,80,18,0.0024623919875184238
58,DPA,1000,0.1,0.03,2.5,2.5,3222900288,,317,0,,24,16,0.0006570611064725209
59,DPA,1000,0.1,0.03,2.5,2.5,3222900288,,941,0,,16,21,0.0005605621050826989
60,DPA,1000,0.1,0.03,2.5,2.5,3222900288,,455,0,,13,20,0.0006767544376783124
61,DPA,1000,0.1,0.03,2.5,2.5,3222900288,,320,0,,49,33,0.0017830901108212421
62,DPA,1000,0.1,0.03,2.5,2.5,3222900288,,340,0,,36,15,0.0009478343364496184
63,DPA,1000,0.1,0.03,2.5,2.5,3222900288,,784,0,,9,43,0.0005469154424412383
64,DPA,1000,0.1,0.03,2.5,2.5,3222900288,,480,0,,19,26,0.0004887085181829162
65,DPA,1000,0.1,0.03,2.5,2.5,3222900288,,338,0,,13,40,0.000648670404459475
66,DPA,1000,0.1,0.03,2.5,2.5,3222900288,,851,0,,65,18,0.002039856487479321
67,DPA,1000,0.1,0.03,2.5,2.5,3222900288,,174,0,,6,36,0.0002713368285717213
68,DPA,1000,0.1,0.03,2.5,2.5,3222900288,,225,0,,21,12,0.0005318338835729404
69,DPA,1000,0.1,0.03,2.5,2.5,3222900288,,229,0,,41,10,0.0011469746568256564
70,DPA,1000,0.1,0.03,2.5,2.5,3222900288,,710,0,,6,16,0.0002668170169352006
71,DPA,1000,0.1,0.03,2.5,2.5,3222900288,,256,0,,65,14,0.0022286755418066185
72,DPA,1000,0.1,0.03,2.5,2.5,3222900288,,157,0,,30,10,0.0012510881021302787
73,DPA,1000,0.1,0.03,2.5,2.5,3222900288,,306,0,,89,8,0.0026146848712246622
74,DPA,1000,0.1,0.03,2.5,2.5,3222900288,,616,0,,4,17,0.00039854076985698227
75,DPA,1000,0.1,0.03,2.5,2.5,3222900288,,85,0,,2,61,0.0002319582784235668
76,DPA,1000,0.1,0.03,2.5,2.5,3222900288,,999,0,,14,21,0.0005884596012913099
77,DPA,1000,0.1,0.03,2.5,2.5,3222900288,,468,0,,30,18,0.0011129722109480297
78,DPA,1000,0.1,0.03,2.5,2.5,3222900288,,509,0,,12,16,0.0003442351785534008
79,DPA,1000,0.1,0.03,2.5,2.5,3222900288,,922,0,,5,12,0.00040066894911747306
80,DPA,1000,0.1,0.03,2.5,2.5,3222900288,,84,0,,1,15,0.00015051360062672732
81,DPA,1000,0.1,0.03,2.5,2.5,3222900288,,187,0,,4,40,0.0001917938608014086
82,DPA,1000,0.1,0.03,2.5,2.5,3222900288,,779,0,,12,11,0.0004694157751267451
83,DPA,1000,0.1,0.03,2.5,2.5,3222900288,,350,0,,22,13,0.0006321857212793316
84,DPA,1000,0.1,0.03,2.5,2.5,3222900288,,655,0,,15,36,0.0003409416984904542
85,DPA,1000,0.1,0.03,2.5,2.5,3222900288,,364,0,,6,13,0.00025823633636613483
86,DPA,1000,0.1,0.03,2.5,2.5,3222900288,,562,0,,65,22,0.0018992446417852623
87,DPA,1000,0.1,0.03,2.5,2.5,3222900288,,930,0,,19,36,0.0006099192133207286
88,DPA,1000,0.1,0.03,2.5,2.5,3222900288,,405,0,,6,15,0.00048369577235583025
89,DPA,1000,0.1,0.03,2.5,2.5,3222900288,,86,0,,40,18,0.0008356136789626231
90,DPA,1000,0.1,0.03,2.5,2.5,3222900288,,583,0,,0,45,0.0001500000000000002
91,DPA,1000,0.1,0.03,2.5,2.5,3222900288,,701,0,,18,34,0.0007350168952273222
92,DPA,1000,0.1,0.03,2.5,2.5,3222900288,,230,0,,13,18,0.0005267708627868165
93,DPA,1000,0.1,0.03,2.5,2.5,3222900288,,560,0,,12,18,0.0005733935099892399
94,DPA,1000,0.1,0.03,2.5,2.5,3222900288,,777,0,,44,134,0.0013547680103028021
95,DPA,1000,0.1,0.03,2.5,2.5,3222900288,,879,0,,92,50,0.00298110240476796
96,DPA,1000,0.1,0.03,2.5,2.5,3222900288,,304,0,,4,20,0.0002882280693629129
97,DPA,1000,0.1,0.03,2.5,2.5,3222900288,,477,0,,64,30,0.002325877521624705
98,DPA,1000,0.1,0.03,2.5,2.5,3222900288,,951,0,,30,40,0.0013526375977876265
99,DPA,1000,0.1,0.03,2.5,2.5,3222900288,,675,0,,11,10,0.0005453687870749385
100,DPA,1000,0.1,0.03,2.5,2.5,3222900288,,343,0,,8,21,0.0002658857730358143
101,DPA,1000,0.1,0.03,2.5,2.5,3222900288,,997,0,,9,29,0.00040445440803550946
102,DPA,1000,0.1,0.03,2.5,2.5,3222900288,,912,0,,46,24,0.0014759849903186956
103,DPA,1000,0.1,0.03,2.5,2.5,3222900288,,485,0,,16,12,0.0005233439084820572
104,DPA,1000,0.1,0.03,2.5,2.5,3222900288,,387,0,,7,17,0.0005676354774454056
105,DPA,1000,0.1,0.03,2.5,2.5,3222900288,,188,0,,43,49,0.0012206256919651422
106,DPA,1000,0.1,0.03,2.5,2.5,3222900288,,416,0,,18,13,0.0006812159403649532
107,DPA,1000,0.1,0.03,2.5,2.5,3222900288,,995,0,,44,49,0.0014034229642270084
108,DPA,1000,0.1,0.03,2.5,2.5,3222900288,,904,0,,59,18,0.001488759304704692
109,DPA,1000,0.1,0.03,2.5,2.5,3222900288,,602,0,,40,51,0.0012636907170880968
110,DPA,1000,0.1,0.03,2.5,2.5,3222900288,,47,0,,17,14,0.0006711414177186293
111,DPA,1000,0.1,0.03,2.5,2.5,3222900288,,371,0,,43,26,0.001815572402938673
112,DPA,1000,0.1,0.03,2.5,2.5,3222900288,,626,0,,37,63,0.001176317142770103
113,DPA,1000,0.1,0.03,2.5,2.5,3222900288,,911,0,,61,23,0.001883880033828849
114,DPA,1000,0.1,0.03,2.5,2.5,3222900288,,883,0,,8,18,0.00036649867928646
115,DPA,1000,0.1,0.03,2.5,2.5,3222900288,,857,0,,0,33,0.0001500000000000002
116,DPA,1000,0.1,0.03,2.5,2.5,3222900288,,586,0,,76,40,0.0023097479761483974
117,DPA,1000,0.1,0.03,2.5,2.5,3222900288,,148,0,,25,17,0.0010060092683575495
118,DPA,1000,0.1,0.03,2.5,2.5,3222900288,,891,0,,12,32,0.0005310165368376288
119,DPA,1000,0.1,0.03,2.5,2.5,3222900288,,627,0,,106,17,0.003522976867831907
120,DPA,1000,0.1,0.03,2.5,2.5,3222900288,,151,0,,67,14,0.002122173487030779
121,DPA,1000,0.1,0.03,2.5,2.5,3222900288,,750,0,,101,52,0.0027489333840393327
122,DPA,1000,0.1,0.03,2.5,2.5,3222900288,,690,0,,6,10,0.0004929885795988515
123,DPA,1000,0.1,0.03,2.5,2.5,3222900288,,574,0,,6,27,0.00024087173154289465
124,DPA,1000,0.1,0.03,2.5,2.5,3222900288,,514,0,,38,16,0.0015123885920096498
125,DPA,1000,0.1,0.03,2.5,2.5,3222900288,,478,0,,44,22,0.0010098255020338017
126,DPA,1000,0.1,0.03,2.5,2.5,3222900288,,839,0,,21,36,0.0005303847926025414
127,DPA,1000,0.1,0.03,2.5,2.5,3222900288,,158,0,,70,28,0.0019895989302406367
128,DPA,1000,0.1,0.03,2.5,2.5,3222900288,,296,0,,40,18,0.001715766562700086
129,DPA,1000,0.1,0.03,2.5,2.5,3222900288,,36,0,,109,20,0.0027999708240947644
130,DPA,1000,0.1,0.03,2.5,2.5,3222900288,,521,0,,55,34,0.0016085836972155906
131,DPA,1000,0.1,0.03,2.5,2.5,3222900288,,896,0,,55,72,0.0020159807072979716
132,DPA,1000,0.1,0.03,2.5,2.5,3222900288,,743,0,,6,25,0.0003673256024491232
133,DPA,1000,0.1,0.03,2.5,2.5,3222900288,,266,0,,1,14,0.00015077897748136065
134,DPA,1000,0.1,0.03,2.5,2.5,3222900288,,688,0,,28,14,0.0008550477424607014
135,DPA,1000,0.1,0.03,2.5,2.5,3222900288,,199,0,,32,13,0.0011636654059107275
136,DPA,1000,0.1,0.03,2.5,2.5,3222900288,,275,0,,38,16,0.0017036568523923598
137,DPA,1000,0.1,0.03,2.5,2.5,3222900288,,374,0,,48,16,0.0018665067928290814
138,DPA,1000,0.1,0.03,2.5,2.5,3222900288,,816,0,,47,23,0.0011322042545585669
139,DPA,1000,0.1,0.03,2.5,2.5,3222900288,,965,0,,72,139,0.0022910819439147957
140,DPA,1000,0.1,0.03,2.5,2.5,3222900288,,570,0,,6,25,0.00024089236704327434
141,DPA,1000,0.1,0.03,2.5,2.5,3222900288,,227,0,,20,20,0.0004952064531461691
142,DPA,1000,0.1,0.03,2.5,2.5,3222900288,,400,0,,0,19,0.0001500000000000002
143,DPA,1000,0.1,0.03,2.5,2.5,3222900288,,195,0,,6,17,0.0002413432755626879
144,DPA,1000,0.1,0.03,2.5,2.5,3222900288,,940,0,,26,11,0.0009586935784441634
145,DPA,1000,0.1,0.03,2.5,2.5,3222900288,,887,0,,16,25,0.0005163103071426186
146,DPA,1000,0.1,0.03,2.5,2.5,3222900288,,13,0,,113,25,0.004034004655110785
147,DPA,1000,0.1,0.03,2.5,2.5,3222900288,,441,0,,12,31,0.0004721008939370797
148,DPA,1000,0.1,0.03,2.5,2.5,3222900288,,9,0,,25,21,0.0007222346761021047
149,DPA,1000,0.1,0.03,2.5,2.5,3222900288,,162,0,,9,20,0.0004587247100714918
150,DPA,1000,0.1,0.03,2.5,2.5,3222900288,,0,0,,8,39,0.00030793911159044085
151,DPA,1000,0.1,0.03,2.5,2.5,3222900288,,180,0,,29,21,0.0008514451921860631
152,DPA,1000,0.1,0.03,2.5,2.5,3222900288,,75,0,,3,29,0.000198504166004971
153,DPA,1000,0.1,0.03,2.5,2.5,3222900288,,294,0,,9,32,0.0003296367163977731
154,DPA,1000,0.1,0.03,2.5,2.5,3222900288,,921,0,,0,14,0.0001500000000000002
155,DPA,1000,0.1,0.03,2.5,2.5,3222900288,,429,0,,19,15,0.0006264912502520587
156,DPA,1000,0.1,0.03,2.5,2.5,3222900288,,62,0,,8,23,0.0004539886311312534
157,DPA,1000,0.1,0.03,2.5,2.5,3222900288,,348,0,,49,25,0.0014730388825454973
158,DPA,1000,0.1,0.03,2.5,2.5,3222900288,,497,0,,22,19,0.000779650045563399
159,DPA,1000,0.1,0.03,2.5,2.5,3222900288,,83,0,,30,18,0.0009653026207567389
160,DPA,1000,0.1,0.03,2.5,2.5,3222900288,,95,0,,23,20,0.0009229371568419515
161,DPA,1000,0.1,0.03,2.5,2.5,3222900288,,745,0,,11,16,0.00038976101348898025
162,DPA,1000,0.1,0.03,2.5,2.5,3222900288,,475,0,,17,14,0.0006647929889270523
163,DPA,1000,0.1,0.03,2.5,2.5,3222900288,,208,0,,41,18,0.0011468336712582325
164,DPA,1000,0.1,0.03,2.5,2.5,3222900288,,58,0,,0,30,0.0001500000000000002
165,DPA,1000,0.1,0.03,2.5,2.5,3222900288,,319,0,,3,24,0.0002932604294026237
166,DPA,1000,0.1,0.03,2.5,2.5,3222900288,,799,0,,20,19,0.00045043801325594083
167,DPA,1000,0.1,0.03,2.5,2.5,3222900288,,390,0,,7,14,0.00029886791100850905
168,DPA,1000,0.1,0.03,2.5,2.5,3222900288,,942,0,,7,15,0.00024597336818317923
169,DPA,1000,0.1,0.03,2.5,2.5,3222900288,,305,0,,24,23,0.0007207847372289946
170,DPA,1000,0.1,0.03,2.5,2.5,3222900288,,693,0,,23,21,0.0007425596125606422
171,DPA,1000,0.1,0.03,2.5,2.5,3222900288,,526,0,,2,57,0.0001568752353695255
172,DPA,1000,0.1,0.03,2.5,2.5,3222900288,,550,0,,74,30,0.002443932343105847
173,DPA,1000,0.1,0.03,2.5,2.5,3222900288,,369,0,,0,12,0.0001500000000000002
174,DPA,1000,0.1,0.03,2.5,2.5,3222900288,,605,0,,13,17,0.0004454481787757946
175,DPA,1000,0.1,0.03,2.5,2.5,3222900288,,231,0,,24,15,0.0006951402092247017
176,DPA,1000,0.1,0.03,2.5,2.5,3222900288,,994,0,,11,31,0.0003712553153070335
177,DPA,1000,0.1,0.03,2.5,2.5,3222900288,,926,0,,13,31,0.0006497035746487687
178,DPA,1000,0.1,0.03,2.5,2.5,3222900288,,105,0,,50,15,0.0016317880560709004
179,DPA,1000,0.1,0.03,2.5,2.5,3222900288,,179,0,,55,13,0.0015768672452373303
180,DPA,1000,0.1,0.03,2.5,2.5,3222900288,,219,0,,11,31,0.0006964825382799477
181,DPA,1000,0.1,0.03,2.5,2.5,3222900288,,654,0,,12,17,0.0004890509605998348
182,DPA,1000,0.1,0.03,2.5,2.5,3222900288,,599,0,,120,14,0.003938477924724496
183,DPA,1000,0.1,0.03,2.5,2.5,3222900288,,38,0,,25,28,0.0008214459755305452
184,DPA,1000,0.1,0.03,2.5,2.5,3222900288,,233,0,,36,45,0.0012840511928801995
185,DPA,1000,0.1,0.03,2.5,2.5,3222900288,,215,0,,80,15,0.002235185781305272
186,DPA,1000,0.1,0.03,2.5,2.5,3222900288,,945,0,,8,7,0.0002498885391714759
187,DPA,1000,0.1,0.03,2.5,2.5,3222900288,,193,0,,100,16,0.0035920137066942216
188,DPA,1000,0.1,0.03,2.5,2.5,3222900288,,540,0,,32,49,0.00086235069913732
189,DPA,1000,0.1,0.03,2.5,2.5,3222900288,,181,0,,51,13,0.0012172031791841923
190,DPA,1000,0.1,0.03,2.5,2.5,3222900288,,953,0,,13,15,0.0005974421186409972
191,DPA,1000,0.1,0.03,2.5,2.5,3222900288,,528,0,,80,37,0.0022972755084454477
192,DPA,1000,0.1,0.03,2.5,2.5,3222900288,,44,0,,7,16,0.00030225035002058115
193,DPA,1000,0.1,0.03,2.5,2.5,3222900288,,245,0,,21,38,0.0008174914663074147
194,DPA,1000,0.1,0.03,2.5,2.5,3222900288,,638,0,,63,11,0.002082562677739174
195,DPA,1000,0.1,0.03,2.5,2.5,3222900288,,658,0,,53,15,0.001890395494963936
196,DPA,1000,0.1,0.03,2.5,2.5,3222900288,,757,0,,45,16,0.001407493011646083
197,DPA,1000,0.1,0.03,2.5,2.5,3222900288,,370,0,,7,17,0.0003255561506291713
198,DPA,1000,0.1,0.03,2.5,2.5,3222900288,,889,0,,8,17,0.0002594773938374532
199,DPA,1000,0.1,0.03,2.5,2.5,3222900288,,802,0,,20,15,0.0004663155684759943
200,DPA,1000,0.1,0.03,2.5,2.5,3222900288,,287,0,,19,10,0.0007294410208820009
201,DPA,1000,0.1,0.03,2.5,2.5,3222900288,,92,0,,29,45,0.0009616807067709043
202,DPA,1000,0.1,0.03,2.5,2.5,3222900288,,263,0,,1,31,0.00015500208305972867
203,DPA,1000,0.1,0.03,2.5,2.5,3222900288,,64,0,,20,19,0.000807425001011095
204,DPA,1000,0.1,0.03,2.5,2.5,3222900288,,34,0,,72,19,0.0018150174904689221
205,DPA,1000,0.1,0.03,2.5,2.5,3222900288,,277,0,,17,18,0.00044143582379235806
206,DPA,1000,0.1,0.03,2.5,2.5,3222900288,,185,0,,22,18,0.0008946277785309463
207,DPA,1000,0.1,0.03,2.5,2.5,3222900288,,410,0,,64,14,0.0017332994060028082
208,DPA,1000,0.1,0.03,2.5,2.5,3222900288,,815,0,,5,10,0.0003862472261706452
209,DPA,1000,0.1,0.03,2.5,2.5,3222900288,,33,0,,12,21,0.0007270742980693493
210,DPA,1000,0.1,0.03,2.5,2.5,3222900288,,544,0,,40,44,0.0011831921198600219
211,DPA,1000,0.1,0.03,2.5,2.5,3222900288,,164,0,,2,14,0.00016330028615143034
212,DPA,1000,0.1,0.03,2.5,2.5,3222900288,,88,0,,52,23,0.0017020906592613845
213,DPA,1000,0.1,0.03,2.5,2.5,3222900288,,15,0,,113,18,0.003938182777430007
214,DPA,1000,0.1,0.03,2.5,2.5,3222900288,,16,0,,11,35,0.000413161250154765
215,DPA,1000,0.1,0.03,2.5,2.5,3222900288,,823,0,,8,47,0.0003691346575437468
216,DPA,1000,0.1,0.03,2.5,2.5,3222900288,,727,0,,3,20,0.00021396787619233838
217,DPA,1000,0.1,0.03,2.5,2.5,3222900288,,246,0,,0,12,0.0001500000000000002
218,DPA,1000,0.1,0.03,2.5,2.5,3222900288,,703,0,,2,35,0.00022265582817619143
219,DPA,1000,0.1,0.03,2.5,2.5,3222900288,,968,0,,1,26,0.00015720447865325045
220,DPA,1000,0.1,0.03,2.5,2.5,3222900288,,27,0,,55,112,0.0017860203099440669
221,DPA,1000,0.1,0.03,2.5,2.5,3222900288,,6,0,,52,30,0.0015155457731641936
222,DPA,1000,0.1,0.03,2.5,2.5,3222900288,,880,0,,35,19,0.0008957599949290446
223,DPA,1000,0.1,0.03,2.5,2.5,3222900288,,740,0,,36,20,0.0012084744351056288
224,DPA,1000,0.1,0.03,2.5,2.5,3222900288,,625,0,,8,50,0.0004018046832701652
225,DPA,1000,0.1,0.03,2.5,2.5,3222900288,,169,0,,26,19,0.0008989140061237936
226,DPA,1000,0.1,0.03,2.5,2.5,3222900288,,576,0,,9,24,0.00046714203008011866
227,DPA,1000,0.1,0.03,2.5,2.5,3222900288,,841,0,,18,19,0.0006053645878673057
228,DPA,1000,0.1,0.03,2.5,2.5,3222900288,,763,0,,22,10,0.0006426219960064734
229,DPA,1000,0.1,0.03,2.5,2.5,3222900288,,531,0,,27,15,0.0007323668369689073
230,DPA,1000,0.1,0.03,2.5,2.5,3222900288,,131,0,,63,18,0.002190510626924679
231,DPA,1000,0.1,0.03,2.5,2.5,3222900288,,773,0,,35,21,0.0008923061436114043
232,DPA,1000,0.1,0.03,2.5,2.5,3222900288,,125,0,,10,20,0.00032173333513401705
233,DPA,1000,0.1,0.03,2.5,2.5,3222900288,,113,0,,18,56,0.0007397872069280328
234,DPA,1000,0.1,0.03,2.5,2.5,3222900288,,186,0,,38,17,0.0012636475730921264
235,DPA,1000,0.1,0.03,2.5,2.5,3222900288,,248,0,,68,42,0.0018916996597369172
236,DPA,1000,0.1,0.03,2.5,2.5,3222900288,,301,0,,12,20,0.000426519652083758
237,DPA,1000,0.1,0.03,2.5,2.5,3222900288,,737,0,,17,18,0.0005521857128124636
238,DPA,1000,0.1,0.03,2.5,2.5,3222900288,,385,0,,31,26,0.0008329268771631808
239,DPA,1000,0.1,0.03,2.5,2.5,3222900288,,597,0,,39,27,0.0013017252212801794
240,DPA,1000,0.1,0.03,2.5,2.5,3222900288,,914,0,,1,25,0.00015127226432405015
241,DPA,1000,0.1,0.03,2.5,2.5,3222900288,,8,0,,127,19,0.0038522886656014474
242,DPA,1000,0.1,0.03,2.5,2.5,3222900288,,917,0,,27,36,0.0008936419817953656
243,DPA,1000,0.1,0.03,2.5,2.5,3222900288,,754,0,,19,35,0.0009704832240059582
244,DPA,1000,0.1,0.03,2.5,2.5,3222900288,,35,0,,2,23,0.00023978533861613663
245,DPA,1000,0.1,0.03,2.5,2.5,3222900288,,37,0,,12,45,0.0004486735108178202
246,DPA,1000,0.1,0.03,2.5,2.5,3222900288,,311,0,,12,59,0.0003233427438990456
247,DPA,1000,0.1,0.03,2.5,2.5,3222900288,,437,0,,15,21,0.0006453188892255188
248,DPA,1000,0.1,0.03,2.5,2.5,3222900288,,106,0,,0,18,0.0001500000000000002
249,DPA,1000,0.1,0.03,2.5,2.5,3222900288,,936,0,,41,134,0.0015478529561788522
250,DPA,1000,0.1,0.03,2.5,2.5,3222900288,,865,0,,69,15,0.0022312007951482346
251,DPA,1000,0.1,0.03,2.5,2.5,3222900288,,368,0,,17,16,0.0006690309776745089
252,DPA,1000,0.1,0.03,2.5,2.5,3222900288,,68,0,,0,25,0.0001500000000000002
253,DPA,1000,0.1,0.03,2.5,2.5,3222900288,,657,0,,42,161,0.001607404091161296
254,DPA,1000,0.1,0.03,2.5,2.5,3222900288,,442,0,,26,41,0.0008297674234952883
255,DPA,1000,0.1,0.03,2.5,2.5,3222900288,,712,0,,26,16,0.0007675987154171061
256,DPA,1000,0.1,0.03,2.5,2.5,3222900288,,362,0,,18,15,0.0005598541741784591
257,DPA,1000,0.1,0.03,2.5,2.5,3222900288,,453,0,,30,17,0.0006804419880292371
258,DPA,1000,0.1,0.03,2.5,2.5,3222900288,,972,0,,40,32,0.0011186667752370043
259,DPA,1000,0.1,0.03,2.5,2.5,3222900288,,527,0,,25,32,0.0006177800314532855
260,DPA,1000,0.1,0.03,2.5,2.5,3222900288,,752,0,,124,14,0.004231091146851612
261,DPA,1000,0.1,0.03,2.5,2.5,3222900288,,765,0,,2,18,0.00020041463567605031
262,DPA,1000,0.1,0.03,2.5,2.5,3222900288,,768,0,,94,42,0.0029780403426905157
263,DPA,1000,0.1,0.03,2.5,2.5,3222900288,,996,0,,2,11,0.00015939315910902866
264,DPA,1000,0.1,0.03,2.5,2.5,3222900288,,203,0,,5,34,0.0002513968618980581
265,DPA,1000,0.1,0.03,2.5,2.5,3222900288,,935,0,,7,16,0.00019601581589278358
266,DPA,1000,0.1,0.03,2.5,2.5,3222900288,,729,0,,23,25,0.0006324963755106899
267,DPA,1000,0.1,0.03,2.5,2.5,3222900288,,133,0,,18,44,0.0004965448427892907
268,DPA,1000,0.1,0.03,2.5,2.5,3222900288,,91,0,,0,17,0.0001500000000000002
269,DPA,1000,0.1,0.03,2.5,2.5,3222900288,,276,0,,21,20,0.001001865676077477
270,DPA,1000,0.1,0.03,2.5,2.5,3222900288,,431,0,,26,12,0.0007742884261493381
271,DPA,1000,0.1,0.03,2.5,2.5,3222900288,,310,0,,11,15,0.00039450642453517224
272,DPA,1000,0.1,0.03,2.5,2.5,3222900288,,172,0,,16,16,0.000798248688739617
273,DPA,1000,0.1,0.03,2.5,2.5,3222900288,,927,0,,65,14,0.002214958483654879
274,DPA,1000,0.1,0.03,2.5,2.5,3222900288,,948,0,,46,16,0.0017068015983138774
275,DPA,1000,0.1,0.03,2.5,2.5,3222900288,,426,0,,37,74,0.0012725870980815604
276,DPA,1000,0.1,0.03,2.5,2.5,3222900288,,109,0,,5,46,0.0003021165841019418
277,DPA,1000,0.1,0.03,2.5,2.5,3222900288,,450,0,,3,16,0.00019104363903760482
278,DPA,1000,0.1,0.03,2.5,2.5,3222900288,,419,0,,16,42,0.0006873882334563691
279,DPA,1000,0.1,0.03,2.5,2.5,3222900288,,321,0,,8,14,0.0003413615615197762
280,DPA,1000,0.1,0.03,2.5,2.5,3222900288,,486,0,,41,18,0.0010742495372783787
281,DPA,1000,0.1,0.03,2.5,2.5,3222900288,,790,0,,23,45,0.0009470797301659192
282,DPA,1000,0.1,0.03,2.5,2.5,3222900288,,795,0,,6,32,0.0003125508477446506
283,DPA,1000,0.1,0.03,2.5,2.5,3222900288,,584,0,,11,17,0.0003109939546637953
284,DPA,1000,0.1,0.03,2.5,2.5,3222900288,,678,0,,0,12,0.0001500000000000002
285,DPA,1000,0.1,0.03,2.5,2.5,3222900288,,48,0,,99,44,0.0032795269340957973
286,DPA,1000,0.1,0.03,2.5,2.5,3222900288,,859,0,,11,519,0.00047563448388580594
287,DPA,1000,0.1,0.03,2.5,2.5,3222900288,,987,0,,12,74,0.00044839655284355603
288,DPA,1000,0.1,0.03,2.5,2.5,3222900288,,107,0,,62,65,0.0018898127806240717
289,DPA,1000,0.1,0.03,2.5,2.5,3222900288,,504,0,,9,40,0.0004933780971985999
290,DPA,1000,0.1,0.03,2.5,2.5,3222900288,,820,0,,11,19,0.0005156097653051275
291,DPA,1000,0.1,0.03,2.5,2.5,3222900288,,146,0,,0,18,0.0001500000000000002
292,DPA,1000,0.1,0.03,2.5,2.5,3222900288,,325,0,,23,38,0.0007037598601309092
293,DPA,1000,0.1,0.03,2.5,2.5,3222900288,,739,0,,22,21,0.0005766754646331756
294,DPA,1000,0.1,0.03,2.5,2.5,3222900288,,669,0,,35,38,0.0008185701783606086
295,DPA,1000,0.1,0.03,2.5,2.5,3222900288,,680,0,,30,44,0.0007320088337231281
296,DPA,1000,0.1,0.03,2.5,2.5,3222900288,,962,0,,51,18,0.0012509896625273324
297,DPA,1000,0.1,0.03,2.5,2.5,3222900288,,334,0,,8,16,0.0005146177309897954
298,DPA,1000,0.1,0.03,2.5,2.5,3222900288,,932,0,,26,29,0.0006878172612167527
299,DPA,1000,0.1,0.03,2.5,2.5,3222900288,,722,0,,5,38,0.00023352605236760397
300,DPA,1000,0.1,0.03,2.5,2.5,3222900288,,250,0,,23,17,0.0006638426336275335
301,DPA,1000,0.1,0.03,2.5,2.5,3222900288,,853,0,,15,32,0.0006744638087595607
302,DPA,1000,0.1,0.03,2.5,2.5,3222900288,,796,0,,60,15,0.0021466263852690116
303,DPA,1000,0.1,0.03,2.5,2.5,3222900288,,826,0,,2,54,0.000175615157061665
304,DPA,1000,0.1,0.03,2.5,2.5,3222900288,,950,0,,76,17,0.0025458652288727476
305,DPA,1000,0.1,0.03,2.5,2.5,3222900288,,127,0,,12,34,0.00026485276009457435
306,DPA,1000,0.1,0.03,2.5,2.5,3222900288,,150,0,,78,11,0.002812449224228937
307,DPA,1000,0.1,0.03,2.5,2.5,3222900288,,96,0,,6,34,0.0003410899060957493
308,DPA,1000,0.1,0.03,2.5,2.5,3222900288,,1,0,,38,22,0.001660351182309902
309,DPA,1000,0.1,0.03,2.5,2.5,3222900288,,457,0,,18,35,0.0005611417808175739
310,DPA,1000,0.1,0.03,2.5,2.5,3222900288,,22,0,,15,22,0.00038216684871551077
311,DPA,1000,0.1,0.03,2.5,2.5,3222900288,,444,0,,3,50,0.000294156728776411
312,DPA,1000,0.1,0.03,2.5,2.5,3222900288,,501,0,,93,22,0.0025048521383476984
313,DPA,1000,0.1,0.03,2.5,2.5,3222900288,,782,0,,72,11,0.001987483238768734
314,DPA,1000,0.1,0.03,2.5,2.5,3222900288,,191,0,,10,64,0.000290265723944701
315,DPA,1000,0.1,0.03,2.5,2.5,3222900288,,335,0,,37,66,0.0011871458519163258
316,DPA,1000,0.1,0.03,2.5,2.5,3222900288,,809,0,,12,17,0.0003439939348251128
317,DPA,1000,0.1,0.03,2.5,2.5,3222900288,,309,0,,1,16,0.00021089612597779606
318,DPA,1000,0.1,0.03,2.5,2.5,3222900288,,843,0,,42,52,0.0013068919482643233
319,DPA,1000,0.1,0.03,2.5,2.5,3222900288,,738,0,,34,28,0.0008729143142250322
320,DPA,1000,0.1,0.03,2.5,2.5,3222900288,,409,0,,11,19,0.0006608189244743487
321,DPA,1000,0.1,0.03,2.5,2.5,3222900288,,469,0,,31,9,0.0007962017736110011
322,DPA,1000,0.1,0.03,2.5,2.5,3222900288,,213,0,,22,32,0.0006869944209190094
323,DPA,1000,0.1,0.03,2.5,2.5,3222900288,,418,0,,2,18,0.00018014961917836968
324,DPA,1000,0.1,0.03,2.5,2.5,3222900288,,115,0,,0,14,0.0001500000000000002
325,DPA,1000,0.1,0.03,2.5,2.5,3222900288,,624,0,,34,25,0.0013507179615841682
326,DPA,1000,0.1,0.03,2.5,2.5,3222900288,,346,0,,7,36,0.0004428523212616427
327,DPA,1000,0.1,0.03,2.5,2.5,3222900288,,671,0,,15,32,0.0006813852064005223
328,DPA,1000,0.1,0.03,2.5,2.5,3222900288,,801,0,,65,22,0.002215327089112282
329,DPA,1000,0.1,0.03,2.5,2.5,3222900288,,928,0,,17,37,0.0005110049657511444
330,DPA,1000,0.1,0.03,2.5,2.5,3222900288,,973,0,,4,20,0.0003426152766246307
331,DPA,1000,0.1,0.03,2.5,2.5,3222900288,,281,0,,5,18,0.0004327626719567414
332,DPA,1000,0.1,0.03,2.5,2.5,3222900288,,249,0,,59,15,0.0016476585374106255
333,DPA,1000,0.1,0.03,2.5,2.5,3222900288,,775,0,,23,34,0.000626006686200438
334,DPA,1000,0.1,0.03,2.5,2.5,3222900288,,938,0,,57,17,0.0013926079992154113
335,DPA,1000,0.1,0.03,2.5,2.5,3222900288,,714,0,,103,16,0.0029877935437862438
336,DPA,1000,0.1,0.03,2.5,2.5,3222900288,,314,0,,34,32,0.001178867846808978
337,DPA,1000,0.1,0.03,2.5,2.5,3222900288,,676,0,,3,13,0.00028218990783417526
338,DPA,1000,0.1,0.03,2.5,2.5,3222900288,,991,0,,33,18,0.0009415570715349299
339,DPA,1000,0.1,0.03,2.5,2.5,3222900288,,93,0,,22,17,0.0006446695818492006
340,DPA,1000,0.1,0.03,2.5,2.5,3222900288,,696,0,,27,18,0.0014189418336530738
341,DPA,1000,0.1,0.03,2.5,2.5,3222900288,,908,0,,73,18,0.002549861606215834
342,DPA,1000,0.1,0.03,2.5,2.5,3222900288,,840,0,,46,18,0.0015590147003749172
343,DPA,1000,0.1,0.03,2.5,2.5,3222900288,,967,0,,20,17,0.0005252032446134463
344,DPA,1000,0.1,0.03,2.5,2.5,3222900288,,989,0,,25,202,0.0007878972289517978
345,DPA,1000,0.1,0.03,2.5,2.5,3222900288,,711,0,,8,10,0.00029701538975223816
346,DPA,1000,0.1,0.03,2.5,2.5,3222900288,,944,0,,28,14,0.0009231345563842592
347,DPA,1000,0.1,0.03,2.5,2.5,3222900288,,767,0,,0,45,0.0001500000000000002
348,DPA,1000,0.1,0.03,2.5,2.5,3222900288,,698,0,,25,14,0.0010584638874165434
349,DPA,1000,0.1,0.03,2.5,2.5,3222900288,,628,0,,40,18,0.0012539830837099547
350,DPA,1000,0.1,0.03,2.5,2.5,3222900288,,976,0,,16,67,0.0005335700889365913
351,DPA,1000,0.1,0.03,2.5,2.5,3222900288,,451,0,,12,31,0.00041456494642136686
352,DPA,1000,0.1,0.03,2.5,2.5,3222900288,,903,0,,2,16,0.0001792206664582756
353,DPA,1000,0.1,0.03,2.5,2.5,3222900288,,817,0,,4,10,0.00027970879750201363
354,DPA,1000,0.1,0.03,2.5,2.5,3222900288,,592,0,,20,49,0.0010847915503748161
355,DPA,1000,0.1,0.03,2.5,2.5,3222900288,,746,0,,51,10,0.0015163098322491723
356,DPA,1000,0.1,0.03,2.5,2.5,3222900288,,644,0,,26,28,0.0008221706318078201
357,DPA,1000,0.1,0.03,2.5,2.5,3222900288,,97,0,,20,37,0.0004759693270863371
358,DPA,1000,0.1,0.03,2.5,2.5,3222900288,,55,0,,70,49,0.002451040222002723
359,DPA,1000,0.1,0.03,2.5,2.5,3222900288,,435,0,,99,21,0.002758737923445881
360,DPA,1000,0.1,0.03,2.5,2.5,3222900288,,954,0,,16,102,0.00046381347103562005
361,DPA,1000,0.1,0.03,2.5,2.5,3222900288,,633,0,,2,296,0.00017885386495595178
362,DPA,1000,0.1,0.03,2.5,2.5,3222900288,,705,0,,8,33,0.000328549516094222
363,DPA,1000,0.1,0.03,2.5,2.5,3222900288,,682,0,,80,21,0.002515637972374535
364,DPA,1000,0.1,0.03,2.5,2.5,3222900288,,736,0,,138,11,0.0044083285193383505
365,DPA,1000,0.1,0.03,2.5,2.5,3222900288,,733,0,,41,18,0.0012046160153667248
366,DPA,1000,0.1,0.03,2.5,2.5,3222900288,,484,0,,98,13,0.0035261026416934247
367,DPA,1000,0.1,0.03,2.5,2.5,3222900288,,422,0,,12,20,0.0008287662781385328
368,DPA,1000,0.1,0.03,2.5,2.5,3222900288,,525,0,,43,103,0.0019282576051315886
369,DPA,1000,0.1,0.03,2.5,2.5,3222900288,,353,0,,72,32,0.002557684887014167
370,DPA,1000,0.1,0.03,2.5,2.5,3222900288,,786,0,,131,16,0.004215732675244091
371,DPA,1000,0.1,0.03,2.5,2.5,3222900288,,407,0,,76,45,0.0022034549857276715
372,DPA,1000,0.1,0.03,2.5,2.5,3222900288,,964,0,,14,13,0.0003886838845069641
373,DPA,1000,0.1,0.03,2.5,2.5,3222900288,,652,0,,22,17,0.0006269533213887632
374,DPA,1000,0.1,0.03,2.5,2.5,3222900288,,260,0,,41,27,0.0012695036586024124
375,DPA,1000,0.1,0.03,2.5,2.5,3222900288,,255,0,,7,36,0.00028975156859677176
376,DPA,1000,0.1,0.03,2.5,2.5,3222900288,,268,0,,44,34,0.001868381704046267
377,DPA,1000,0.1,0.03,2.5,2.5,3222900288,,723,0,,15,14,0.0006489362846517344
378,DPA,1000,0.1,0.03,2.5,2.5,3222900288,,978,0,,48,14,0.0011258828632819161
379,DPA,1000,0.1,0.03,2.5,2.5,3222900288,,29,0,,17,15,0.00047462954777776776
380,DPA,1000,0.1,0.03,2.5,2.5,3222900288,,875,0,,37,21,0.0012140673679868568
381,DPA,1000,0.1,0.03,2.5,2.5,3222900288,,328,0,,24,14,0.0005843216002241915
382,DPA,1000,0.1,0.03,2.5,2.5,3222900288,,735,0,,170,91,0.004891196578478544
383,DPA,1000,0.1,0.03,2.5,2.5,3222900288,,990,0,,2,24,0.00019315324765087057
384,DPA,1000,0.1,0.03,2.5,2.5,3222900288,,396,0,,17,15,0.0005703208198165346
385,DPA,1000,0.1,0.03,2.5,2.5,3222900288,,619,0,,0,25,0.0001500000000000002
386,DPA,1000,0.1,0.03,2.5,2.5,3222900288,,554,0,,19,23,0.0006502831842243406
387,DPA,1000,0.1,0.03,2.5,2.5,3222900288,,467,0,,76,18,0.0023566755619164963
388,DPA,1000,0.1,0.03,2.5,2.5,3222900288,,872,0,,9,95,0.00043025845089618577
389,DPA,1000,0.1,0.03,2.5,2.5,3222900288,,399,0,,32,16,0.0010514368027123243
390,DPA,1000,0.1,0.03,2.5,2.5,3222900288,,298,0,,3,20,0.00024058464064055762
391,DPA,1000,0.1,0.03,2.5,2.5,3222900288,,257,0,,30,36,0.0008770711162602284
392,DPA,1000,0.1,0.03,2.5,2.5,3222900288,,725,0,,64,20,0.0017685997341581343
393,DPA,1000,0.1,0.03,2.5,2.5,3222900288,,807,0,,118,27,0.003652921602230273
394,DPA,1000,0.1,0.03,2.5,2.5,3222900288,,14,0,,16,110,0.0009033790792152816
395,DPA,1000,0.1,0.03,2.5,2.5,3222900288,,699,0,,3,19,0.00027417737089479536
396,DPA,1000,0.1,0.03,2.5,2.5,3222900288,,653,0,,4,19,0.00020604957998925078
397,DPA,1000,0.1,0.03,2.5,2.5,3222900288,,427,0,,62,18,0.0022837621272528597
398,DPA,1000,0.1,0.03,2.5,2.5,3222900288,,493,0,,35,19,0.0012751056667712852
399,DPA,1000,0.1,0.03,2.5,2.5,3222900288,,135,0,,2,25,0.00018686832653889795
400,DPA,1000,0.1,0.03,2.5,2.5,3222900288,,74,0,,57,19,0.001644209820060264
401,DPA,1000,0.1,0.03,2.5,2.5,3222900288,,623,0,,41,40,0.0011811583941438244
402,DPA,1000,0.1,0.03,2.5,2.5,3222900288,,697,0,,27,16,0.000623512887463619
403,DPA,1000,0.1,0.03,2.5,2.5,3222900288,,394,0,,55,36,0.001266412558017712
404,DPA,1000,0.1,0.03,2.5,2.5,3222900288,,971,0,,24,19,0.0008696387240769982
405,DPA,1000,0.1,0.03,2.5,2.5,3222900288,,571,0,,14,253,0.00047022895208675053
406,DPA,1000,0.1,0.03,2.5,2.5,3222900288,,977,0,,7,24,0.00036329111417601973
407,DPA,1000,0.1,0.03,2.5,2.5,3222900288,,695,0,,7,234,0.0003502468876175438
408,DPA,1000,0.1,0.03,2.5,2.5,3222900288,,854,0,,10,38,0.0005921189080573232
409,DPA,1000,0.1,0.03,2.5,2.5,3222900288,,20,0,,2,19,0.00023764032502740937
410,DPA,1000,0.1,0.03,2.5,2.5,3222900288,,664,0,,6,17,0.0003008776667164612
411,DPA,1000,0.1,0.03,2.5,2.5,3222900288,,704,0,,27,30,0.0008666831426235452
412,DPA,1000,0.1,0.03,2.5,2.5,3222900288,,392,0,,37,15,0.0012043436130197724
413,DPA,1000,0.1,0.03,2.5,2.5,3222900288,,563,0,,31,14,0.0011190681200722212
414,DPA,1000,0.1,0.03,2.5,2.5,3222900288,,144,0,,43,13,0.0013218876255260135
415,DPA,1000,0.1,0.03,2.5,2.5,3222900288,,524,0,,10,58,0.0003495602102279494
416,DPA,1000,0.1,0.03,2.5,2.5,3222900288,,929,0,,50,17,0.0016509431405139115
417,DPA,1000,0.1,0.03,2.5,2.5,3222900288,,57,0,,4,26,0.00018964422071305427
418,DPA,1000,0.1,0.03,2.5,2.5,3222900288,,182,0,,2,18,0.00015937265516169106
419,DPA,1000,0.1,0.03,2.5,2.5,3222900288,,813,0,,43,25,0.0014178612671517726
420,DPA,1000,0.1,0.03,2.5,2.5,3222900288,,176,0,,30,20,0.000686805053897289
421,DPA,1000,0.1,0.03,2.5,2.5,3222900288,,985,0,,10,10,0.0003926895453697654
422,DPA,1000,0.1,0.03,2.5,2.5,3222900288,,530,0,,11,17,0.00047409046638635264
423,DPA,1000,0.1,0.03,2.5,2.5,3222900288,,639,0,,13,25,0.0003523816160542556
424,DPA,1000,0.1,0.03,2.5,2.5,3222900288,,603,0,,62,11,0.002015332155710984
425,DPA,1000,0.1,0.03,2.5,2.5,3222900288,,956,0,,28,21,0.0008068252806807062
426,DPA,1000,0.1,0.03,2.5,2.5,3222900288,,567,0,,20,41,0.0008573932230806446
427,DPA,1000,0.1,0.03,2.5,2.5,3222900288,,352,0,,1,12,0.0001730667527372835
428,DPA,1000,0.1,0.03,2.5,2.5,3222900288,,46,0,,18,15,0.0005730041989458479
429,DPA,1000,0.1,0.03,2.5,2.5,3222900288,,218,0,,3,16,0.0002513212219640062
430,DPA,1000,0.1,0.03,2.5,2.5,3222900288,,147,0,,20,200,0.00069128224342181
431,DPA,1000,0.1,0.03,2.5,2.5,3222900288,,565,0,,30,19,0.0010891545394561709
432,DPA,1000,0.1,0.03,2.5,2.5,3222900288,,130,0,,45,20,0.001508010265985402
433,DPA,1000,0.1,0.03,2.5,2.5,3222900288,,647,0,,5,15,0.0003573197846490567
434,DPA,1000,0.1,0.03,2.5,2.5,3222900288,,333,0,,3,15,0.00025757797067551294
435,DPA,1000,0.1,0.03,2.5,2.5,3222900288,,984,0,,99,34,0.0032854873509694047
436,DPA,1000,0.1,0.03,2.5,2.5,3222900288,,847,0,,34,42,0.0011564548596708145
437,DPA,1000,0.1,0.03,2.5,2.5,3222900288,,900,0,,3,35,0.00026931628864055305
438,DPA,1000,0.1,0.03,2.5,2.5,3222900288,,595,0,,5,13,0.00032083738996797716
439,DPA,1000,0.1,0.03,2.5,2.5,3222900288,,4,0,,30,134,0.0011220775659454038
440,DPA,1000,0.1,0.03,2.5,2.5,3222900288,,573,0,,10,32,0.0004397274644606413
441,DPA,1000,0.1,0.03,2.5,2.5,3222900288,,715,0,,0,17,0.0001500000000000002
442,DPA,1000,0.1,0.03,2.5,2.5,3222900288,,240,0,,15,36,0.0006691540872659371
443,DPA,1000,0.1,0.03,2.5,2.5,3222900288,,808,0,,8,18,0.0003307252854387719
444,DPA,1000,0.1,0.03,2.5,2.5,3222900288,,594,0,,54,48,0.0017757237679647683
445,DPA,1000,0.1,0.03,2.5,2.5,3222900288,,645,0,,32,17,0.0009542071622324218
446,DPA,1000,0.1,0.03,2.5,2.5,3222900288,,336,0,,71,14,0.0018465716091182298
447,DPA,1000,0.1,0.03,2.5,2.5,3222900288,,292,0,,4,16,0.00030996368015525266
448,DPA,1000,0.1,0.03,2.5,2.5,3222900288,,373,0,,14,50,0.0005708922523105653
449,DPA,1000,0.1,0.03,2.5,2.5,3222900288,,506,0,,24,12,0.0006426228862912517
450,DPA,1000,0.1,0.03,2.5,2.5,3222900288,,26,0,,66,44,0.0018287274784623522
451,DPA,1000,0.1,0.03,2.5,2.5,3222900288,,762,0,,2,34,0.00022782756413693264
452,DPA,1000,0.1,0.03,2.5,2.5,3222900288,,235,0,,21,61,0.0007440476262926296
453,DPA,1000,0.1,0.03,2.5,2.5,3222900288,,548,0,,24,11,0.0005971695186583857
454,DPA,1000,0.1,0.03,2.5,2.5,3222900288,,318,0,,18,42,0.000852849783338379
455,DPA,1000,0.1,0.03,2.5,2.5,3222900288,,149,0,,44,13,0.0017022116786698763
456,DPA,1000,0.1,0.03,2.5,2.5,3222900288,,838,0,,1,40,0.0001803988856969175
457,DPA,1000,0.1,0.03,2.5,2.5,3222900288,,404,0,,66,32,0.0019179426981741474
458,DPA,1000,0.1,0.03,2.5,2.5,3222900288,,670,0,,5,18,0.00033294211840988
459,DPA,1000,0.1,0.03,2.5,2.5,3222900288,,141,0,,72,31,0.001733851375405189
460,DPA,1000,0.1,0.03,2.5,2.5,3222900288,,572,0,,6,20,0.0003525682124604869
461,DPA,1000,0.1,0.03,2.5,2.5,3222900288,,846,0,,5,17,0.00026132990935583746
462,DPA,1000,0.1,0.03,2.5,2.5,3222900288,,11,0,,30,18,0.0008450280575869717
463,DPA,1000,0.1,0.03,2.5,2.5,3222900288,,640,0,,7,15,0.00026627584192262304
464,DPA,1000,0.1,0.03,2.5,2.5,3222900288,,770,0,,37,22,0.001569833570814653
465,DPA,1000,0.1,0.03,2.5,2.5,3222900288,,367,0,,36,21,0.0011834837198776513
466,DPA,1000,0.1,0.03,2.5,2.5,3222900288,,395,0,,54,32,0.001960834787608907
467,DPA,1000,0.1,0.03,2.5,2.5,3222900288,,143,0,,12,58,0.0005638812088499045
468,DPA,1000,0.1,0.03,2.5,2.5,3222900288,,557,0,,35,18,0.0009919302114668764
469,DPA,1000,0.1,0.03,2.5,2.5,3222900288,,788,0,,19,20,0.0007106085485545611
470,DPA,1000,0.1,0.03,2.5,2.5,3222900288,,607,0,,18,26,0.0005811443442779824
471,DPA,1000,0.1,0.03,2.5,2.5,3222900288,,955,0,,33,19,0.0012406089743924379
472,DPA,1000,0.1,0.03,2.5,2.5,3222900288,,326,0,,32,32,0.0012755909010810675
473,DPA,1000,0.1,0.03,2.5,2.5,3222900288,,483,0,,13,74,0.00040846064394780835
474,DPA,1000,0.1,0.03,2.5,2.5,3222900288,,327,0,,7,18,0.00044901920293746397
475,DPA,1000,0.1,0.03,2.5,2.5,3222900288,,359,0,,5,10,0.00020249196471414498
476,DPA,1000,0.1,0.03,2.5,2.5,3222900288,,5,0,,8,16,0.00032170393026511543
477,DPA,1000,0.1,0.03,2.5,2.5,3222900288,,535,0,,17,38,0.0006366803794033957
478,DPA,1000,0.1,0.03,2.5,2.5,3222900288,,81,0,,14,31,0.0006187166476511511
479,DPA,1000,0.1,0.03,2.5,2.5,3222900288,,30,0,,10,20,0.000459337541205528
480,DPA,1000,0.1,0.03,2.5,2.5,3222900288,,234,0,,130,12,0.004083555554059295
481,DPA,1000,0.1,0.03,2.5,2.5,3222900288,,454,0,,29,117,0.000982289444781354
482,DPA,1000,0.1,0.03,2.5,2.5,3222900288,,261,0,,19,19,0.0009389403729106096
483,DPA,1000,0.1,0.03,2.5,2.5,3222900288,,672,0,,11,22,0.00028183691221639887
484,DPA,1000,0.1,0.03,2.5,2.5,3222900288,,952,0,,1,34,0.00020008332218251777
485,DPA,1000,0.1,0.03,2.5,2.5,3222900288,,165,0,,16,14,0.0006123448754385059
486,DPA,1000,0.1,0.03,2.5,2.5,3222900288,,80,0,,54,60,0.001534320625678792
487,DPA,1000,0.1,0.03,2.5,2.5,3222900288,,885,0,,43,16,0.002042255238655703
488,DPA,1000,0.1,0.03,2.5,2.5,3222900288,,780,0,,2,16,0.00018159343159629632
489,DPA,1000,0.1,0.03,2.5,2.5,3222900288,,539,0,,27,18,0.0007135736872755676
490,DPA,1000,0.1,0.03,2.5,2.5,3222900288,,155,0,,75,20,0.0021046713702669714
491,DPA,1000,0.1,0.03,2.5,2.5,3222900288,,349,0,,6,32,0.0003256440330779521
492,DPA,1000,0.1,0.03,2.5,2.5,3222900288,,209,0,,4,15,0.000227508631449484
493,DPA,1000,0.1,0.03,2.5,2.5,3222900288,,753,0,,22,18,0.0007619645391675395
494,DPA,1000,0.1,0.03,2.5,2.5,3222900288,,648,0,,74,19,0.002190607290918396
495,DPA,1000,0.1,0.03,2.5,2.5,3222900288,,495,0,,16,27,0.0005934650582939937
496,DPA,1000,0.1,0.03,2.5,2.5,3222900288,,755,0,,6,17,0.00034995049387149315
497,DPA,1000,0.1,0.03,2.5,2.5,3222900288,,871,0,,19,39,0.0007109980553277852
498,DPA,1000,0.1,0.03,2.5,2.5,3222900288,,391,0,,1,20,0.00016297386983210138
499,DPA,1000,0.1,0.03,2.5,2.5,3222900288,,559,0,,23,18,0.0007093162335247197
500,DPA,1000,0.1,0.03,2.5,2.5,3222900288,,32,0,,13,37,0.0004936951194382126
501,DPA,1000,0.1,0.03,2.5,2.5,3222900288,,403,0,,10,18,0.000506404127712612
502,DPA,1000,0.1,0.03,2.5,2.5,3222900288,,585,0,,4,47,0.0002926140875036993
503,DPA,1000,0.1,0.03,2.5,2.5,3222900288,,463,0,,3,23,0.00022933624616352803
504,DPA,1000,0.1,0.03,2.5,2.5,3222900288,,837,0,,82,22,0.0031141919459215374
505,DPA,1000,0.1,0.03,2.5,2.5,3222900288,,547,0,,31,21,0.0009070863621106221
506,DPA,1000,0.1,0.03,2.5,2.5,3222900288,,411,0,,60,11,0.0016462110680326083
507,DPA,1000,0.1,0.03,2.5,2.5,3222900288,,593,0,,1,20,0.00015974131721457451
508,DPA,1000,0.1,0.03,2.5,2.5,3222900288,,873,0,,0,22,0.0001500000000000002
509,DPA,1000,0.1,0.03,2.5,2.5,3222900288,,389,0,,51,162,0.0013898402872810178
510,DPA,1000,0.1,0.03,2.5,2.5,3222900288,,78,0,,2,25,0.00019021703308007862
511,DPA,1000,0.1,0.03,2.5,2.5,3222900288,,906,0,,36,42,0.001103129725257236
512,DPA,1000,0.1,0.03,2.5,2.5,3222900288,,781,0,,29,31,0.0009395258280078895
513,DPA,1000,0.1,0.03,2.5,2.5,3222900288,,771,0,,65,20,0.0020733098036834724
514,DPA,1000,0.1,0.03,2.5,2.5,3222900288,,516,0,,31,20,0.0007213175955674176
515,DPA,1000,0.1,0.03,2.5,2.5,3222900288,,998,0,,17,16,0.0004969258634040101
516,DPA,1000,0.1,0.03,2.5,2.5,3222900288,,487,0,,19,11,0.0006364524144592159
517,DPA,1000,0.1,0.03,2.5,2.5,3222900288,,247,0,,19,23,0.0005874455926228859
518,DPA,1000,0.1,0.03,2.5,2.5,3222900288,,863,0,,16,15,0.0005691702166079556
519,DPA,1000,0.1,0.03,2.5,2.5,3222900288,,543,0,,30,23,0.0008914603478059748
520,DPA,1000,0.1,0.03,2.5,2.5,3222900288,,344,0,,34,24,0.0012293313865009952
521,DPA,1000,0.1,0.03,2.5,2.5,3222900288,,667,0,,88,19,0.002713323956907267
522,DPA,1000,0.1,0.03,2.5,2.5,3222900288,,222,0,,13,12,0.0004107950278640307
523,DPA,1000,0.1,0.03,2.5,2.5,3222900288,,791,0,,21,18,0.0004568245221703397
524,DPA,1000,0.1,0.03,2.5,2.5,3222900288,,542,0,,39,21,0.001014956458648811
525,DPA,1000,0.1,0.03,2.5,2.5,3222900288,,983,0,,0,24,0.0001500000000000002
526,DPA,1000,0.1,0.03,2.5,2.5,3222900288,,439,0,,5,19,0.00032238352738908974
527,DPA,1000,0.1,0.03,2.5,2.5,3222900288,,591,0,,27,21,0.0009642985481749154
528,DPA,1000,0.1,0.03,2.5,2.5,3222900288,,251,0,,0,21,0.0001500000000000002
529,DPA,1000,0.1,0.03,2.5,2.5,3222900288,,252,0,,130,19,0.0033341941958479246
530,DPA,1000,0.1,0.03,2.5,2.5,3222900288,,272,0,,4,9,0.00020004904649434258
531,DPA,1000,0.1,0.03,2.5,2.5,3222900288,,549,0,,24,18,0.0007225820273337963
532,DPA,1000,0.1,0.03,2.5,2.5,3222900288,,986,0,,32,19,0.0007385046782746815
533,DPA,1000,0.1,0.03,2.5,2.5,3222900288,,537,0,,2,41,0.00023102132715578226
534,DPA,1000,0.1,0.03,2.5,2.5,3222900288,,425,0,,1,32,0.00017093056430130788
535,DPA,1000,0.1,0.03,2.5,2.5,3222900288,,789,0,,36,37,0.0009660831824186818
536,DPA,1000,0.1,0.03,2.5,2.5,3222900288,,668,0,,21,23,0.0006012902056755709
537,DPA,1000,0.1,0.03,2.5,2.5,3222900288,,166,0,,0,20,0.0001500000000000002
538,DPA,1000,0.1,0.03,2.5,2.5,3222900288,,845,0,,33,33,0.0011710094857252187
539,DPA,1000,0.1,0.03,2.5,2.5,3222900288,,890,0,,51,12,0.0017917938981815119
540,DPA,1000,0.1,0.03,2.5,2.5,3222900288,,868,0,,19,11,0.0005747633943032648
541,DPA,1000,0.1,0.03,2.5,2.5,3222900288,,443,0,,8,18,0.0004837540574353176
542,DPA,1000,0.1,0.03,2.5,2.5,3222900288,,861,0,,115,32,0.00321583358289748
543,DPA,1000,0.1,0.03,2.5,2.5,3222900288,,128,0,,55,23,0.0015565066958395267
544,DPA,1000,0.1,0.03,2.5,2.5,3222900288,,398,0,,94,13,0.0030893906896528093
545,DPA,1000,0.1,0.03,2.5,2.5,3222900288,,258,0,,0,49,0.0001500000000000002
546,DPA,1000,0.1,0.03,2.5,2.5,3222900288,,494,0,,64,16,0.0013954714563008221
547,DPA,1000,0.1,0.03,2.5,2.5,3222900288,,498,0,,20,13,0.0008237380098892198
548,DPA,1000,0.1,0.03,2.5,2.5,3222900288,,713,0,,25,16,0.0008133922252903535
549,DPA,1000,0.1,0.03,2.5,2.5,3222900288,,575,0,,15,20,0.0006519508106832151
550,DPA,1000,0.1,0.03,2.5,2.5,3222900288,,76,0,,34,18,0.0009414537980102912
551,DPA,1000,0.1,0.03,2.5,2.5,3222900288,,507,0,,2,29,0.00019335826836243167
552,DPA,1000,0.1,0.03,2.5,2.5,3222900288,,566,0,,14,58,0.0004111297149703841
553,DPA,1000,0.1,0.03,2.5,2.5,3222900288,,482,0,,1,12,0.00016899611428812528
554,DPA,1000,0.1,0.03,2.5,2.5,3222900288,,79,0,,12,23,0.0005296667572786512
555,DPA,1000,0.1,0.03,2.5,2.5,3222900288,,558,0,,76,49,0.0018198338636140714
556,DPA,1000,0.1,0.03,2.5,2.5,3222900288,,121,0,,70,26,0.0020841570678604504
557,DPA,1000,0.1,0.03,2.5,2.5,3222900288,,201,0,,4,16,0.00029806383547848544
558,DPA,1000,0.1,0.03,2.5,2.5,3222900288,,508,0,,56,20,0.002188029738864097
559,DPA,1000,0.1,0.03,2.5,2.5,3222900288,,511,0,,22,20,0.0005825914981437161
560,DPA,1000,0.1,0.03,2.5,2.5,3222900288,,884,0,,37,37,0.0011872102180206148
561,DPA,1000,0.1,0.03,2.5,2.5,3222900288,,893,0,,10,19,0.00024444563553372486
562,DPA,1000,0.1,0.03,2.5,2.5,3222900288,,489,0,,60,13,0.002231277321978203
563,DPA,1000,0.1,0.03,2.5,2.5,3222900288,,470,0,,20,25,0.0005146019088063593
564,DPA,1000,0.1,0.03,2.5,2.5,3222900288,,43,0,,52,18,0.001331319579298644
565,DPA,1000,0.1,0.03,2.5,2.5,3222900288,,665,0,,9,16,0.00030689483368662136
566,DPA,1000,0.1,0.03,2.5,2.5,3222900288,,692,0,,73,18,0.002276264761984401
567,DPA,1000,0.1,0.03,2.5,2.5,3222900288,,153,0,,71,41,0.002200761502670292
568,DPA,1000,0.1,0.03,2.5,2.5,3222900288,,849,0,,12,15,0.0005901918684658256
569,DPA,1000,0.1,0.03,2.5,2.5,3222900288,,970,0,,15,16,0.0004963273472390116
570,DPA,1000,0.1,0.03,2.5,2.5,3222900288,,24,0,,23,14,0.0008893042053183576
571,DPA,1000,0.1,0.03,2.5,2.5,3222900288,,674,0,,90,33,0.003233558002146943
572,DPA,1000,0.1,0.03,2.5,2.5,3222900288,,66,0,,56,28,0.0018599628413480732
573,DPA,1000,0.1,0.03,2.5,2.5,3222900288,,741,0,,33,48,0.001072721748068877
574,DPA,1000,0.1,0.03,2.5,2.5,3222900288,,366,0,,11,49,0.0005194063606060957
575,DPA,1000,0.1,0.03,2.5,2.5,3222900288,,297,0,,36,17,0.0011750176665891864
576,DPA,1000,0.1,0.03,2.5,2.5,3222900288,,12,0,,26,17,0.0004754074486777862
577,DPA,1000,0.1,0.03,2.5,2.5,3222900288,,322,0,,42,25,0.001006562465001295
578,DPA,1000,0.1,0.03,2.5,2.5,3222900288,,819,0,,40,41,0.0013104414968912
579,DPA,1000,0.1,0.03,2.5,2.5,3222900288,,855,0,,32,14,0.000918843882216136
580,DPA,1000,0.1,0.03,2.5,2.5,3222900288,,82,0,,10,27,0.000463161373126993
581,DPA,1000,0.1,0.03,2.5,2.5,3222900288,,975,0,,31,21,0.0007935953917269405
582,DPA,1000,0.1,0.03,2.5,2.5,3222900288,,897,0,,4,17,0.00022619001589013323
583,DPA,1000,0.1,0.03,2.5,2.5,3222900288,,783,0,,3,19,0.00020975714233225875
584,DPA,1000,0.1,0.03,2.5,2.5,3222900288,,211,0,,53,15,0.0018008555901611002
585,DPA,1000,0.1,0.03,2.5,2.5,3222900288,,316,0,,44,20,0.0016505776592217183
586,DPA,1000,0.1,0.03,2.5,2.5,3222900288,,98,0,,32,29,0.0015753610427529999
587,DPA,1000,0.1,0.03,2.5,2.5,3222900288,,895,0,,81,17,0.002141659962509575
588,DPA,1000,0.1,0.03,2.5,2.5,3222900288,,505,0,,45,62,0.0014210462922997318
589,DPA,1000,0.1,0.03,2.5,2.5,3222900288,,397,0,,11,20,0.00042848743900571597
590,DPA,1000,0.1,0.03,2.5,2.5,3222900288,,53,0,,4,19,0.00026117885169272306
591,DPA,1000,0.1,0.03,2.5,2.5,3222900288,,751,0,,53,37,0.0014286057384394948
592,DPA,1000,0.1,0.03,2.5,2.5,3222900288,,522,0,,58,12,0.0018494519177867806
593,DPA,1000,0.1,0.03,2.5,2.5,3222900288,,650,0,,43,21,0.0014881265329292049
594,DPA,1000,0.1,0.03,2.5,2.5,3222900288,,677,0,,20,22,0.0008905030893957149
595,DPA,1000,0.1,0.03,2.5,2.5,3222900288,,142,0,,22,21,0.0007975678365812488
596,DPA,1000,0.1,0.03,2.5,2.5,3222900288,,384,0,,13,21,0.00031138714645881436
597,DPA,1000,0.1,0.03,2.5,2.5,3222900288,,915,0,,52,32,0.0016837332642606626
598,DPA,1000,0.1,0.03,2.5,2.5,3222900288,,177,0,,23,30,0.0009535988225857611
599,DPA,1000,0.1,0.03,2.5,2.5,3222900288,,481,0,,4,15,0.00029439696165080905
600,DPA,1000,0.1,0.03,2.5,2.5,3222900288,,828,0,,27,53,0.0008730351068141736
601,DPA,1000,0.1,0.03,2.5,2.5,3222900288,,241,0,,3,35,0.00020012755952672696
602,DPA,1000,0.1,0.03,2.5,2.5,3222900288,,869,0,,4,30,0.00025613083109204244
603,DPA,1000,0.1,0.03,2.5,2.5,3222900288,,307,0,,34,31,0.0009877691939912834
604,DPA,1000,0.1,0.03,2.5,2.5,3222900288,,824,0,,69,32,0.0020985277923579386
605,DPA,1000,0.1,0.03,2.5,2.5,3222900288,,461,0,,53,35,0.0016036081284529504
606,DPA,1000,0.1,0.03,2.5,2.5,3222900288,,598,0,,29,22,0.0008880167413690313
607,DPA,1000,0.1,0.03,2.5,2.5,3222900288,,448,0,,41,15,0.0011380927653655796
608,DPA,1000,0.1,0.03,2.5,2.5,3222900288,,120,0,,14,12,0.00040326773453372146
609,DPA,1000,0.1,0.03,2.5,2.5,3222900288,,502,0,,33,30,0.001463903310592722
610,DPA,1000,0.1,0.03,2.5,2.5,3222900288,,380,0,,31,46,0.0008012588502338338
611,DPA,1000,0.1,0.03,2.5,2.5,3222900288,,101,0,,27,31,0.0008708636870549769
612,DPA,1000,0.1,0.03,2.5,2.5,3222900288,,933,0,,15,16,0.0006922323327243847
613,DPA,1000,0.1,0.03,2.5,2.5,3222900288,,459,0,,47,15,0.0014795304428278939
614,DPA,1000,0.1,0.03,2.5,2.5,3222900288,,280,0,,21,25,0.0008383342799086503
615,DPA,1000,0.1,0.03,2.5,2.5,3222900288,,877,0,,35,13,0.0010610902081389544
616,DPA,1000,0.1,0.03,2.5,2.5,3222900288,,126,0,,36,12,0.0014808069753423241
617,DPA,1000,0.1,0.03,2.5,2.5,3222900288,,41,0,,6,39,0.00020922521049595417
618,DPA,1000,0.1,0.03,2.5,2.5,3222900288,,564,0,,34,14,0.0009074213207990468
619,DPA,1000,0.1,0.03,2.5,2.5,3222900288,,866,0,,4,48,0.00016696392961207567
620,DPA,1000,0.1,0.03,2.5,2.5,3222900288,,123,0,,44,31,0.0023030415825413004
621,DPA,1000,0.1,0.03,2.5,2.5,3222900288,,980,0,,33,15,0.0013032556735426057
622,DPA,1000,0.1,0.03,2.5,2.5,3222900288,,731,0,,33,53,0.000996701174296427
623,DPA,1000,0.1,0.03,2.5,2.5,3222900288,,50,0,,8,21,0.00027870373946617275
624,DPA,1000,0.1,0.03,2.5,2.5,3222900288,,124,0,,9,13,0.00032590479456396905
625,DPA,1000,0.1,0.03,2.5,2.5,3222900288,,72,0,,21,16,0.000929052737588756
626,DPA,1000,0.1,0.03,2.5,2.5,3222900288,,417,0,,29,34,0.0009226965505924773
627,DPA,1000,0.1,0.03,2.5,2.5,3222900288,,717,0,,59,12,0.0019905527491553207
628,DPA,1000,0.1,0.03,2.5,2.5,3222900288,,428,0,,19,71,0.0009095411648813774
629,DPA,1000,0.1,0.03,2.5,2.5,3222900288,,582,0,,8,14,0.00042170067052125907
630,DPA,1000,0.1,0.03,2.5,2.5,3222900288,,852,0,,111,24,0.003463861463092269
631,DPA,1000,0.1,0.03,2.5,2.5,3222900288,,888,0,,87,14,0.002276308351854078
632,DPA,1000,0.1,0.03,2.5,2.5,3222900288,,216,0,,1,22,0.00015461651868889272
633,DPA,1000,0.1,0.03,2.5,2.5,3222900288,,433,0,,10,22,0.0005933415150951946
634,DPA,1000,0.1,0.03,2.5,2.5,3222900288,,982,0,,87,63,0.0023654343969813246
635,DPA,1000,0.1,0.03,2.5,2.5,3222900288,,836,0,,99,29,0.0026647393056920122
636,DPA,1000,0.1,0.03,2.5,2.5,3222900288,,800,0,,49,11,0.0012974706820443594
637,DPA,1000,0.1,0.03,2.5,2.5,3222900288,,358,0,,65,23,0.0021714942077765017
638,DPA,1000,0.1,0.03,2.5,2.5,3222900288,,517,0,,41,20,0.001096153949215011
639,DPA,1000,0.1,0.03,2.5,2.5,3222900288,,138,0,,15,16,0.0006783031866641088
640,DPA,1000,0.1,0.03,2.5,2.5,3222900288,,212,0,,21,26,0.000631413183249256
641,DPA,1000,0.1,0.03,2.5,2.5,3222900288,,608,0,,67,34,0.002170504235286562
642,DPA,1000,0.1,0.03,2.5,2.5,3222900288,,242,0,,3,12,0.00020026318717420992
643,DPA,1000,0.1,0.03,2.5,2.5,3222900288,,3,0,,14,12,0.00047709460403893585
644,DPA,1000,0.1,0.03,2.5,2.5,3222900288,,609,0,,9,31,0.00044119448457677807
645,DPA,1000,0.1,0.03,2.5,2.5,3222900288,,694,0,,1,16,0.00016486126550127296
646,DPA,1000,0.1,0.03,2.5,2.5,3222900288,,152,0,,0,15,0.0001500000000000002
647,DPA,1000,0.1,0.03,2.5,2.5,3222900288,,87,0,,39,11,0.0011787122916591696
648,DPA,1000,0.1,0.03,2.5,2.5,3222900288,,709,0,,3,17,0.0001697789812765394
649,DPA,1000,0.1,0.03,2.5,2.5,3222900288,,274,0,,93,11,0.002896837370549215
650,DPA,1000,0.1,0.03,2.5,2.5,3222900288,,378,0,,45,17,0.0013843422553993534
651,DPA,1000,0.1,0.03,2.5,2.5,3222900288,,490,0,,16,73,0.0006813128204246282
652,DPA,1000,0.1,0.03,2.5,2.5,3222900288,,850,0,,2,42,0.00025009880200398913
653,DPA,1000,0.1,0.03,2.5,2.5,3222900288,,810,0,,4,66,0.00025436915418258565
654,DPA,1000,0.1,0.03,2.5,2.5,3222900288,,7,0,,24,21,0.0009802770326662823
655,DPA,1000,0.1,0.03,2.5,2.5,3222900288,,899,0,,26,29,0.0009595647890895254
656,DPA,1000,0.1,0.03,2.5,2.5,3222900288,,139,0,,29,71,0.001122644672852777
657,DPA,1000,0.1,0.03,2.5,2.5,3222900288,,388,0,,80,60,0.002591437710436516
658,DPA,1000,0.1,0.03,2.5,2.5,3222900288,,529,0,,45,34,0.0018931838957743567
659,DPA,1000,0.1,0.03,2.5,2.5,3222900288,,163,0,,20,57,0.0004486391318075516
660,DPA,1000,0.1,0.03,2.5,2.5,3222900288,,190,0,,10,17,0.0006769162277737181
661,DPA,1000,0.1,0.03,2.5,2.5,3222900288,,465,0,,18,36,0.0009388145570482883
662,DPA,1000,0.1,0.03,2.5,2.5,3222900288,,958,0,,12,14,0.0005073544710208285
663,DPA,1000,0.1,0.03,2.5,2.5,3222900288,,561,0,,20,16,0.0006971840016212805
664,DPA,1000,0.1,0.03,2.5,2.5,3222900288,,273,0,,92,17,0.0028854082256613367
665,DPA,1000,0.1,0.03,2.5,2.5,3222900288,,830,0,,2,68,0.00019913334983751862
666,DPA,1000,0.1,0.03,2.5,2.5,3222900288,,303,0,,15,30,0.00035903618885147956
667,DPA,1000,0.1,0.03,2.5,2.5,3222900288,,140,0,,39,38,0.00150807219258832
668,DPA,1000,0.1,0.03,2.5,2.5,3222900288,,456,0,,9,39,0.00027651677080578344
669,DPA,1000,0.1,0.03,2.5,2.5,3222900288,,110,0,,2,46,0.00022076783842453094
670,DPA,1000,0.1,0.03,2.5,2.5,3222900288,,259,0,,23,11,0.001337458548282508
671,DPA,1000,0.1,0.03,2.5,2.5,3222900288,,183,0,,1,15,0.00017355294454920233
672,DPA,1000,0.1,0.03,2.5,2.5,3222900288,,446,0,,1,44,0.0001562849215980616
673,DPA,1000,0.1,0.03,2.5,2.5,3222900288,,137,0,,2,40,0.00027027102488444795
674,DPA,1000,0.1,0.03,2.5,2.5,3222900288,,726,0,,26,85,0.001024710306110769
675,DPA,1000,0.1,0.03,2.5,2.5,3222900288,,905,0,,3,18,0.0001991397615317138
676,DPA,1000,0.1,0.03,2.5,2.5,3222900288,,108,0,,4,30,0.0002782064513696991
677,DPA,1000,0.1,0.03,2.5,2.5,3222900288,,499,0,,1,40,0.00015127226432405015
678,DPA,1000,0.1,0.03,2.5,2.5,3222900288,,918,0,,12,19,0.0003443440127421711
679,DPA,1000,0.1,0.03,2.5,2.5,3222900288,,923,0,,22,50,0.000656753397558447
680,DPA,1000,0.1,0.03,2.5,2.5,3222900288,,764,0,,2,7,0.00018863527749950112
681,DPA,1000,0.1,0.03,2.5,2.5,3222900288,,415,0,,10,39,0.0004809063338162105
682,DPA,1000,0.1,0.03,2.5,2.5,3222900288,,920,0,,22,26,0.0006770409282200533
683,DPA,1000,0.1,0.03,2.5,2.5,3222900288,,337,0,,5,81,0.0002103100000708369
684,DPA,1000,0.1,0.03,2.5,2.5,3222900288,,615,0,,12,80,0.0006596312716523546
685,DPA,1000,0.1,0.03,2.5,2.5,3222900288,,200,0,,0,20,0.0001500000000000002
686,DPA,1000,0.1,0.03,2.5,2.5,3222900288,,430,0,,25,17,0.0010140252999781454
687,DPA,1000,0.1,0.03,2.5,2.5,3222900288,,681,0,,30,15,0.0009550872580537909
688,DPA,1000,0.1,0.03,2.5,2.5,3222900288,,974,0,,62,38,0.0017313191202683596
689,DPA,1000,0.1,0.03,2.5,2.5,3222900288,,383,0,,11,21,0.0005269397520372765
690,DPA,1000,0.1,0.03,2.5,2.5,3222900288,,635,0,,39,20,0.0011288040951978437
691,DPA,1000,0.1,0.03,2.5,2.5,3222900288,,99,0,,2,22,0.00022678878187118372
692,DPA,1000,0.1,0.03,2.5,2.5,3222900288,,283,0,,18,15,0.0005211424049779393
693,DPA,1000,0.1,0.03,2.5,2.5,3222900288,,910,0,,32,48,0.0009392411466490895
694,DPA,1000,0.1,0.03,2.5,2.5,3222900288,,959,0,,20,25,0.0005420241589409072
695,DPA,1000,0.1,0.03,2.5,2.5,3222900288,,660,0,,0,19,0.0001500000000000002
696,DPA,1000,0.1,0.03,2.5,2.5,3222900288,,760,0,,1,83,0.00015331540912659301
697,DPA,1000,0.1,0.03,2.5,2.5,3222900288,,673,0,,0,15,0.0001500000000000002
698,DPA,1000,0.1,0.03,2.5,2.5,3222900288,,939,0,,15,19,0.00042809418191574046
699,DPA,1000,0.1,0.03,2.5,2.5,3222900288,,659,0,,28,80,0.0006628084844535793
700,DPA,1000,0.1,0.03,2.5,2.5,3222900288,,102,0,,64,22,0.001983389971373998
701,DPA,1000,0.1,0.03,2.5,2.5,3222900288,,271,0,,6,16,0.00047364105295714975
702,DPA,1000,0.1,0.03,2.5,2.5,3222900288,,806,0,,71,22,0.0026262533906091347
703,DPA,1000,0.1,0.03,2.5,2.5,3222900288,,104,0,,49,19,0.001696137171940778
704,DPA,1000,0.1,0.03,2.5,2.5,3222900288,,214,0,,5,16,0.0002656681946504417
705,DPA,1000,0.1,0.03,2.5,2.5,3222900288,,134,0,,16,16,0.00047955370778049087
706,DPA,1000,0.1,0.03,2.5,2.5,3222900288,,662,0,,11,22,0.00046171342251955736
707,DPA,1000,0.1,0.03,2.5,2.5,3222900288,,632,0,,22,84,0.0005964797466157126
708,DPA,1000,0.1,0.03,2.5,2.5,3222900288,,308,0,,17,17,0.0006629064818382812
709,DPA,1000,0.1,0.03,2.5,2.5,3222900288,,805,0,,30,16,0.0012268833355220826
710,DPA,1000,0.1,0.03,2.5,2.5,3222900288,,59,0,,71,29,0.002097112665182577
711,DPA,1000,0.1,0.03,2.5,2.5,3222900288,,685,0,,18,26,0.0007690790363434755
712,DPA,1000,0.1,0.03,2.5,2.5,3222900288,,238,0,,89,17,0.002634641320553034
713,DPA,1000,0.1,0.03,2.5,2.5,3222900288,,173,0,,95,96,0.002911445877267156
714,DPA,1000,0.1,0.03,2.5,2.5,3222900288,,860,0,,11,18,0.0003033467620975822
715,DPA,1000,0.1,0.03,2.5,2.5,3222900288,,620,0,,1,36,0.00016410512673436985
716,DPA,1000,0.1,0.03,2.5,2.5,3222900288,,804,0,,33,15,0.0013607730010893899
717,DPA,1000,0.1,0.03,2.5,2.5,3222900288,,842,0,,43,6,0.0013850389636418407
718,DPA,1000,0.1,0.03,2.5,2.5,3222900288,,631,0,,19,55,0.0006799097568694776
719,DPA,1000,0.1,0.03,2.5,2.5,3222900288,,342,0,,37,18,0.0009326586425545232
720,DPA,1000,0.1,0.03,2.5,2.5,3222900288,,533,0,,2,7,0.00015703943394648604
721,DPA,1000,0.1,0.03,2.5,2.5,3222900288,,541,0,,3,35,0.0002449754998504197
722,DPA,1000,0.1,0.03,2.5,2.5,3222900288,,848,0,,25,111,0.0008175419578330262
723,DPA,1000,0.1,0.03,2.5,2.5,3222900288,,634,0,,1,39,0.0001641410797093189
724,DPA,1000,0.1,0.03,2.5,2.5,3222900288,,299,0,,23,55,0.0007732055154857753
725,DPA,1000,0.1,0.03,2.5,2.5,3222900288,,103,0,,1,27,0.00015077897748136065
726,DPA,1000,0.1,0.03,2.5,2.5,3222900288,,361,0,,14,14,0.000674150401697344
727,DPA,1000,0.1,0.03,2.5,2.5,3222900288,,300,0,,25,22,0.0008266779060298123
728,DPA,1000,0.1,0.03,2.5,2.5,3222900288,,236,0,,33,38,0.0009686010200112427
729,DPA,1000,0.1,0.03,2.5,2.5,3222900288,,718,0,,9,39,0.0002912536923185177
730,DPA,1000,0.1,0.03,2.5,2.5,3222900288,,822,0,,24,42,0.0007890571514699305
731,DPA,1000,0.1,0.03,2.5,2.5,3222900288,,798,0,,16,39,0.0008913569776745371
732,DPA,1000,0.1,0.03,2.5,2.5,3222900288,,117,0,,28,65,0.0007494746095053995
733,DPA,1000,0.1,0.03,2.5,2.5,3222900288,,226,0,,1,20,0.00018522256704143816
734,DPA,1000,0.1,0.03,2.5,2.5,3222900288,,132,0,,40,28,0.0010906534755851258
735,DPA,1000,0.1,0.03,2.5,2.5,3222900288,,580,0,,48,17,0.001993397993665482
736,DPA,1000,0.1,0.03,2.5,2.5,3222900288,,447,0,,28,29,0.0014945626494673751
737,DPA,1000,0.1,0.03,2.5,2.5,3222900288,,178,0,,12,19,0.0004480607063853162
738,DPA,1000,0.1,0.03,2.5,2.5,3222900288,,621,0,,11,57,0.0004088078769030046
739,DPA,1000,0.1,0.03,2.5,2.5,3222900288,,56,0,,0,12,0.0001500000000000002
740,DPA,1000,0.1,0.03,2.5,2.5,3222900288,,719,0,,46,38,0.00170350310455144
741,DPA,1000,0.1,0.03,2.5,2.5,3222900288,,393,0,,36,36,0.0011494277323657119
742,DPA,1000,0.1,0.03,2.5,2.5,3222900288,,239,0,,67,29,0.0017149303347150503
743,DPA,1000,0.1,0.03,2.5,2.5,3222900288,,596,0,,22,18,0.0009836051446295505
744,DPA,1000,0.1,0.03,2.5,2.5,3222900288,,45,0,,127,20,0.003494032320247679
745,DPA,1000,0.1,0.03,2.5,2.5,3222900288,,818,0,,42,23,0.0013662031900227392
746,DPA,1000,0.1,0.03,2.5,2.5,3222900288,,324,0,,1,20,0.0001902145922578395
747,DPA,1000,0.1,0.03,2.5,2.5,3222900288,,73,0,,84,18,0.002489798376238358
748,DPA,1000,0.1,0.03,2.5,2.5,3222900288,,436,0,,34,34,0.0009474956435746876
749,DPA,1000,0.1,0.03,2.5,2.5,3222900288,,604,0,,20,7,0.0005960334509204031
750,DPA,1000,0.1,0.03,2.5,2.5,3222900288,,210,0,,9,37,0.00033868590838380755
751,DPA,1000,0.1,0.03,2.5,2.5,3222900288,,886,0,,39,25,0.001114400169550112
752,DPA,1000,0.1,0.03,2.5,2.5,3222900288,,988,0,,31,19,0.0009398189305687088
753,DPA,1000,0.1,0.03,2.5,2.5,3222900288,,520,0,,31,18,0.0011189552493106468
754,DPA,1000,0.1,0.03,2.5,2.5,3222900288,,617,0,,14,18,0.0003103209181192333
755,DPA,1000,0.1,0.03,2.5,2.5,3222900288,,588,0,,41,51,0.001353620187352807
756,DPA,1000,0.1,0.03,2.5,2.5,3222900288,,244,0,,23,27,0.0005976526925064847
757,DPA,1000,0.1,0.03,2.5,2.5,3222900288,,748,0,,53,22,0.0018450025935356795
758,DPA,1000,0.1,0.03,2.5,2.5,3222900288,,345,0,,9,20,0.0004087840956350276
759,DPA,1000,0.1,0.03,2.5,2.5,3222900288,,778,0,,27,21,0.001026128411087949
760,DPA,1000,0.1,0.03,2.5,2.5,3222900288,,590,0,,7,16,0.00023710829764491586
761,DPA,1000,0.1,0.03,2.5,2.5,3222900288,,288,0,,47,56,0.0013461276231671784
762,DPA,1000,0.1,0.03,2.5,2.5,3222900288,,581,0,,58,16,0.0012562561030034117
763,DPA,1000,0.1,0.03,2.5,2.5,3222900288,,402,0,,91,17,0.002632542542152927
764,DPA,1000,0.1,0.03,2.5,2.5,3222900288,,536,0,,102,42,0.0028906383738277115
765,DPA,1000,0.1,0.03,2.5,2.5,3222900288,,357,0,,12,28,0.0004981300019547361
766,DPA,1000,0.1,0.03,2.5,2.5,3222900288,,70,0,,6,25,0.00021090106289913308
767,DPA,1000,0.1,0.03,2.5,2.5,3222900288,,894,0,,0,12,0.0001500000000000002
768,DPA,1000,0.1,0.03,2.5,2.5,3222900288,,464,0,,45,20,0.001530150274644669
769,DPA,1000,0.1,0.03,2.5,2.5,3222900288,,408,0,,98,13,0.00308723459333592
770,DPA,1000,0.1,0.03,2.5,2.5,3222900288,,916,0,,9,19,0.00032172122451797747
771,DPA,1000,0.1,0.03,2.5,2.5,3222900288,,907,0,,10,23,0.0004194478483690197
772,DPA,1000,0.1,0.03,2.5,2.5,3222900288,,969,0,,42,11,0.001625989657367055
773,DPA,1000,0.1,0.03,2.5,2.5,3222900288,,168,0,,4,22,0.0001766063539670908
774,DPA,1000,0.1,0.03,2.5,2.5,3222900288,,473,0,,63,54,0.0015997961242221284
775,DPA,1000,0.1,0.03,2.5,2.5,3222900288,,993,0,,13,29,0.000523492608638587
776,DPA,1000,0.1,0.03,2.5,2.5,3222900288,,568,0,,35,20,0.0012734890147045347
777,DPA,1000,0.1,0.03,2.5,2.5,3222900288,,744,0,,27,19,0.0009208918832688884
778,DPA,1000,0.1,0.03,2.5,2.5,3222900288,,785,0,,16,16,0.0007572822613292726
779,DPA,1000,0.1,0.03,2.5,2.5,3222900288,,49,0,,45,38,0.0014270121792872754
780,DPA,1000,0.1,0.03,2.5,2.5,3222900288,,966,0,,22,20,0.00063754128219697
781,DPA,1000,0.1,0.03,2.5,2.5,3222900288,,892,0,,26,30,0.0007882205820157117
782,DPA,1000,0.1,0.03,2.5,2.5,3222900288,,424,0,,5,12,0.0003849924883911839
783,DPA,1000,0.1,0.03,2.5,2.5,3222900288,,981,0,,48,16,0.0014234087372468095
784,DPA,1000,0.1,0.03,2.5,2.5,3222900288,,293,0,,22,62,0.0007105431428610921
785,DPA,1000,0.1,0.03,2.5,2.5,3222900288,,766,0,,16,32,0.0006139200431927971
786,DPA,1000,0.1,0.03,2.5,2.5,3222900288,,420,0,,12,33,0.0003445772124564638
787,DPA,1000,0.1,0.03,2.5,2.5,3222900288,,835,0,,23,20,0.0008331892013370331
788,DPA,1000,0.1,0.03,2.5,2.5,3222900288,,684,0,,7,19,0.00037918867363891405
789,DPA,1000,0.1,0.03,2.5,2.5,3222900288,,492,0,,54,60,0.001972828376326785
790,DPA,1000,0.1,0.03,2.5,2.5,3222900288,,42,0,,11,14,0.00040197161264102465
791,DPA,1000,0.1,0.03,2.5,2.5,3222900288,,295,0,,79,36,0.002497724324452649
792,DPA,1000,0.1,0.03,2.5,2.5,3222900288,,687,0,,34,18,0.0010351857896169988
793,DPA,1000,0.1,0.03,2.5,2.5,3222900288,,553,0,,42,20,0.001392627044407729
794,DPA,1000,0.1,0.03,2.5,2.5,3222900288,,862,0,,1,32,0.00019417893767206048
795,DPA,1000,0.1,0.03,2.5,2.5,3222900288,,100,0,,2,128,0.00026223092399827266
796,DPA,1000,0.1,0.03,2.5,2.5,3222900288,,284,0,,91,57,0.0024785304387861615
797,DPA,1000,0.1,0.03,2.5,2.5,3222900288,,934,0,,11,115,0.0004605243106833366
798,DPA,1000,0.1,0.03,2.5,2.5,3222900288,,330,0,,4,19,0.00024004669204837664
799,DPA,1000,0.1,0.03,2.5,2.5,3222900288,,578,0,,0,159,0.0001500000000000002
800,DPA,1000,0.1,0.03,2.5,2.5,3222900288,,17,0,,5,9,0.00020190605295002578
801,DPA,1000,0.1,0.03,2.5,2.5,3222900288,,901,0,,3,16,0.00019454123861309844
802,DPA,1000,0.1,0.03,2.5,2.5,3222900288,,833,0,,77,17,0.0025895291823828178
803,DPA,1000,0.1,0.03,2.5,2.5,3222900288,,864,0,,8,181,0.0004810629946191529
804,DPA,1000,0.1,0.03,2.5,2.5,3222900288,,787,0,,51,21,0.0018233301585912729
805,DPA,1000,0.1,0.03,2.5,2.5,3222900288,,312,0,,44,35,0.0012362549362789175
806,DPA,1000,0.1,0.03,2.5,2.5,3222900288,,54,0,,15,22,0.0004126395121123672
807,DPA,1000,0.1,0.03,2.5,2.5,3222900288,,285,0,,30,14,0.0009819687980917135
808,DPA,1000,0.1,0.03,2.5,2.5,3222900288,,313,0,,58,22,0.0016988312009375217
809,DPA,1000,0.1,0.03,2.5,2.5,3222900288,,661,0,,35,9,0.0017926469755242154
810,DPA,1000,0.1,0.03,2.5,2.5,3222900288,,445,0,,59,20,0.0014858211117748164
811,DPA,1000,0.1,0.03,2.5,2.5,3222900288,,600,0,,155,17,0.005007587978375015
812,DPA,1000,0.1,0.03,2.5,2.5,3222900288,,21,0,,18,11,0.0006605195370593071
813,DPA,1000,0.1,0.03,2.5,2.5,3222900288,,94,0,,15,17,0.0003975793150094656
814,DPA,1000,0.1,0.03,2.5,2.5,3222900288,,119,0,,78,19,0.0024613676191060064
815,DPA,1000,0.1,0.03,2.5,2.5,3222900288,,946,0,,40,17,0.0013759963683365403
816,DPA,1000,0.1,0.03,2.5,2.5,3222900288,,637,0,,6,26,0.0003201607707839501
817,DPA,1000,0.1,0.03,2.5,2.5,3222900288,,931,0,,29,20,0.0008114360070832746
818,DPA,1000,0.1,0.03,2.5,2.5,3222900288,,355,0,,38,19,0.0013447196845107808
819,DPA,1000,0.1,0.03,2.5,2.5,3222900288,,154,0,,5,21,0.00021158409752001896
820,DPA,1000,0.1,0.03,2.5,2.5,3222900288,,949,0,,19,56,0.0008068197565342898
821,DPA,1000,0.1,0.03,2.5,2.5,3222900288,,758,0,,15,32,0.0003118854076555112
822,DPA,1000,0.1,0.03,2.5,2.5,3222900288,,339,0,,74,36,0.0018755113250455407
823,DPA,1000,0.1,0.03,2.5,2.5,3222900288,,347,0,,11,9,0.00029368986091514497
824,DPA,1000,0.1,0.03,2.5,2.5,3222900288,,761,0,,3,16,0.00018504827589812986
825,DPA,1000,0.1,0.03,2.5,2.5,3222900288,,202,0,,32,34,0.0007746023603533686
826,DPA,1000,0.1,0.03,2.5,2.5,3222900288,,924,0,,0,22,0.0001500000000000002
827,DPA,1000,0.1,0.03,2.5,2.5,3222900288,,960,0,,65,59,0.002105510561907065
828,DPA,1000,0.1,0.03,2.5,2.5,3222900288,,844,0,,36,25,0.0016714944278153876
829,DPA,1000,0.1,0.03,2.5,2.5,3222900288,,702,0,,62,16,0.0019647165291007073
830,DPA,1000,0.1,0.03,2.5,2.5,3222900288,,160,0,,2,19,0.00022959216079245417
831,DPA,1000,0.1,0.03,2.5,2.5,3222900288,,651,0,,61,21,0.0015044925257143408
832,DPA,1000,0.1,0.03,2.5,2.5,3222900288,,700,0,,49,21,0.0013271309753049795
833,DPA,1000,0.1,0.03,2.5,2.5,3222900288,,500,0,,42,31,0.0011810041617829645
834,DPA,1000,0.1,0.03,2.5,2.5,3222900288,,381,0,,21,21,0.0006860783253267729
835,DPA,1000,0.1,0.03,2.5,2.5,3222900288,,159,0,,3,26,0.000359317392263536
836,DPA,1000,0.1,0.03,2.5,2.5,3222900288,,289,0,,22,37,0.001073342431911079
837,DPA,1000,0.1,0.03,2.5,2.5,3222900288,,379,0,,35,36,0.0010399814924764452
838,DPA,1000,0.1,0.03,2.5,2.5,3222900288,,112,0,,18,21,0.0009905974703587912
839,DPA,1000,0.1,0.03,2.5,2.5,3222900288,,376,0,,33,14,0.0009243038023286229
840,DPA,1000,0.1,0.03,2.5,2.5,3222900288,,510,0,,19,18,0.00053744451429205
841,DPA,1000,0.1,0.03,2.5,2.5,3222900288,,878,0,,1,146,0.0002122209159253231
842,DPA,1000,0.1,0.03,2.5,2.5,3222900288,,679,0,,22,20,0.0008282374364178355
843,DPA,1000,0.1,0.03,2.5,2.5,3222900288,,730,0,,8,19,0.0003578039541451897
844,DPA,1000,0.1,0.03,2.5,2.5,3222900288,,792,0,,9,72,0.000223912275809253
845,DPA,1000,0.1,0.03,2.5,2.5,3222900288,,65,0,,11,24,0.0005106860625003349
846,DPA,1000,0.1,0.03,2.5,2.5,3222900288,,452,0,,17,130,0.0007060557944032919
847,DPA,1000,0.1,0.03,2.5,2.5,3222900288,,776,0,,162,64,0.004904969649921572
848,DPA,1000,0.1,0.03,2.5,2.5,3222900288,,925,0,,4,29,0.00025040147779996315
849,DPA,1000,0.1,0.03,2.5,2.5,3222900288,,618,0,,54,11,0.0016018763277977346
850,DPA,1000,0.1,0.03,2.5,2.5,3222900288,,194,0,,14,17,0.000493924372932557
851,DPA,1000,0.1,0.03,2.5,2.5,3222900288,,474,0,,122,22,0.0036444860887308046
852,DPA,1000,0.1,0.03,2.5,2.5,3222900288,,902,0,,4,31,0.00029822227313326406
853,DPA,1000,0.1,0.03,2.5,2.5,3222900288,,39,0,,118,16,0.003549302958429093
854,DPA,1000,0.1,0.03,2.5,2.5,3222900288,,192,0,,10,21,0.000290094764927544
855,DPA,1000,0.1,0.03,2.5,2.5,3222900288,,302,0,,42,24,0.0013499844858632722
856,DPA,1000,0.1,0.03,2.5,2.5,3222900288,,471,0,,36,14,0.0010205438401391525
857,DPA,1000,0.1,0.03,2.5,2.5,3222900288,,458,0,,11,25,0.0004370960412038242
858,DPA,1000,0.1,0.03,2.5,2.5,3222900288,,19,0,,98,44,0.003417299640235037
859,DPA,1000,0.1,0.03,2.5,2.5,3222900288,,503,0,,12,54,0.00044703668281453304
860,DPA,1000,0.1,0.03,2.5,2.5,3222900288,,797,0,,49,35,0.001642939903489423
861,DPA,1000,0.1,0.03,2.5,2.5,3222900288,,825,0,,4,22,0.0002448698891152905
862,DPA,1000,0.1,0.03,2.5,2.5,3222900288,,683,0,,3,20,0.0001849718290200275
863,DPA,1000,0.1,0.03,2.5,2.5,3222900288,,794,0,,23,20,0.0011231879034480576
864,DPA,1000,0.1,0.03,2.5,2.5,3222900288,,253,0,,3,37,0.00025727031000209803
865,DPA,1000,0.1,0.03,2.5,2.5,3222900288,,898,0,,37,12,0.0011062993222425588
866,DPA,1000,0.1,0.03,2.5,2.5,3222900288,,462,0,,2,22,0.00021924944726197106
867,DPA,1000,0.1,0.03,2.5,2.5,3222900288,,666,0,,35,13,0.0012203925179694404
868,DPA,1000,0.1,0.03,2.5,2.5,3222900288,,513,0,,81,35,0.0028289246295352378
869,DPA,1000,0.1,0.03,2.5,2.5,3222900288,,614,0,,6,14,0.00021168566743082746
870,DPA,1000,0.1,0.03,2.5,2.5,3222900288,,189,0,,5,20,0.00031360408793815485
871,DPA,1000,0.1,0.03,2.5,2.5,3222900288,,874,0,,14,15,0.0004240081462654052
872,DPA,1000,0.1,0.03,2.5,2.5,3222900288,,992,0,,16,15,0.0008000256867710683
873,DPA,1000,0.1,0.03,2.5,2.5,3222900288,,834,0,,2,19,0.00019702006120882092
874,DPA,1000,0.1,0.03,2.5,2.5,3222900288,,421,0,,79,82,0.0025985914344752573
875,DPA,1000,0.1,0.03,2.5,2.5,3222900288,,867,0,,9,33,0.0005096152337620982
876,DPA,1000,0.1,0.03,2.5,2.5,3222900288,,118,0,,17,19,0.00041289405079849564
877,DPA,1000,0.1,0.03,2.5,2.5,3222900288,,406,0,,22,15,0.00076267790404702
878,DPA,1000,0.1,0.03,2.5,2.5,3222900288,,937,0,,39,40,0.0008758445275336807
879,DPA,1000,0.1,0.03,2.5,2.5,3222900288,,354,0,,49,40,0.0014149530789348927
880,DPA,1000,0.1,0.03,2.5,2.5,3222900288,,351,0,,7,16,0.0002677873521634265
881,DPA,1000,0.1,0.03,2.5,2.5,3222900288,,577,0,,98,17,0.0028848721591286713
882,DPA,1000,0.1,0.03,2.5,2.5,3222900288,,943,0,,12,42,0.0008168630753530127
883,DPA,1000,0.1,0.03,2.5,2.5,3222900288,,116,0,,55,39,0.0015405328216733024
884,DPA,1000,0.1,0.03,2.5,2.5,3222900288,,175,0,,17,65,0.0004999973274913706
885,DPA,1000,0.1,0.03,2.5,2.5,3222900288,,360,0,,2,30,0.00021845953730193393
886,DPA,1000,0.1,0.03,2.5,2.5,3222900288,,545,0,,31,58,0.001279000002781444
887,DPA,1000,0.1,0.03,2.5,2.5,3222900288,,979,0,,112,10,0.003759486647884124
888,DPA,1000,0.1,0.03,2.5,2.5,3222900288,,821,0,,30,42,0.0008756449054905399
889,DPA,1000,0.1,0.03,2.5,2.5,3222900288,,217,0,,70,19,0.0020571577154139707
890,DPA,1000,0.1,0.03,2.5,2.5,3222900288,,876,0,,62,39,0.0022099016086492276
891,DPA,1000,0.1,0.03,2.5,2.5,3222900288,,957,0,,31,18,0.0010438892808244094
892,DPA,1000,0.1,0.03,2.5,2.5,3222900288,,601,0,,12,32,0.0005708792037973222
893,DPA,1000,0.1,0.03,2.5,2.5,3222900288,,772,0,,22,53,0.0008682689021643792
894,DPA,1000,0.1,0.03,2.5,2.5,3222900288,,196,0,,11,24,0.0005765083245226498
895,DPA,1000,0.1,0.03,2.5,2.5,3222900288,,356,0,,57,32,0.0017538297411207496
896,DPA,1000,0.1,0.03,2.5,2.5,3222900288,,254,0,,67,73,0.0021732662231484226
897,DPA,1000,0.1,0.03,2.5,2.5,3222900288,,656,0,,6,13,0.0003882950232860813
898,DPA,1000,0.1,0.03,2.5,2.5,3222900288,,315,0,,30,20,0.0013356650961193206
899,DPA,1000,0.1,0.03,2.5,2.5,3222900288,,552,0,,53,18,0.0012169809199883504
900,DPA,1000,0.1,0.03,2.5,2.5,3222900288,,18,1,,14,36,0.00042794190574305905
901,DPA,1000,0.1,0.03,2.5,2.5,3222900288,,232,1,,5,23,0.0003551764558488483
902,DPA,1000,0.1,0.03,2.5,2.5,3222900288,,646,1,,6,30,0.00023242497357020935
903,DPA,1000,0.1,0.03,2.5,2.5,3222900288,,269,1,,24,22,0.0006129582753910971
904,DPA,1000,0.1,0.03,2.5,2.5,3222900288,,331,1,,26,16,0.0008218502030662403
905,DPA,1000,0.1,0.03,2.5,2.5,3222900288,,270,1,,36,29,0.0010797440977643462
906,DPA,1000,0.1,0.03,2.5,2.5,3222900288,,184,1,,6,16,0.00030223315971786155
907,DPA,1000,0.1,0.03,2.5,2.5,3222900288,,432,1,,44,20,0.0012579405517135903
908,DPA,1000,0.1,0.03,2.5,2.5,3222900288,,708,1,,8,16,0.0005318768696592199
909,DPA,1000,0.1,0.03,2.5,2.5,3222900288,,829,1,,24,35,0.001102888887478258
910,DPA,1000,0.1,0.03,2.5,2.5,3222900288,,40,1,,31,30,0.000941836488437779
911,DPA,1000,0.1,0.03,2.5,2.5,3222900288,,947,1,,35,16,0.001106206322428927
912,DPA,1000,0.1,0.03,2.5,2.5,3222900288,,811,1,,34,29,0.0008909800559582322
913,DPA,1000,0.1,0.03,2.5,2.5,3222900288,,363,1,,26,229,0.0006739389077435834
914,DPA,1000,0.1,0.03,2.5,2.5,3222900288,,831,1,,82,29,0.0021228312557283135
915,DPA,1000,0.1,0.03,2.5,2.5,3222900288,,114,1,,3,16,0.00017368739335350177
916,DPA,1000,0.1,0.03,2.5,2.5,3222900288,,167,1,,53,14,0.001683847107100246
917,DPA,1000,0.1,0.03,2.5,2.5,3222900288,,207,1,,84,64,0.0021481015489272955
918,DPA,1000,0.1,0.03,2.5,2.5,3222900288,,377,1,,0,42,0.0001500000000000002
919,DPA,1000,0.1,0.03,2.5,2.5,3222900288,,412,1,,27,16,0.0014039390388866215
920,DPA,1000,0.1,0.03,2.5,2.5,3222900288,,136,1,,93,13,0.0029716695566741717
921,DPA,1000,0.1,0.03,2.5,2.5,3222900288,,161,1,,53,18,0.002132818761118228
922,DPA,1000,0.1,0.03,2.5,2.5,3222900288,,721,1,,41,46,0.0009481315887958745
923,DPA,1000,0.1,0.03,2.5,2.5,3222900288,,206,1,,58,21,0.001674565146922115
924,DPA,1000,0.1,0.03,2.5,2.5,3222900288,,28,1,,8,31,0.0002632497902420164
925,DPA,1000,0.1,0.03,2.5,2.5,3222900288,,278,1,,5,13,0.00019670431103093733
926,DPA,1000,0.1,0.03,2.5,2.5,3222900288,,282,1,,75,46,0.002191486129974749
927,DPA,1000,0.1,0.03,2.5,2.5,3222900288,,749,1,,14,18,0.00036797208486239136
928,DPA,1000,0.1,0.03,2.5,2.5,3222900288,,870,1,,8,27,0.00031447065204743294
929,DPA,1000,0.1,0.03,2.5,2.5,3222900288,,532,1,,12,16,0.00029666557239955125
930,DPA,1000,0.1,0.03,2.5,2.5,3222900288,,440,1,,84,18,0.0025873963329692195
931,DPA,1000,0.1,0.03,2.5,2.5,3222900288,,913,1,,5,21,0.00031369286799175087
932,DPA,1000,0.1,0.03,2.5,2.5,3222900288,,769,1,,72,17,0.0018157146728074677
933,DPA,1000,0.1,0.03,2.5,2.5,3222900288,,67,1,,0,21,0.0001500000000000002
934,DPA,1000,0.1,0.03,2.5,2.5,3222900288,,323,1,,37,13,0.0011383560337744696
935,DPA,1000,0.1,0.03,2.5,2.5,3222900288,,747,1,,38,76,0.0010722711775072024
936,DPA,1000,0.1,0.03,2.5,2.5,3222900288,,630,1,,34,31,0.0011727252978994606
937,DPA,1000,0.1,0.03,2.5,2.5,3222900288,,569,1,,115,17,0.004127347935738249
938,DPA,1000,0.1,0.03,2.5,2.5,3222900288,,198,1,,4,21,0.0002328521366072428
939,DPA,1000,0.1,0.03,2.5,2.5,3222900288,,613,1,,23,29,0.0007736381260812195
940,DPA,1000,0.1,0.03,2.5,2.5,3222900288,,759,1,,15,41,0.0004904953158794945
941,DPA,1000,0.1,0.03,2.5,2.5,3222900288,,706,1,,11,13,0.0004689699340930118
942,DPA,1000,0.1,0.03,2.5,2.5,3222900288,,332,1,,57,15,0.0019301809534326218
943,DPA,1000,0.1,0.03,2.5,2.5,3222900288,,649,1,,12,38,0.00065310081868248
944,DPA,1000,0.1,0.03,2.5,2.5,3222900288,,23,1,,2,18,0.00019202773801270715
945,DPA,1000,0.1,0.03,2.5,2.5,3222900288,,204,1,,23,19,0.0009048592442530057
946,DPA,1000,0.1,0.03,2.5,2.5,3222900288,,496,1,,51,57,0.001620338366350319
947,DPA,1000,0.1,0.03,2.5,2.5,3222900288,,69,1,,29,14,0.0008223732304481462
948,DPA,1000,0.1,0.03,2.5,2.5,3222900288,,220,1,,51,16,0.0014099776694220072
949,DPA,1000,0.1,0.03,2.5,2.5,3222900288,,587,1,,77,20,0.002663201354151714
950,DPA,1000,0.1,0.03,2.5,2.5,3222900288,,534,1,,10,15,0.0002965477028989924
951,DPA,1000,0.1,0.03,2.5,2.5,3222900288,,449,1,,25,17,0.0009700465514966657
952,DPA,1000,0.1,0.03,2.5,2.5,3222900288,,286,1,,140,35,0.004503819593544142
953,DPA,1000,0.1,0.03,2.5,2.5,3222900288,,265,1,,8,38,0.0004608138524533662
954,DPA,1000,0.1,0.03,2.5,2.5,3222900288,,686,1,,5,44,0.0001914984545367092
955,DPA,1000,0.1,0.03,2.5,2.5,3222900288,,205,1,,59,18,0.0016023951742213775
956,DPA,1000,0.1,0.03,2.5,2.5,3222900288,,814,1,,3,14,0.00019687280711265005
957,DPA,1000,0.1,0.03,2.5,2.5,3222900288,,224,1,,22,36,0.0009811214188817727
958,DPA,1000,0.1,0.03,2.5,2.5,3222900288,,279,1,,62,23,0.0018181565210327038
959,DPA,1000,0.1,0.03,2.5,2.5,3222900288,,642,1,,65,69,0.001940737240386393
960,DPA,1000,0.1,0.03,2.5,2.5,3222900288,,401,1,,43,48,0.0013300486329121133
961,DPA,1000,0.1,0.03,2.5,2.5,3222900288,,963,1,,30,41,0.0008624917145880029
962,DPA,1000,0.1,0.03,2.5,2.5,3222900288,,793,1,,8,33,0.0004040898976358154
963,DPA,1000,0.1,0.03,2.5,2.5,3222900288,,961,1,,35,18,0.0009422613773821459
964,DPA,1000,0.1,0.03,2.5,2.5,3222900288,,827,1,,34,15,0.001302516265954658
965,DPA,1000,0.1,0.03,2.5,2.5,3222900288,,52,1,,51,20,0.0013758913588861321
966,DPA,1000,0.1,0.03,2.5,2.5,3222900288,,641,1,,52,15,0.0015888613208499668
967,DPA,1000,0.1,0.03,2.5,2.5,3222900288,,622,1,,109,45,0.0033413884468857175
968,DPA,1000,0.1,0.03,2.5,2.5,3222900288,,51,1,,4,12,0.00041225414328012824
969,DPA,1000,0.1,0.03,2.5,2.5,3222900288,,472,1,,28,17,0.0009378885802640319
970,DPA,1000,0.1,0.03,2.5,2.5,3222900288,,858,1,,0,77,0.0001500000000000002
971,DPA,1000,0.1,0.03,2.5,2.5,3222900288,,491,1,,37,18,0.0011265495236012632
972,DPA,1000,0.1,0.03,2.5,2.5,3222900288,,519,1,,142,37,0.0046094504572225005
973,DPA,1000,0.1,0.03,2.5,2.5,3222900288,,636,1,,8,15,0.0002713183469908937
974,DPA,1000,0.1,0.03,2.5,2.5,3222900288,,538,1,,39,12,0.0011315563260077411
975,DPA,1000,0.1,0.03,2.5,2.5,3222900288,,122,1,,23,12,0.0008462734631958166
976,DPA,1000,0.1,0.03,2.5,2.5,3222900288,,264,1,,30,32,0.0013654601159758526
977,DPA,1000,0.1,0.03,2.5,2.5,3222900288,,171,1,,1,15,0.0001649841491175106
978,DPA,1000,0.1,0.03,2.5,2.5,3222900288,,732,1,,31,13,0.0010072687006638615
979,DPA,1000,0.1,0.03,2.5,2.5,3222900288,,611,1,,16,14,0.0006745933413281697
980,DPA,1000,0.1,0.03,2.5,2.5,3222900288,,413,1,,51,11,0.0019598923687771993
981,DPA,1000,0.1,0.03,2.5,2.5,3222900288,,756,1,,48,17,0.0013982298462683475
982,DPA,1000,0.1,0.03,2.5,2.5,3222900288,,643,1,,0,14,0.0001500000000000002
983,DPA,1000,0.1,0.03,2.5,2.5,3222900288,,476,1,,40,47,0.0011573370913684528
984,DPA,1000,0.1,0.03,2.5,2.5,3222900288,,89,1,,53,43,0.0019984894356335704
985,DPA,1000,0.1,0.03,2.5,2.5,3222900288,,774,1,,15,24,0.00044224564209955144
986,DPA,1000,0.1,0.03,2.5,2.5,3222900288,,479,1,,22,20,0.001013963602564888
987,DPA,1000,0.1,0.03,2.5,2.5,3222900288,,460,1,,5,8,0.0002896623939036949
988,DPA,1000,0.1,0.03,2.5,2.5,3222900288,,372,1,,65,41,0.001761272911294505
989,DPA,1000,0.1,0.03,2.5,2.5,3222900288,,728,1,,16,16,0.0003509422562678283
990,DPA,1000,0.1,0.03,2.5,2.5,3222900288,,156,1,,22,16,0.000831603532545497
991,DPA,1000,0.1,0.03,2.5,2.5,3222900288,,434,1,,7,14,0.00032183634282857546
992,DPA,1000,0.1,0.03,2.5,2.5,3222900288,,10,1,,26,17,0.0009312947983971068
993,DPA,1000,0.1,0.03,2.5,2.5,3222900288,,856,1,,8,20,0.0002662079390861456
994,DPA,1000,0.1,0.03,2.5,2.5,3222900288,,919,1,,37,15,0.0010392239709149107
995,DPA,1000,0.1,0.03,2.5,2.5,3222900288,,243,1,,7,21,0.00043957528773803874
996,DPA,1000,0.1,0.03,2.5,2.5,3222900288,,2,1,,61,22,0.002068013828682772
997,DPA,1000,0.1,0.03,2.5,2.5,3222900288,,382,1,,10,36,0.0005101346955416809
998,DPA,1000,0.1,0.03,2.5,2.5,3222900288,,386,1,,3,26,0.000208818407106779
999,DPA,1000,0.1,0.03,2.5,2.5,3222900288,,523,1,,87,16,0.0028305108935911404
