,name,N,m,fm,h_MM,h_mm,seed,network_id,node,label,degree,indegree,outdegree,pagerank
0,PAH,1000,2,0.4,0.8,0.3,2396249784,,632,0,2,,,0.0005488595534769337
1,PAH,1000,2,0.4,0.8,0.3,2396249784,,640,0,2,,,0.0005751051631905047
2,PAH,1000,2,0.4,0.8,0.3,2396249784,,14,0,20,,,0.004291449402522653
3,PAH,1000,2,0.4,0.8,0.3,2396249784,,430,0,4,,,0.0010817071510935237
4,PAH,1000,2,0.4,0.8,0.3,2396249784,,72,0,3,,,0.0007365728758682945
5,PAH,1000,2,0.4,0.8,0.3,2396249784,,441,0,3,,,0.0007607945466025217
6,PAH,1000,2,0.4,0.8,0.3,2396249784,,905,0,2,,,0.0005516761812274814
7,PAH,1000,2,0.4,0.8,0.3,2396249784,,773,0,2,,,0.0006261017820744611
8,PAH,1000,2,0.4,0.8,0.3,2396249784,,704,0,2,,,0.0005831397273914335
9,PAH,1000,2,0.4,0.8,0.3,2396249784,,203,0,4,,,0.0009574576903398502
10,PAH,1000,2,0.4,0.8,0.3,2396249784,,655,0,2,,,0.0005578610450301134
11,PAH,1000,2,0.4,0.8,0.3,2396249784,,402,0,2,,,0.0005542652490616387
12,PAH,1000,2,0.4,0.8,0.3,2396249784,,981,0,2,,,0.0006132221455465672
13,PAH,1000,2,0.4,0.8,0.3,2396249784,,314,0,6,,,0.001433148703767452
14,PAH,1000,2,0.4,0.8,0.3,2396249784,,985,0,2,,,0.000575696077001205
15,PAH,1000,2,0.4,0.8,0.3,2396249784,,536,0,2,,,0.0005269642089888519
16,PAH,1000,2,0.4,0.8,0.3,2396249784,,897,0,2,,,0.0006127738904139371
17,PAH,1000,2,0.4,0.8,0.3,2396249784,,654,0,2,,,0.0005831225056136166
18,PAH,1000,2,0.4,0.8,0.3,2396249784,,481,0,2,,,0.0005469925171598071
19,PAH,1000,2,0.4,0.8,0.3,2396249784,,912,0,2,,,0.0005891999726203329
20,PAH,1000,2,0.4,0.8,0.3,2396249784,,581,0,3,,,0.0007903922069112525
21,PAH,1000,2,0.4,0.8,0.3,2396249784,,972,0,2,,,0.0005954593425635744
22,PAH,1000,2,0.4,0.8,0.3,2396249784,,472,0,3,,,0.0007792035743376265
23,PAH,1000,2,0.4,0.8,0.3,2396249784,,66,0,7,,,0.0016418856042213108
24,PAH,1000,2,0.4,0.8,0.3,2396249784,,697,0,2,,,0.0005409478249594575
25,PAH,1000,2,0.4,0.8,0.3,2396249784,,487,0,2,,,0.0005304282206525072
26,PAH,1000,2,0.4,0.8,0.3,2396249784,,893,0,2,,,0.0005840559315927955
27,PAH,1000,2,0.4,0.8,0.3,2396249784,,958,0,2,,,0.0005282082699014834
28,PAH,1000,2,0.4,0.8,0.3,2396249784,,25,0,10,,,0.002311185576292697
29,PAH,1000,2,0.4,0.8,0.3,2396249784,,128,0,4,,,0.0009925417625227832
30,PAH,1000,2,0.4,0.8,0.3,2396249784,,396,0,2,,,0.0005961068133595105
31,PAH,1000,2,0.4,0.8,0.3,2396249784,,113,0,8,,,0.0018379985951112177
32,PAH,1000,2,0.4,0.8,0.3,2396249784,,925,0,2,,,0.0005801831145743703
33,PAH,1000,2,0.4,0.8,0.3,2396249784,,486,0,2,,,0.0005826244432607467
34,PAH,1000,2,0.4,0.8,0.3,2396249784,,431,0,5,,,0.0013155507456638251
35,PAH,1000,2,0.4,0.8,0.3,2396249784,,743,0,2,,,0.0005678284224064498
36,PAH,1000,2,0.4,0.8,0.3,2396249784,,449,0,3,,,0.0007868613053416318
37,PAH,1000,2,0.4,0.8,0.3,2396249784,,624,0,2,,,0.0005578349535266158
38,PAH,1000,2,0.4,0.8,0.3,2396249784,,691,0,2,,,0.0005804055342735385
39,PAH,1000,2,0.4,0.8,0.3,2396249784,,720,0,2,,,0.0005233637513991251
40,PAH,1000,2,0.4,0.8,0.3,2396249784,,608,0,2,,,0.0005660833738625978
41,PAH,1000,2,0.4,0.8,0.3,2396249784,,119,0,7,,,0.0016292421859118633
42,PAH,1000,2,0.4,0.8,0.3,2396249784,,780,0,2,,,0.0005439157195598273
43,PAH,1000,2,0.4,0.8,0.3,2396249784,,476,0,2,,,0.0005322099967368028
44,PAH,1000,2,0.4,0.8,0.3,2396249784,,161,0,4,,,0.000976532693784866
45,PAH,1000,2,0.4,0.8,0.3,2396249784,,621,0,2,,,0.0005644143420590013
46,PAH,1000,2,0.4,0.8,0.3,2396249784,,290,0,2,,,0.0005552853921498584
47,PAH,1000,2,0.4,0.8,0.3,2396249784,,996,0,2,,,0.0005293489692115398
48,PAH,1000,2,0.4,0.8,0.3,2396249784,,553,0,2,,,0.0005481107496487049
49,PAH,1000,2,0.4,0.8,0.3,2396249784,,381,0,2,,,0.0005522318258993547
50,PAH,1000,2,0.4,0.8,0.3,2396249784,,469,0,3,,,0.0007443396877604043
51,PAH,1000,2,0.4,0.8,0.3,2396249784,,373,0,2,,,0.0005349261150488561
52,PAH,1000,2,0.4,0.8,0.3,2396249784,,841,0,2,,,0.0005225187624572218
53,PAH,1000,2,0.4,0.8,0.3,2396249784,,642,0,2,,,0.0005645843460656911
54,PAH,1000,2,0.4,0.8,0.3,2396249784,,503,0,2,,,0.0005581057520112662
55,PAH,1000,2,0.4,0.8,0.3,2396249784,,499,0,3,,,0.0007726354854209785
56,PAH,1000,2,0.4,0.8,0.3,2396249784,,502,0,2,,,0.0005288746631149973
57,PAH,1000,2,0.4,0.8,0.3,2396249784,,489,0,4,,,0.0010420339873681503
58,PAH,1000,2,0.4,0.8,0.3,2396249784,,309,0,3,,,0.0007657938656517393
59,PAH,1000,2,0.4,0.8,0.3,2396249784,,588,0,4,,,0.0010167215096137084
60,PAH,1000,2,0.4,0.8,0.3,2396249784,,948,0,2,,,0.0005750974972749595
61,PAH,1000,2,0.4,0.8,0.3,2396249784,,600,0,3,,,0.0008088658523709759
62,PAH,1000,2,0.4,0.8,0.3,2396249784,,436,0,2,,,0.0005920480505228755
63,PAH,1000,2,0.4,0.8,0.3,2396249784,,882,0,2,,,0.000536034343194059
64,PAH,1000,2,0.4,0.8,0.3,2396249784,,572,0,4,,,0.001024532673208524
65,PAH,1000,2,0.4,0.8,0.3,2396249784,,951,0,2,,,0.0005389136121072382
66,PAH,1000,2,0.4,0.8,0.3,2396249784,,521,0,4,,,0.001070498131234306
67,PAH,1000,2,0.4,0.8,0.3,2396249784,,538,0,2,,,0.0005456693005410683
68,PAH,1000,2,0.4,0.8,0.3,2396249784,,657,0,3,,,0.0008028205876815118
69,PAH,1000,2,0.4,0.8,0.3,2396249784,,509,0,5,,,0.0012947338572100516
70,PAH,1000,2,0.4,0.8,0.3,2396249784,,601,0,2,,,0.0005698856226911445
71,PAH,1000,2,0.4,0.8,0.3,2396249784,,78,0,5,,,0.0011685035224553283
72,PAH,1000,2,0.4,0.8,0.3,2396249784,,519,0,5,,,0.001259850129615783
73,PAH,1000,2,0.4,0.8,0.3,2396249784,,679,0,2,,,0.0005542667296735884
74,PAH,1000,2,0.4,0.8,0.3,2396249784,,231,0,4,,,0.0010736513512301273
75,PAH,1000,2,0.4,0.8,0.3,2396249784,,775,0,2,,,0.0005919612480053462
76,PAH,1000,2,0.4,0.8,0.3,2396249784,,727,0,2,,,0.0005434601586576293
77,PAH,1000,2,0.4,0.8,0.3,2396249784,,785,0,2,,,0.000556479397791596
78,PAH,1000,2,0.4,0.8,0.3,2396249784,,843,0,2,,,0.0005451463259422668
79,PAH,1000,2,0.4,0.8,0.3,2396249784,,903,0,2,,,0.000580079608646546
80,PAH,1000,2,0.4,0.8,0.3,2396249784,,284,0,3,,,0.0007461756636700795
81,PAH,1000,2,0.4,0.8,0.3,2396249784,,750,0,2,,,0.0006044555474735906
82,PAH,1000,2,0.4,0.8,0.3,2396249784,,813,0,2,,,0.0005337489855879009
83,PAH,1000,2,0.4,0.8,0.3,2396249784,,802,0,2,,,0.0005496137298251307
84,PAH,1000,2,0.4,0.8,0.3,2396249784,,682,0,2,,,0.0006076636196132364
85,PAH,1000,2,0.4,0.8,0.3,2396249784,,311,0,8,,,0.001962137840109292
86,PAH,1000,2,0.4,0.8,0.3,2396249784,,5,0,5,,,0.001167478031349792
87,PAH,1000,2,0.4,0.8,0.3,2396249784,,906,0,2,,,0.0005934387091561605
88,PAH,1000,2,0.4,0.8,0.3,2396249784,,74,0,3,,,0.0007732092482336381
89,PAH,1000,2,0.4,0.8,0.3,2396249784,,80,0,7,,,0.001628895696389281
90,PAH,1000,2,0.4,0.8,0.3,2396249784,,832,0,2,,,0.0005587931639303495
91,PAH,1000,2,0.4,0.8,0.3,2396249784,,933,0,2,,,0.000582585952115936
92,PAH,1000,2,0.4,0.8,0.3,2396249784,,416,0,6,,,0.0015233657803320636
93,PAH,1000,2,0.4,0.8,0.3,2396249784,,818,0,2,,,0.0005520957919430626
94,PAH,1000,2,0.4,0.8,0.3,2396249784,,708,0,3,,,0.0008063374256458225
95,PAH,1000,2,0.4,0.8,0.3,2396249784,,500,0,5,,,0.00125724527120085
96,PAH,1000,2,0.4,0.8,0.3,2396249784,,561,0,3,,,0.0007880571439793506
97,PAH,1000,2,0.4,0.8,0.3,2396249784,,201,0,4,,,0.0009830417219087201
98,PAH,1000,2,0.4,0.8,0.3,2396249784,,772,0,2,,,0.0005569544890327296
99,PAH,1000,2,0.4,0.8,0.3,2396249784,,863,0,2,,,0.0005420385532899032
100,PAH,1000,2,0.4,0.8,0.3,2396249784,,425,0,3,,,0.0007812378757694132
101,PAH,1000,2,0.4,0.8,0.3,2396249784,,667,0,3,,,0.0008074270378461046
102,PAH,1000,2,0.4,0.8,0.3,2396249784,,706,0,2,,,0.0005345975893750421
103,PAH,1000,2,0.4,0.8,0.3,2396249784,,592,0,2,,,0.0005851768182932009
104,PAH,1000,2,0.4,0.8,0.3,2396249784,,541,0,3,,,0.0008112783104594463
105,PAH,1000,2,0.4,0.8,0.3,2396249784,,778,0,2,,,0.000570387064239544
106,PAH,1000,2,0.4,0.8,0.3,2396249784,,470,0,4,,,0.0010554139205593068
107,PAH,1000,2,0.4,0.8,0.3,2396249784,,193,0,8,,,0.0019309928547656045
108,PAH,1000,2,0.4,0.8,0.3,2396249784,,703,0,3,,,0.0007605799719049047
109,PAH,1000,2,0.4,0.8,0.3,2396249784,,754,0,2,,,0.0005506222886172661
110,PAH,1000,2,0.4,0.8,0.3,2396249784,,426,0,4,,,0.001029627306972366
111,PAH,1000,2,0.4,0.8,0.3,2396249784,,386,0,4,,,0.0010448929721908317
112,PAH,1000,2,0.4,0.8,0.3,2396249784,,851,0,2,,,0.000531117172121441
113,PAH,1000,2,0.4,0.8,0.3,2396249784,,894,0,2,,,0.0005537326982695282
114,PAH,1000,2,0.4,0.8,0.3,2396249784,,33,0,16,,,0.0036041388085233735
115,PAH,1000,2,0.4,0.8,0.3,2396249784,,397,0,7,,,0.0017723097483518
116,PAH,1000,2,0.4,0.8,0.3,2396249784,,759,0,2,,,0.0005552547480795482
117,PAH,1000,2,0.4,0.8,0.3,2396249784,,467,0,2,,,0.000557005700144362
118,PAH,1000,2,0.4,0.8,0.3,2396249784,,690,0,2,,,0.0005709066371133379
119,PAH,1000,2,0.4,0.8,0.3,2396249784,,336,0,2,,,0.0005438128941854663
120,PAH,1000,2,0.4,0.8,0.3,2396249784,,20,0,4,,,0.0010074711439503276
121,PAH,1000,2,0.4,0.8,0.3,2396249784,,680,0,2,,,0.000574384361876032
122,PAH,1000,2,0.4,0.8,0.3,2396249784,,152,0,4,,,0.0009705060357838168
123,PAH,1000,2,0.4,0.8,0.3,2396249784,,285,0,3,,,0.000786367130725623
124,PAH,1000,2,0.4,0.8,0.3,2396249784,,977,0,2,,,0.0005713063216129295
125,PAH,1000,2,0.4,0.8,0.3,2396249784,,705,0,2,,,0.0005468771969774713
126,PAH,1000,2,0.4,0.8,0.3,2396249784,,471,0,3,,,0.0008051219376784403
127,PAH,1000,2,0.4,0.8,0.3,2396249784,,155,0,2,,,0.0005450042936516459
128,PAH,1000,2,0.4,0.8,0.3,2396249784,,368,0,2,,,0.0005427795599426001
129,PAH,1000,2,0.4,0.8,0.3,2396249784,,253,0,4,,,0.0010288105692189508
130,PAH,1000,2,0.4,0.8,0.3,2396249784,,599,0,2,,,0.0005745516338565852
131,PAH,1000,2,0.4,0.8,0.3,2396249784,,675,0,2,,,0.0005302408143116181
132,PAH,1000,2,0.4,0.8,0.3,2396249784,,577,0,2,,,0.0005780839318554617
133,PAH,1000,2,0.4,0.8,0.3,2396249784,,991,0,2,,,0.000541795028196903
134,PAH,1000,2,0.4,0.8,0.3,2396249784,,855,0,2,,,0.0005341024775919703
135,PAH,1000,2,0.4,0.8,0.3,2396249784,,676,0,2,,,0.0005385742374242711
136,PAH,1000,2,0.4,0.8,0.3,2396249784,,448,0,4,,,0.0010168690307446216
137,PAH,1000,2,0.4,0.8,0.3,2396249784,,339,0,6,,,0.0014955214949484384
138,PAH,1000,2,0.4,0.8,0.3,2396249784,,372,0,3,,,0.0007763797669504313
139,PAH,1000,2,0.4,0.8,0.3,2396249784,,535,0,2,,,0.0005395733687892743
140,PAH,1000,2,0.4,0.8,0.3,2396249784,,890,0,2,,,0.0005590371322915065
141,PAH,1000,2,0.4,0.8,0.3,2396249784,,606,0,2,,,0.0005628438222040024
142,PAH,1000,2,0.4,0.8,0.3,2396249784,,444,0,4,,,0.0010606487743158113
143,PAH,1000,2,0.4,0.8,0.3,2396249784,,94,0,7,,,0.0016984661358762886
144,PAH,1000,2,0.4,0.8,0.3,2396249784,,229,0,3,,,0.0007645584946309515
145,PAH,1000,2,0.4,0.8,0.3,2396249784,,565,0,2,,,0.0005495818884641134
146,PAH,1000,2,0.4,0.8,0.3,2396249784,,901,0,3,,,0.0007810705726862298
147,PAH,1000,2,0.4,0.8,0.3,2396249784,,392,0,9,,,0.002173472748890034
148,PAH,1000,2,0.4,0.8,0.3,2396249784,,342,0,3,,,0.0008509828147163041
149,PAH,1000,2,0.4,0.8,0.3,2396249784,,770,0,2,,,0.00056020972003474
150,PAH,1000,2,0.4,0.8,0.3,2396249784,,865,0,2,,,0.0005506377304752726
151,PAH,1000,2,0.4,0.8,0.3,2396249784,,184,0,9,,,0.0021438952466217563
152,PAH,1000,2,0.4,0.8,0.3,2396249784,,590,0,2,,,0.0005392891024463088
153,PAH,1000,2,0.4,0.8,0.3,2396249784,,904,0,2,,,0.0005842792728760736
154,PAH,1000,2,0.4,0.8,0.3,2396249784,,563,0,2,,,0.0005762054852112113
155,PAH,1000,2,0.4,0.8,0.3,2396249784,,40,0,15,,,0.0033938769742336812
156,PAH,1000,2,0.4,0.8,0.3,2396249784,,858,0,2,,,0.0005833980925514812
157,PAH,1000,2,0.4,0.8,0.3,2396249784,,129,0,2,,,0.0005572780786959443
158,PAH,1000,2,0.4,0.8,0.3,2396249784,,415,0,3,,,0.000779652231931218
159,PAH,1000,2,0.4,0.8,0.3,2396249784,,259,0,10,,,0.002362455894895103
160,PAH,1000,2,0.4,0.8,0.3,2396249784,,224,0,3,,,0.0007859738559021717
161,PAH,1000,2,0.4,0.8,0.3,2396249784,,524,0,2,,,0.0005745246992305245
162,PAH,1000,2,0.4,0.8,0.3,2396249784,,238,0,5,,,0.0012649158496836938
163,PAH,1000,2,0.4,0.8,0.3,2396249784,,829,0,2,,,0.0005680922434946491
164,PAH,1000,2,0.4,0.8,0.3,2396249784,,288,0,2,,,0.0005418404405536333
165,PAH,1000,2,0.4,0.8,0.3,2396249784,,450,0,4,,,0.0010217786085450057
166,PAH,1000,2,0.4,0.8,0.3,2396249784,,774,0,2,,,0.0005488199601324386
167,PAH,1000,2,0.4,0.8,0.3,2396249784,,126,0,6,,,0.0014347946704261305
168,PAH,1000,2,0.4,0.8,0.3,2396249784,,186,0,7,,,0.0017084900031806359
169,PAH,1000,2,0.4,0.8,0.3,2396249784,,451,0,5,,,0.0012622223188486178
170,PAH,1000,2,0.4,0.8,0.3,2396249784,,753,0,2,,,0.0005492368718206644
171,PAH,1000,2,0.4,0.8,0.3,2396249784,,975,0,2,,,0.0005574408160121217
172,PAH,1000,2,0.4,0.8,0.3,2396249784,,701,0,2,,,0.000524732254302064
173,PAH,1000,2,0.4,0.8,0.3,2396249784,,156,0,5,,,0.0012161385917957431
174,PAH,1000,2,0.4,0.8,0.3,2396249784,,293,0,3,,,0.0007786833518517916
175,PAH,1000,2,0.4,0.8,0.3,2396249784,,69,0,8,,,0.0019274845888033992
176,PAH,1000,2,0.4,0.8,0.3,2396249784,,731,0,2,,,0.00055874158544181
177,PAH,1000,2,0.4,0.8,0.3,2396249784,,726,0,2,,,0.000549488060098067
178,PAH,1000,2,0.4,0.8,0.3,2396249784,,872,0,2,,,0.0005251859094292427
179,PAH,1000,2,0.4,0.8,0.3,2396249784,,542,0,2,,,0.0005707755397519306
180,PAH,1000,2,0.4,0.8,0.3,2396249784,,791,0,2,,,0.000543746874883261
181,PAH,1000,2,0.4,0.8,0.3,2396249784,,510,0,3,,,0.0007958833407341683
182,PAH,1000,2,0.4,0.8,0.3,2396249784,,407,0,2,,,0.0005482271729775484
183,PAH,1000,2,0.4,0.8,0.3,2396249784,,358,0,2,,,0.0005441965242812441
184,PAH,1000,2,0.4,0.8,0.3,2396249784,,883,0,2,,,0.0005939085457613113
185,PAH,1000,2,0.4,0.8,0.3,2396249784,,125,0,14,,,0.0031943874293354465
186,PAH,1000,2,0.4,0.8,0.3,2396249784,,349,0,5,,,0.0012896848381884721
187,PAH,1000,2,0.4,0.8,0.3,2396249784,,831,0,2,,,0.0005536451621351175
188,PAH,1000,2,0.4,0.8,0.3,2396249784,,531,0,2,,,0.0006015091907289596
189,PAH,1000,2,0.4,0.8,0.3,2396249784,,979,0,2,,,0.0006024652170343103
190,PAH,1000,2,0.4,0.8,0.3,2396249784,,354,0,2,,,0.0005801079294375088
191,PAH,1000,2,0.4,0.8,0.3,2396249784,,716,0,2,,,0.0005302490187059785
192,PAH,1000,2,0.4,0.8,0.3,2396249784,,602,0,2,,,0.0005859925989201207
193,PAH,1000,2,0.4,0.8,0.3,2396249784,,626,0,2,,,0.0005633686960685968
194,PAH,1000,2,0.4,0.8,0.3,2396249784,,388,0,5,,,0.0012804270170711297
195,PAH,1000,2,0.4,0.8,0.3,2396249784,,305,0,5,,,0.0012190079511295727
196,PAH,1000,2,0.4,0.8,0.3,2396249784,,422,0,4,,,0.0010772426853349303
197,PAH,1000,2,0.4,0.8,0.3,2396249784,,81,0,9,,,0.002105777955593195
198,PAH,1000,2,0.4,0.8,0.3,2396249784,,816,0,2,,,0.000562701072834705
199,PAH,1000,2,0.4,0.8,0.3,2396249784,,109,0,2,,,0.0005463603046430424
200,PAH,1000,2,0.4,0.8,0.3,2396249784,,798,0,2,,,0.0005397192706181674
201,PAH,1000,2,0.4,0.8,0.3,2396249784,,377,0,3,,,0.0007729751800352189
202,PAH,1000,2,0.4,0.8,0.3,2396249784,,56,0,6,,,0.001449259775640913
203,PAH,1000,2,0.4,0.8,0.3,2396249784,,740,0,2,,,0.0005230950726162314
204,PAH,1000,2,0.4,0.8,0.3,2396249784,,597,0,2,,,0.0005491486563485594
205,PAH,1000,2,0.4,0.8,0.3,2396249784,,641,0,2,,,0.0005412749733026643
206,PAH,1000,2,0.4,0.8,0.3,2396249784,,823,0,2,,,0.0005793723193072703
207,PAH,1000,2,0.4,0.8,0.3,2396249784,,786,0,2,,,0.0005282404590476114
208,PAH,1000,2,0.4,0.8,0.3,2396249784,,217,0,4,,,0.0009919066312568672
209,PAH,1000,2,0.4,0.8,0.3,2396249784,,738,0,2,,,0.0005726241530901842
210,PAH,1000,2,0.4,0.8,0.3,2396249784,,7,0,33,,,0.007168431236120348
211,PAH,1000,2,0.4,0.8,0.3,2396249784,,153,0,7,,,0.0016624010988267883
212,PAH,1000,2,0.4,0.8,0.3,2396249784,,98,0,2,,,0.0005192505721080885
213,PAH,1000,2,0.4,0.8,0.3,2396249784,,736,0,2,,,0.0005414839284235369
214,PAH,1000,2,0.4,0.8,0.3,2396249784,,612,0,2,,,0.0005623478571359655
215,PAH,1000,2,0.4,0.8,0.3,2396249784,,447,0,2,,,0.000569615888204769
216,PAH,1000,2,0.4,0.8,0.3,2396249784,,518,0,4,,,0.001009416853303064
217,PAH,1000,2,0.4,0.8,0.3,2396249784,,529,0,3,,,0.0007927598481924028
218,PAH,1000,2,0.4,0.8,0.3,2396249784,,360,0,5,,,0.0012689104737392915
219,PAH,1000,2,0.4,0.8,0.3,2396249784,,854,0,2,,,0.0005826326496531827
220,PAH,1000,2,0.4,0.8,0.3,2396249784,,973,0,2,,,0.0005593708839000787
221,PAH,1000,2,0.4,0.8,0.3,2396249784,,346,0,2,,,0.0005714638448143726
222,PAH,1000,2,0.4,0.8,0.3,2396249784,,732,0,2,,,0.0005909112430577303
223,PAH,1000,2,0.4,0.8,0.3,2396249784,,120,0,5,,,0.0011997008951299102
224,PAH,1000,2,0.4,0.8,0.3,2396249784,,281,0,2,,,0.0005431305801986964
225,PAH,1000,2,0.4,0.8,0.3,2396249784,,695,0,2,,,0.0005546725636661447
226,PAH,1000,2,0.4,0.8,0.3,2396249784,,857,0,2,,,0.0005410387824838207
227,PAH,1000,2,0.4,0.8,0.3,2396249784,,630,0,3,,,0.0007664555074774944
228,PAH,1000,2,0.4,0.8,0.3,2396249784,,718,0,3,,,0.0007932877896727016
229,PAH,1000,2,0.4,0.8,0.3,2396249784,,769,0,2,,,0.0005629666335148123
230,PAH,1000,2,0.4,0.8,0.3,2396249784,,886,0,2,,,0.0005262753031437926
231,PAH,1000,2,0.4,0.8,0.3,2396249784,,631,0,7,,,0.001768321076591789
232,PAH,1000,2,0.4,0.8,0.3,2396249784,,237,0,7,,,0.0016756039295267781
233,PAH,1000,2,0.4,0.8,0.3,2396249784,,427,0,4,,,0.0010163476728817552
234,PAH,1000,2,0.4,0.8,0.3,2396249784,,737,0,2,,,0.0005758362112165288
235,PAH,1000,2,0.4,0.8,0.3,2396249784,,582,0,3,,,0.0008213931737048379
236,PAH,1000,2,0.4,0.8,0.3,2396249784,,247,0,4,,,0.0010621280755746417
237,PAH,1000,2,0.4,0.8,0.3,2396249784,,569,0,2,,,0.0005827998310235789
238,PAH,1000,2,0.4,0.8,0.3,2396249784,,369,0,2,,,0.0005423919174875413
239,PAH,1000,2,0.4,0.8,0.3,2396249784,,82,0,7,,,0.0016308100307042869
240,PAH,1000,2,0.4,0.8,0.3,2396249784,,947,0,2,,,0.0005455486737140558
241,PAH,1000,2,0.4,0.8,0.3,2396249784,,117,0,12,,,0.0028066162446514545
242,PAH,1000,2,0.4,0.8,0.3,2396249784,,107,0,4,,,0.0010220061029095318
243,PAH,1000,2,0.4,0.8,0.3,2396249784,,32,0,7,,,0.0016230246943284361
244,PAH,1000,2,0.4,0.8,0.3,2396249784,,505,0,2,,,0.0006185332141753402
245,PAH,1000,2,0.4,0.8,0.3,2396249784,,885,0,2,,,0.0005372443475410787
246,PAH,1000,2,0.4,0.8,0.3,2396249784,,307,0,3,,,0.0007842011605119559
247,PAH,1000,2,0.4,0.8,0.3,2396249784,,90,0,5,,,0.0011979849522890259
248,PAH,1000,2,0.4,0.8,0.3,2396249784,,552,0,2,,,0.0005576830814151525
249,PAH,1000,2,0.4,0.8,0.3,2396249784,,669,0,2,,,0.0005604014650525241
250,PAH,1000,2,0.4,0.8,0.3,2396249784,,331,0,2,,,0.0005502616341162012
251,PAH,1000,2,0.4,0.8,0.3,2396249784,,255,0,9,,,0.0021481751361607225
252,PAH,1000,2,0.4,0.8,0.3,2396249784,,333,0,2,,,0.0005354512407324392
253,PAH,1000,2,0.4,0.8,0.3,2396249784,,806,0,2,,,0.0005804431211087518
254,PAH,1000,2,0.4,0.8,0.3,2396249784,,876,0,2,,,0.0005572671733853424
255,PAH,1000,2,0.4,0.8,0.3,2396249784,,834,0,2,,,0.0005552190416107427
256,PAH,1000,2,0.4,0.8,0.3,2396249784,,428,0,3,,,0.0007870010594575702
257,PAH,1000,2,0.4,0.8,0.3,2396249784,,844,0,2,,,0.0005515387184030593
258,PAH,1000,2,0.4,0.8,0.3,2396249784,,435,0,3,,,0.0007857038099209015
259,PAH,1000,2,0.4,0.8,0.3,2396249784,,941,0,2,,,0.0005926419850302639
260,PAH,1000,2,0.4,0.8,0.3,2396249784,,350,0,3,,,0.0008022356987352284
261,PAH,1000,2,0.4,0.8,0.3,2396249784,,609,0,2,,,0.0005560349420825775
262,PAH,1000,2,0.4,0.8,0.3,2396249784,,249,0,3,,,0.0007785022041818043
263,PAH,1000,2,0.4,0.8,0.3,2396249784,,543,0,2,,,0.0005975583074069173
264,PAH,1000,2,0.4,0.8,0.3,2396249784,,777,0,2,,,0.000585180991372893
265,PAH,1000,2,0.4,0.8,0.3,2396249784,,926,0,2,,,0.0005331903209882963
266,PAH,1000,2,0.4,0.8,0.3,2396249784,,49,0,6,,,0.0013900236418175674
267,PAH,1000,2,0.4,0.8,0.3,2396249784,,146,0,2,,,0.0005408772532573499
268,PAH,1000,2,0.4,0.8,0.3,2396249784,,560,0,2,,,0.0005523131052771073
269,PAH,1000,2,0.4,0.8,0.3,2396249784,,724,0,2,,,0.000568783791510875
270,PAH,1000,2,0.4,0.8,0.3,2396249784,,45,0,6,,,0.0014321713988630456
271,PAH,1000,2,0.4,0.8,0.3,2396249784,,784,0,2,,,0.0005661944251376854
272,PAH,1000,2,0.4,0.8,0.3,2396249784,,154,0,8,,,0.0018900990180030126
273,PAH,1000,2,0.4,0.8,0.3,2396249784,,970,0,2,,,0.0005295077283120983
274,PAH,1000,2,0.4,0.8,0.3,2396249784,,62,0,8,,,0.0018177539143492045
275,PAH,1000,2,0.4,0.8,0.3,2396249784,,301,0,2,,,0.000552793771254905
276,PAH,1000,2,0.4,0.8,0.3,2396249784,,604,0,2,,,0.0005607187361695046
277,PAH,1000,2,0.4,0.8,0.3,2396249784,,298,0,3,,,0.0008263225636557344
278,PAH,1000,2,0.4,0.8,0.3,2396249784,,93,0,3,,,0.000774008229230865
279,PAH,1000,2,0.4,0.8,0.3,2396249784,,949,0,2,,,0.0005303393080895834
280,PAH,1000,2,0.4,0.8,0.3,2396249784,,852,0,2,,,0.0005337168141850424
281,PAH,1000,2,0.4,0.8,0.3,2396249784,,251,0,8,,,0.0019433730741706507
282,PAH,1000,2,0.4,0.8,0.3,2396249784,,764,0,2,,,0.0005642124351837568
283,PAH,1000,2,0.4,0.8,0.3,2396249784,,648,0,2,,,0.0005951626996202264
284,PAH,1000,2,0.4,0.8,0.3,2396249784,,61,0,5,,,0.0012254888562557688
285,PAH,1000,2,0.4,0.8,0.3,2396249784,,530,0,2,,,0.0005429468182543473
286,PAH,1000,2,0.4,0.8,0.3,2396249784,,143,0,8,,,0.0018810741675611845
287,PAH,1000,2,0.4,0.8,0.3,2396249784,,371,0,6,,,0.0014576022841419358
288,PAH,1000,2,0.4,0.8,0.3,2396249784,,946,0,2,,,0.0006269131723960941
289,PAH,1000,2,0.4,0.8,0.3,2396249784,,207,0,4,,,0.0010250828114657196
290,PAH,1000,2,0.4,0.8,0.3,2396249784,,978,0,2,,,0.0005206644514737046
291,PAH,1000,2,0.4,0.8,0.3,2396249784,,526,0,2,,,0.000580370456132114
292,PAH,1000,2,0.4,0.8,0.3,2396249784,,956,0,2,,,0.0005468670054662601
293,PAH,1000,2,0.4,0.8,0.3,2396249784,,992,0,2,,,0.0005479952754289119
294,PAH,1000,2,0.4,0.8,0.3,2396249784,,4,0,20,,,0.004355257270303109
295,PAH,1000,2,0.4,0.8,0.3,2396249784,,135,0,5,,,0.0012407177475665808
296,PAH,1000,2,0.4,0.8,0.3,2396249784,,871,0,2,,,0.0005476850091010182
297,PAH,1000,2,0.4,0.8,0.3,2396249784,,102,0,3,,,0.0007698708664448782
298,PAH,1000,2,0.4,0.8,0.3,2396249784,,456,0,3,,,0.0007767948377373976
299,PAH,1000,2,0.4,0.8,0.3,2396249784,,460,0,2,,,0.0005534455193767252
300,PAH,1000,2,0.4,0.8,0.3,2396249784,,677,0,2,,,0.0005378209816878468
301,PAH,1000,2,0.4,0.8,0.3,2396249784,,452,0,3,,,0.0007546426926328391
302,PAH,1000,2,0.4,0.8,0.3,2396249784,,385,0,2,,,0.000543746874883261
303,PAH,1000,2,0.4,0.8,0.3,2396249784,,163,0,7,,,0.0016492365138438894
304,PAH,1000,2,0.4,0.8,0.3,2396249784,,986,0,2,,,0.0005719644839459996
305,PAH,1000,2,0.4,0.8,0.3,2396249784,,698,0,2,,,0.0005642925709411113
306,PAH,1000,2,0.4,0.8,0.3,2396249784,,401,0,4,,,0.0010272881916403118
307,PAH,1000,2,0.4,0.8,0.3,2396249784,,910,0,2,,,0.0005807741882797661
308,PAH,1000,2,0.4,0.8,0.3,2396249784,,944,0,2,,,0.0005915401960687138
309,PAH,1000,2,0.4,0.8,0.3,2396249784,,520,0,2,,,0.0005629062244694329
310,PAH,1000,2,0.4,0.8,0.3,2396249784,,722,0,2,,,0.0005261112862177527
311,PAH,1000,2,0.4,0.8,0.3,2396249784,,374,0,3,,,0.0008122615309496976
312,PAH,1000,2,0.4,0.8,0.3,2396249784,,60,0,2,,,0.0005391347512512771
313,PAH,1000,2,0.4,0.8,0.3,2396249784,,987,0,2,,,0.0005815242380357846
314,PAH,1000,2,0.4,0.8,0.3,2396249784,,157,0,5,,,0.0012099400264002605
315,PAH,1000,2,0.4,0.8,0.3,2396249784,,51,0,4,,,0.0009394106397997928
316,PAH,1000,2,0.4,0.8,0.3,2396249784,,179,0,3,,,0.0007564714604164488
317,PAH,1000,2,0.4,0.8,0.3,2396249784,,165,0,6,,,0.0014750560383980104
318,PAH,1000,2,0.4,0.8,0.3,2396249784,,710,0,2,,,0.000612310862079627
319,PAH,1000,2,0.4,0.8,0.3,2396249784,,874,0,2,,,0.0005764853696057563
320,PAH,1000,2,0.4,0.8,0.3,2396249784,,101,0,19,,,0.004356003569776607
321,PAH,1000,2,0.4,0.8,0.3,2396249784,,123,0,3,,,0.000836308779563092
322,PAH,1000,2,0.4,0.8,0.3,2396249784,,114,0,5,,,0.001222397614417456
323,PAH,1000,2,0.4,0.8,0.3,2396249784,,273,0,3,,,0.0007738614864234246
324,PAH,1000,2,0.4,0.8,0.3,2396249784,,188,0,5,,,0.0012582674488043747
325,PAH,1000,2,0.4,0.8,0.3,2396249784,,318,0,2,,,0.0005323772071001589
326,PAH,1000,2,0.4,0.8,0.3,2396249784,,919,0,2,,,0.0006010103269842579
327,PAH,1000,2,0.4,0.8,0.3,2396249784,,681,0,2,,,0.0005599048803328233
328,PAH,1000,2,0.4,0.8,0.3,2396249784,,320,0,11,,,0.0026191579254810633
329,PAH,1000,2,0.4,0.8,0.3,2396249784,,485,0,3,,,0.0008226613130888122
330,PAH,1000,2,0.4,0.8,0.3,2396249784,,96,0,3,,,0.0007637946240289536
331,PAH,1000,2,0.4,0.8,0.3,2396249784,,685,0,2,,,0.0005397025019739133
332,PAH,1000,2,0.4,0.8,0.3,2396249784,,547,0,7,,,0.0017953612092448297
333,PAH,1000,2,0.4,0.8,0.3,2396249784,,544,0,3,,,0.0007837103876132596
334,PAH,1000,2,0.4,0.8,0.3,2396249784,,850,0,2,,,0.0005451756724327103
335,PAH,1000,2,0.4,0.8,0.3,2396249784,,900,0,2,,,0.0005390365501004456
336,PAH,1000,2,0.4,0.8,0.3,2396249784,,639,0,2,,,0.0005688311814516023
337,PAH,1000,2,0.4,0.8,0.3,2396249784,,638,0,2,,,0.0005844554497185212
338,PAH,1000,2,0.4,0.8,0.3,2396249784,,282,0,4,,,0.0010121687002715939
339,PAH,1000,2,0.4,0.8,0.3,2396249784,,39,0,20,,,0.004363798753401948
340,PAH,1000,2,0.4,0.8,0.3,2396249784,,859,0,2,,,0.0005656831089594253
341,PAH,1000,2,0.4,0.8,0.3,2396249784,,579,0,2,,,0.000551087464525211
342,PAH,1000,2,0.4,0.8,0.3,2396249784,,584,0,2,,,0.0005418161136813535
343,PAH,1000,2,0.4,0.8,0.3,2396249784,,845,0,2,,,0.0005417547910993076
344,PAH,1000,2,0.4,0.8,0.3,2396249784,,433,0,2,,,0.0005696917303503624
345,PAH,1000,2,0.4,0.8,0.3,2396249784,,432,0,3,,,0.0008187487013245942
346,PAH,1000,2,0.4,0.8,0.3,2396249784,,960,0,2,,,0.0005919389958045111
347,PAH,1000,2,0.4,0.8,0.3,2396249784,,875,0,2,,,0.0005550596796284517
348,PAH,1000,2,0.4,0.8,0.3,2396249784,,194,0,3,,,0.0007720141963601782
349,PAH,1000,2,0.4,0.8,0.3,2396249784,,828,0,2,,,0.0005396845280203521
350,PAH,1000,2,0.4,0.8,0.3,2396249784,,139,0,5,,,0.0012540800707039727
351,PAH,1000,2,0.4,0.8,0.3,2396249784,,935,0,2,,,0.0005272138359583548
352,PAH,1000,2,0.4,0.8,0.3,2396249784,,189,0,5,,,0.0012517828227465622
353,PAH,1000,2,0.4,0.8,0.3,2396249784,,580,0,2,,,0.0005322732653905203
354,PAH,1000,2,0.4,0.8,0.3,2396249784,,745,0,2,,,0.000577946747209869
355,PAH,1000,2,0.4,0.8,0.3,2396249784,,197,0,2,,,0.0005410382318331189
356,PAH,1000,2,0.4,0.8,0.3,2396249784,,6,0,37,,,0.007960058546931641
357,PAH,1000,2,0.4,0.8,0.3,2396249784,,566,0,2,,,0.0005638629511560969
358,PAH,1000,2,0.4,0.8,0.3,2396249784,,817,0,2,,,0.000565881198308362
359,PAH,1000,2,0.4,0.8,0.3,2396249784,,322,0,4,,,0.0009764691704578744
360,PAH,1000,2,0.4,0.8,0.3,2396249784,,192,0,4,,,0.0009748446410580817
361,PAH,1000,2,0.4,0.8,0.3,2396249784,,199,0,3,,,0.0007940376262982097
362,PAH,1000,2,0.4,0.8,0.3,2396249784,,103,0,16,,,0.0036298980070515706
363,PAH,1000,2,0.4,0.8,0.3,2396249784,,568,0,2,,,0.0005460077572225241
364,PAH,1000,2,0.4,0.8,0.3,2396249784,,341,0,2,,,0.0005566266492562771
365,PAH,1000,2,0.4,0.8,0.3,2396249784,,446,0,2,,,0.0006146492114001946
366,PAH,1000,2,0.4,0.8,0.3,2396249784,,540,0,3,,,0.0008314784033527529
367,PAH,1000,2,0.4,0.8,0.3,2396249784,,241,0,3,,,0.0008046565495002195
368,PAH,1000,2,0.4,0.8,0.3,2396249784,,319,0,3,,,0.0007803641745845626
369,PAH,1000,2,0.4,0.8,0.3,2396249784,,755,0,2,,,0.0006159233041674414
370,PAH,1000,2,0.4,0.8,0.3,2396249784,,463,0,3,,,0.0007492239201102801
371,PAH,1000,2,0.4,0.8,0.3,2396249784,,623,0,2,,,0.0006059015202589194
372,PAH,1000,2,0.4,0.8,0.3,2396249784,,687,0,2,,,0.000538770615556999
373,PAH,1000,2,0.4,0.8,0.3,2396249784,,170,0,9,,,0.0020742206568152197
374,PAH,1000,2,0.4,0.8,0.3,2396249784,,646,0,2,,,0.0005639683239057788
375,PAH,1000,2,0.4,0.8,0.3,2396249784,,379,0,3,,,0.000766159062075856
376,PAH,1000,2,0.4,0.8,0.3,2396249784,,889,0,3,,,0.0007818161444070518
377,PAH,1000,2,0.4,0.8,0.3,2396249784,,653,0,2,,,0.0005944659714002897
378,PAH,1000,2,0.4,0.8,0.3,2396249784,,966,0,2,,,0.0005587946486364159
379,PAH,1000,2,0.4,0.8,0.3,2396249784,,658,0,2,,,0.0005363616532585441
380,PAH,1000,2,0.4,0.8,0.3,2396249784,,458,0,2,,,0.0005708417535535737
381,PAH,1000,2,0.4,0.8,0.3,2396249784,,75,0,5,,,0.001229476574656106
382,PAH,1000,2,0.4,0.8,0.3,2396249784,,622,0,2,,,0.000554415424409516
383,PAH,1000,2,0.4,0.8,0.3,2396249784,,465,0,2,,,0.0005362336234985244
384,PAH,1000,2,0.4,0.8,0.3,2396249784,,742,0,2,,,0.0005452204244375588
385,PAH,1000,2,0.4,0.8,0.3,2396249784,,335,0,3,,,0.0007416572811867696
386,PAH,1000,2,0.4,0.8,0.3,2396249784,,41,0,12,,,0.002786580763245997
387,PAH,1000,2,0.4,0.8,0.3,2396249784,,382,0,3,,,0.0007959366123776661
388,PAH,1000,2,0.4,0.8,0.3,2396249784,,417,0,3,,,0.0008133464176498454
389,PAH,1000,2,0.4,0.8,0.3,2396249784,,160,0,4,,,0.0009595339071247628
390,PAH,1000,2,0.4,0.8,0.3,2396249784,,8,0,35,,,0.007427275079408009
391,PAH,1000,2,0.4,0.8,0.3,2396249784,,280,0,4,,,0.0010119415385303207
392,PAH,1000,2,0.4,0.8,0.3,2396249784,,873,0,3,,,0.0008493107444692004
393,PAH,1000,2,0.4,0.8,0.3,2396249784,,824,0,2,,,0.0005977487826722881
394,PAH,1000,2,0.4,0.8,0.3,2396249784,,907,0,2,,,0.0005928953948584069
395,PAH,1000,2,0.4,0.8,0.3,2396249784,,390,0,3,,,0.0008065862636004014
396,PAH,1000,2,0.4,0.8,0.3,2396249784,,760,0,3,,,0.0007856937075521865
397,PAH,1000,2,0.4,0.8,0.3,2396249784,,34,0,17,,,0.003940057462452943
398,PAH,1000,2,0.4,0.8,0.3,2396249784,,406,0,3,,,0.0008003490884872277
399,PAH,1000,2,0.4,0.8,0.3,2396249784,,0,0,73,,,0.015502918814010357
400,PAH,1000,2,0.4,0.8,0.3,2396249784,,174,0,3,,,0.0007707181146200459
401,PAH,1000,2,0.4,0.8,0.3,2396249784,,924,0,2,,,0.0005427195924653755
402,PAH,1000,2,0.4,0.8,0.3,2396249784,,993,0,2,,,0.0005553393069857168
403,PAH,1000,2,0.4,0.8,0.3,2396249784,,551,0,2,,,0.0005562140380357537
404,PAH,1000,2,0.4,0.8,0.3,2396249784,,30,0,13,,,0.0029494752688112905
405,PAH,1000,2,0.4,0.8,0.3,2396249784,,302,0,2,,,0.0005417768396847805
406,PAH,1000,2,0.4,0.8,0.3,2396249784,,596,0,3,,,0.000756344236180574
407,PAH,1000,2,0.4,0.8,0.3,2396249784,,134,0,3,,,0.0007905960041420881
408,PAH,1000,2,0.4,0.8,0.3,2396249784,,289,0,3,,,0.0007901917643108269
409,PAH,1000,2,0.4,0.8,0.3,2396249784,,348,0,3,,,0.0007710527581292454
410,PAH,1000,2,0.4,0.8,0.3,2396249784,,347,0,5,,,0.001282093516784384
411,PAH,1000,2,0.4,0.8,0.3,2396249784,,65,0,22,,,0.0050268398496944545
412,PAH,1000,2,0.4,0.8,0.3,2396249784,,533,0,2,,,0.0005339463001199714
413,PAH,1000,2,0.4,0.8,0.3,2396249784,,814,0,2,,,0.000559765631945077
414,PAH,1000,2,0.4,0.8,0.3,2396249784,,840,0,2,,,0.0005780074800218438
415,PAH,1000,2,0.4,0.8,0.3,2396249784,,191,0,5,,,0.0011753208620710468
416,PAH,1000,2,0.4,0.8,0.3,2396249784,,792,0,3,,,0.0008227920657758002
417,PAH,1000,2,0.4,0.8,0.3,2396249784,,511,0,3,,,0.0008253876974845711
418,PAH,1000,2,0.4,0.8,0.3,2396249784,,9,0,15,,,0.0032130648887746067
419,PAH,1000,2,0.4,0.8,0.3,2396249784,,57,0,8,,,0.0018775607397713882
420,PAH,1000,2,0.4,0.8,0.3,2396249784,,13,0,25,,,0.005623277323623373
421,PAH,1000,2,0.4,0.8,0.3,2396249784,,880,0,2,,,0.0005515793996838891
422,PAH,1000,2,0.4,0.8,0.3,2396249784,,361,0,2,,,0.0005343258346021065
423,PAH,1000,2,0.4,0.8,0.3,2396249784,,517,0,3,,,0.0007759726256224064
424,PAH,1000,2,0.4,0.8,0.3,2396249784,,269,0,2,,,0.0005306630496641199
425,PAH,1000,2,0.4,0.8,0.3,2396249784,,468,0,3,,,0.0007952463269031233
426,PAH,1000,2,0.4,0.8,0.3,2396249784,,306,0,4,,,0.001031508938324988
427,PAH,1000,2,0.4,0.8,0.3,2396249784,,756,0,2,,,0.0005686258417858567
428,PAH,1000,2,0.4,0.8,0.3,2396249784,,488,0,3,,,0.0008126964334703367
429,PAH,1000,2,0.4,0.8,0.3,2396249784,,317,0,5,,,0.0012343036406751778
430,PAH,1000,2,0.4,0.8,0.3,2396249784,,959,0,2,,,0.0005608488670643321
431,PAH,1000,2,0.4,0.8,0.3,2396249784,,819,0,2,,,0.0005392369454545686
432,PAH,1000,2,0.4,0.8,0.3,2396249784,,721,0,2,,,0.0005475278058883524
433,PAH,1000,2,0.4,0.8,0.3,2396249784,,474,0,2,,,0.0005493060644934858
434,PAH,1000,2,0.4,0.8,0.3,2396249784,,484,0,4,,,0.001034747322521528
435,PAH,1000,2,0.4,0.8,0.3,2396249784,,73,0,2,,,0.0005297815742059163
436,PAH,1000,2,0.4,0.8,0.3,2396249784,,209,0,12,,,0.0027718724563416688
437,PAH,1000,2,0.4,0.8,0.3,2396249784,,453,0,3,,,0.0007917979731008605
438,PAH,1000,2,0.4,0.8,0.3,2396249784,,299,0,3,,,0.0007643052163821978
439,PAH,1000,2,0.4,0.8,0.3,2396249784,,162,0,4,,,0.00100670820355395
440,PAH,1000,2,0.4,0.8,0.3,2396249784,,391,0,2,,,0.0005273066712685392
441,PAH,1000,2,0.4,0.8,0.3,2396249784,,643,0,2,,,0.0005481103478303213
442,PAH,1000,2,0.4,0.8,0.3,2396249784,,516,0,2,,,0.0005374998060623996
443,PAH,1000,2,0.4,0.8,0.3,2396249784,,27,0,5,,,0.001202191439823133
444,PAH,1000,2,0.4,0.8,0.3,2396249784,,332,0,3,,,0.0007676234571280357
445,PAH,1000,2,0.4,0.8,0.3,2396249784,,810,0,2,,,0.0005638068472525432
446,PAH,1000,2,0.4,0.8,0.3,2396249784,,46,0,17,,,0.003842637605364136
447,PAH,1000,2,0.4,0.8,0.3,2396249784,,198,0,4,,,0.0010378707885998033
448,PAH,1000,2,0.4,0.8,0.3,2396249784,,67,0,10,,,0.002271362921578212
449,PAH,1000,2,0.4,0.8,0.3,2396249784,,534,0,3,,,0.0007968938399977407
450,PAH,1000,2,0.4,0.8,0.3,2396249784,,50,0,20,,,0.004632492663133301
451,PAH,1000,2,0.4,0.8,0.3,2396249784,,595,0,2,,,0.0005315223516646957
452,PAH,1000,2,0.4,0.8,0.3,2396249784,,684,0,2,,,0.0005490943788735783
453,PAH,1000,2,0.4,0.8,0.3,2396249784,,635,0,2,,,0.0005516824477681949
454,PAH,1000,2,0.4,0.8,0.3,2396249784,,252,0,3,,,0.0007964168778121899
455,PAH,1000,2,0.4,0.8,0.3,2396249784,,308,0,3,,,0.0007794134475346497
456,PAH,1000,2,0.4,0.8,0.3,2396249784,,131,0,2,,,0.0005579461717537866
457,PAH,1000,2,0.4,0.8,0.3,2396249784,,43,0,13,,,0.002997118947426667
458,PAH,1000,2,0.4,0.8,0.3,2396249784,,108,0,9,,,0.001997639692129527
459,PAH,1000,2,0.4,0.8,0.3,2396249784,,693,0,3,,,0.0008315034799427218
460,PAH,1000,2,0.4,0.8,0.3,2396249784,,918,0,2,,,0.0005433284821526917
461,PAH,1000,2,0.4,0.8,0.3,2396249784,,633,0,3,,,0.0008020368825872613
462,PAH,1000,2,0.4,0.8,0.3,2396249784,,870,0,2,,,0.0005878717551093438
463,PAH,1000,2,0.4,0.8,0.3,2396249784,,375,0,2,,,0.0005408728348231327
464,PAH,1000,2,0.4,0.8,0.3,2396249784,,414,0,5,,,0.001234613943149416
465,PAH,1000,2,0.4,0.8,0.3,2396249784,,445,0,2,,,0.0006027642977416438
466,PAH,1000,2,0.4,0.8,0.3,2396249784,,145,0,2,,,0.0005483286358369125
467,PAH,1000,2,0.4,0.8,0.3,2396249784,,181,0,5,,,0.001215781361614623
468,PAH,1000,2,0.4,0.8,0.3,2396249784,,730,0,2,,,0.0005321996398630613
469,PAH,1000,2,0.4,0.8,0.3,2396249784,,578,0,3,,,0.0007878841602796266
470,PAH,1000,2,0.4,0.8,0.3,2396249784,,788,0,2,,,0.0005432114688162164
471,PAH,1000,2,0.4,0.8,0.3,2396249784,,853,0,2,,,0.0005456613846011405
472,PAH,1000,2,0.4,0.8,0.3,2396249784,,15,0,14,,,0.003118493782856603
473,PAH,1000,2,0.4,0.8,0.3,2396249784,,395,0,4,,,0.0010149281571429389
474,PAH,1000,2,0.4,0.8,0.3,2396249784,,812,0,2,,,0.000536110680224465
475,PAH,1000,2,0.4,0.8,0.3,2396249784,,634,0,2,,,0.0005880972427186783
476,PAH,1000,2,0.4,0.8,0.3,2396249784,,820,0,2,,,0.0005150180948658884
477,PAH,1000,2,0.4,0.8,0.3,2396249784,,490,0,2,,,0.0005142804489643098
478,PAH,1000,2,0.4,0.8,0.3,2396249784,,424,0,3,,,0.0008008542409579746
479,PAH,1000,2,0.4,0.8,0.3,2396249784,,628,0,2,,,0.000561031424403934
480,PAH,1000,2,0.4,0.8,0.3,2396249784,,357,0,2,,,0.0006081269184703052
481,PAH,1000,2,0.4,0.8,0.3,2396249784,,270,0,2,,,0.0005352764828159808
482,PAH,1000,2,0.4,0.8,0.3,2396249784,,493,0,8,,,0.0018797068434032818
483,PAH,1000,2,0.4,0.8,0.3,2396249784,,351,0,6,,,0.0014499930840451757
484,PAH,1000,2,0.4,0.8,0.3,2396249784,,220,0,5,,,0.0011705546752892374
485,PAH,1000,2,0.4,0.8,0.3,2396249784,,779,0,2,,,0.0005533668622709354
486,PAH,1000,2,0.4,0.8,0.3,2396249784,,48,0,11,,,0.0025169614457345546
487,PAH,1000,2,0.4,0.8,0.3,2396249784,,169,0,10,,,0.0022922694704209253
488,PAH,1000,2,0.4,0.8,0.3,2396249784,,532,0,2,,,0.0005501393716865659
489,PAH,1000,2,0.4,0.8,0.3,2396249784,,696,0,2,,,0.000556906217221175
490,PAH,1000,2,0.4,0.8,0.3,2396249784,,787,0,2,,,0.0005892848954065826
491,PAH,1000,2,0.4,0.8,0.3,2396249784,,266,0,2,,,0.0005280235178302604
492,PAH,1000,2,0.4,0.8,0.3,2396249784,,969,0,2,,,0.0005939033575543455
493,PAH,1000,2,0.4,0.8,0.3,2396249784,,345,0,4,,,0.0010170037575798427
494,PAH,1000,2,0.4,0.8,0.3,2396249784,,313,0,2,,,0.0005475629620819332
495,PAH,1000,2,0.4,0.8,0.3,2396249784,,166,0,5,,,0.0012703428807048383
496,PAH,1000,2,0.4,0.8,0.3,2396249784,,913,0,2,,,0.0005863229289966707
497,PAH,1000,2,0.4,0.8,0.3,2396249784,,826,0,2,,,0.0006007638983256583
498,PAH,1000,2,0.4,0.8,0.3,2396249784,,187,0,3,,,0.000788955566675273
499,PAH,1000,2,0.4,0.8,0.3,2396249784,,674,0,3,,,0.0008315028470980705
500,PAH,1000,2,0.4,0.8,0.3,2396249784,,746,0,2,,,0.000576746292237541
501,PAH,1000,2,0.4,0.8,0.3,2396249784,,656,0,2,,,0.0006003027895443762
502,PAH,1000,2,0.4,0.8,0.3,2396249784,,614,0,3,,,0.0007647026846110849
503,PAH,1000,2,0.4,0.8,0.3,2396249784,,557,0,4,,,0.001052217429075337
504,PAH,1000,2,0.4,0.8,0.3,2396249784,,440,0,3,,,0.0008005194473053766
505,PAH,1000,2,0.4,0.8,0.3,2396249784,,758,0,3,,,0.0007895160682721023
506,PAH,1000,2,0.4,0.8,0.3,2396249784,,830,0,2,,,0.0005578989850290192
507,PAH,1000,2,0.4,0.8,0.3,2396249784,,324,0,4,,,0.001022736497191555
508,PAH,1000,2,0.4,0.8,0.3,2396249784,,799,0,2,,,0.0005436172882485515
509,PAH,1000,2,0.4,0.8,0.3,2396249784,,556,0,3,,,0.0008012274469407782
510,PAH,1000,2,0.4,0.8,0.3,2396249784,,278,0,7,,,0.0016940857091059128
511,PAH,1000,2,0.4,0.8,0.3,2396249784,,127,0,5,,,0.0012298453457767972
512,PAH,1000,2,0.4,0.8,0.3,2396249784,,616,0,2,,,0.0005753126802778763
513,PAH,1000,2,0.4,0.8,0.3,2396249784,,999,0,2,,,0.0005648373846034123
514,PAH,1000,2,0.4,0.8,0.3,2396249784,,917,0,2,,,0.0005816730784257325
515,PAH,1000,2,0.4,0.8,0.3,2396249784,,263,0,2,,,0.0005190756173485997
516,PAH,1000,2,0.4,0.8,0.3,2396249784,,620,0,2,,,0.0005558332330266888
517,PAH,1000,2,0.4,0.8,0.3,2396249784,,202,0,2,,,0.0005692869620321329
518,PAH,1000,2,0.4,0.8,0.3,2396249784,,300,0,5,,,0.0012608605846004097
519,PAH,1000,2,0.4,0.8,0.3,2396249784,,821,0,2,,,0.0005574991967331232
520,PAH,1000,2,0.4,0.8,0.3,2396249784,,692,0,2,,,0.0005826620021009781
521,PAH,1000,2,0.4,0.8,0.3,2396249784,,550,0,2,,,0.0005558955134584123
522,PAH,1000,2,0.4,0.8,0.3,2396249784,,512,0,5,,,0.0013194988338134876
523,PAH,1000,2,0.4,0.8,0.3,2396249784,,699,0,2,,,0.0005724975702856494
524,PAH,1000,2,0.4,0.8,0.3,2396249784,,528,0,2,,,0.000556662722517687
525,PAH,1000,2,0.4,0.8,0.3,2396249784,,945,0,2,,,0.0005714540414868992
526,PAH,1000,2,0.4,0.8,0.3,2396249784,,235,0,2,,,0.0005602112956778879
527,PAH,1000,2,0.4,0.8,0.3,2396249784,,909,0,2,,,0.0005725740194271279
528,PAH,1000,2,0.4,0.8,0.3,2396249784,,931,0,2,,,0.000595071806225934
529,PAH,1000,2,0.4,0.8,0.3,2396249784,,239,0,2,,,0.0005309823796880019
530,PAH,1000,2,0.4,0.8,0.3,2396249784,,795,0,2,,,0.0005555663398033312
531,PAH,1000,2,0.4,0.8,0.3,2396249784,,29,0,7,,,0.0016680940225514873
532,PAH,1000,2,0.4,0.8,0.3,2396249784,,99,0,5,,,0.0012444989029120085
533,PAH,1000,2,0.4,0.8,0.3,2396249784,,574,0,2,,,0.0005392678859155554
534,PAH,1000,2,0.4,0.8,0.3,2396249784,,274,0,3,,,0.0007730866381958513
535,PAH,1000,2,0.4,0.8,0.3,2396249784,,304,0,2,,,0.000537814806051234
536,PAH,1000,2,0.4,0.8,0.3,2396249784,,930,0,2,,,0.0005666187890967109
537,PAH,1000,2,0.4,0.8,0.3,2396249784,,576,0,2,,,0.0005324474776733126
538,PAH,1000,2,0.4,0.8,0.3,2396249784,,265,0,7,,,0.001660202564376238
539,PAH,1000,2,0.4,0.8,0.3,2396249784,,702,0,2,,,0.0005470976448754382
540,PAH,1000,2,0.4,0.8,0.3,2396249784,,881,0,2,,,0.0005603709564415699
541,PAH,1000,2,0.4,0.8,0.3,2396249784,,222,0,9,,,0.0021481287409494025
542,PAH,1000,2,0.4,0.8,0.3,2396249784,,418,0,3,,,0.0007989651851305218
543,PAH,1000,2,0.4,0.8,0.3,2396249784,,878,0,2,,,0.0005512111800343401
544,PAH,1000,2,0.4,0.8,0.3,2396249784,,240,0,5,,,0.0011948488140940917
545,PAH,1000,2,0.4,0.8,0.3,2396249784,,419,0,2,,,0.0005161112140566936
546,PAH,1000,2,0.4,0.8,0.3,2396249784,,479,0,3,,,0.000817385328603584
547,PAH,1000,2,0.4,0.8,0.3,2396249784,,420,0,2,,,0.0005729887944155145
548,PAH,1000,2,0.4,0.8,0.3,2396249784,,226,0,2,,,0.0005276606750960868
549,PAH,1000,2,0.4,0.8,0.3,2396249784,,121,0,3,,,0.000790205714133859
550,PAH,1000,2,0.4,0.8,0.3,2396249784,,28,0,19,,,0.004317320197589479
551,PAH,1000,2,0.4,0.8,0.3,2396249784,,356,0,4,,,0.0010147523530840187
552,PAH,1000,2,0.4,0.8,0.3,2396249784,,196,0,8,,,0.0018325417217575405
553,PAH,1000,2,0.4,0.8,0.3,2396249784,,77,0,10,,,0.002376073642261121
554,PAH,1000,2,0.4,0.8,0.3,2396249784,,789,0,2,,,0.0005592845731868005
555,PAH,1000,2,0.4,0.8,0.3,2396249784,,340,0,2,,,0.0005431830953317309
556,PAH,1000,2,0.4,0.8,0.3,2396249784,,149,0,3,,,0.0007687629229517264
557,PAH,1000,2,0.4,0.8,0.3,2396249784,,670,0,2,,,0.000547287259630684
558,PAH,1000,2,0.4,0.8,0.3,2396249784,,130,0,4,,,0.001010448477923021
559,PAH,1000,2,0.4,0.8,0.3,2396249784,,807,0,2,,,0.0006111080089318834
560,PAH,1000,2,0.4,0.8,0.3,2396249784,,92,0,3,,,0.0007632088739216939
561,PAH,1000,2,0.4,0.8,0.3,2396249784,,627,0,2,,,0.000566448375628713
562,PAH,1000,2,0.4,0.8,0.3,2396249784,,353,0,2,,,0.0005455565337274363
563,PAH,1000,2,0.4,0.8,0.3,2396249784,,180,0,5,,,0.0012703525006732745
564,PAH,1000,2,0.4,0.8,0.3,2396249784,,483,0,4,,,0.0010695349355504763
565,PAH,1000,2,0.4,0.8,0.3,2396249784,,38,0,20,,,0.004421723231489176
566,PAH,1000,2,0.4,0.8,0.3,2396249784,,790,0,2,,,0.0005569268195907933
567,PAH,1000,2,0.4,0.8,0.3,2396249784,,183,0,3,,,0.000779605349010151
568,PAH,1000,2,0.4,0.8,0.3,2396249784,,296,0,6,,,0.0014346038711518104
569,PAH,1000,2,0.4,0.8,0.3,2396249784,,37,0,6,,,0.0014136802950882304
570,PAH,1000,2,0.4,0.8,0.3,2396249784,,212,0,4,,,0.0010388406104993508
571,PAH,1000,2,0.4,0.8,0.3,2396249784,,664,0,2,,,0.0005757806800801914
572,PAH,1000,2,0.4,0.8,0.3,2396249784,,329,0,3,,,0.000793905660872055
573,PAH,1000,2,0.4,0.8,0.3,2396249784,,954,0,2,,,0.0006005278736889144
574,PAH,1000,2,0.4,0.8,0.3,2396249784,,739,0,2,,,0.0005921858435275876
575,PAH,1000,2,0.4,0.8,0.3,2396249784,,700,0,2,,,0.0005198420884531663
576,PAH,1000,2,0.4,0.8,0.3,2396249784,,672,0,3,,,0.0008120658870412726
577,PAH,1000,2,0.4,0.8,0.3,2396249784,,984,0,2,,,0.0005883347481644961
578,PAH,1000,2,0.4,0.8,0.3,2396249784,,735,0,2,,,0.00053592826120926
579,PAH,1000,2,0.4,0.8,0.3,2396249784,,548,0,3,,,0.0007873138167418687
580,PAH,1000,2,0.4,0.8,0.3,2396249784,,898,0,2,,,0.0005351593024175963
581,PAH,1000,2,0.4,0.8,0.3,2396249784,,141,0,5,,,0.0011648661744634848
582,PAH,1000,2,0.4,0.8,0.3,2396249784,,244,0,6,,,0.0014648658664278527
583,PAH,1000,2,0.4,0.8,0.3,2396249784,,230,0,3,,,0.0007702583951805146
584,PAH,1000,2,0.4,0.8,0.3,2396249784,,79,0,16,,,0.0035195459285287567
585,PAH,1000,2,0.4,0.8,0.3,2396249784,,513,0,3,,,0.000780132341758584
586,PAH,1000,2,0.4,0.8,0.3,2396249784,,59,0,18,,,0.004116579434314754
587,PAH,1000,2,0.4,0.8,0.3,2396249784,,965,0,2,,,0.0005368004390979748
588,PAH,1000,2,0.4,0.8,0.3,2396249784,,833,0,2,,,0.0005901672944112832
589,PAH,1000,2,0.4,0.8,0.3,2396249784,,923,0,2,,,0.0005513562588232679
590,PAH,1000,2,0.4,0.8,0.3,2396249784,,942,0,2,,,0.0005593749372382337
591,PAH,1000,2,0.4,0.8,0.3,2396249784,,715,0,2,,,0.0005484065343182868
592,PAH,1000,2,0.4,0.8,0.3,2396249784,,413,0,4,,,0.0010631181366546718
593,PAH,1000,2,0.4,0.8,0.3,2396249784,,839,0,2,,,0.0005822746766607362
594,PAH,1000,2,0.4,0.8,0.3,2396249784,,365,0,4,,,0.0010215491739171633
595,PAH,1000,2,0.4,0.8,0.3,2396249784,,234,0,4,,,0.0010151473908728544
596,PAH,1000,2,0.4,0.8,0.3,2396249784,,957,0,2,,,0.0005598688214003592
597,PAH,1000,2,0.4,0.8,0.3,2396249784,,884,0,2,,,0.0005619252867430975
598,PAH,1000,2,0.4,0.8,0.3,2396249784,,261,0,6,,,0.0014707886374957216
599,PAH,1000,2,0.4,0.8,0.3,2396249784,,964,0,2,,,0.0005562016163187931
600,PAH,1000,2,0.4,0.8,0.3,2396249784,,617,1,2,,,0.0005356886448565821
601,PAH,1000,2,0.4,0.8,0.3,2396249784,,54,1,9,,,0.002089977307535466
602,PAH,1000,2,0.4,0.8,0.3,2396249784,,629,1,3,,,0.0008014587548198171
603,PAH,1000,2,0.4,0.8,0.3,2396249784,,507,1,2,,,0.0005600745509472942
604,PAH,1000,2,0.4,0.8,0.3,2396249784,,860,1,2,,,0.0005712258356965418
605,PAH,1000,2,0.4,0.8,0.3,2396249784,,111,1,2,,,0.0005283520744622034
606,PAH,1000,2,0.4,0.8,0.3,2396249784,,827,1,2,,,0.0005968823634884263
607,PAH,1000,2,0.4,0.8,0.3,2396249784,,725,1,2,,,0.0005498237853011067
608,PAH,1000,2,0.4,0.8,0.3,2396249784,,752,1,2,,,0.0005735410807201068
609,PAH,1000,2,0.4,0.8,0.3,2396249784,,927,1,2,,,0.0005752217346634545
610,PAH,1000,2,0.4,0.8,0.3,2396249784,,115,1,6,,,0.0014211230440378693
611,PAH,1000,2,0.4,0.8,0.3,2396249784,,464,1,2,,,0.0005225791976064903
612,PAH,1000,2,0.4,0.8,0.3,2396249784,,501,1,3,,,0.0007970152927295929
613,PAH,1000,2,0.4,0.8,0.3,2396249784,,842,1,2,,,0.0005764042164699501
614,PAH,1000,2,0.4,0.8,0.3,2396249784,,17,1,22,,,0.004865385861602588
615,PAH,1000,2,0.4,0.8,0.3,2396249784,,651,1,2,,,0.0005397862317798344
616,PAH,1000,2,0.4,0.8,0.3,2396249784,,506,1,3,,,0.0007968580662688026
617,PAH,1000,2,0.4,0.8,0.3,2396249784,,271,1,3,,,0.0008017455852108305
618,PAH,1000,2,0.4,0.8,0.3,2396249784,,206,1,2,,,0.0005468670054662601
619,PAH,1000,2,0.4,0.8,0.3,2396249784,,295,1,4,,,0.0010311861322983538
620,PAH,1000,2,0.4,0.8,0.3,2396249784,,124,1,2,,,0.0005315223516646957
621,PAH,1000,2,0.4,0.8,0.3,2396249784,,803,1,3,,,0.0008116141319560382
622,PAH,1000,2,0.4,0.8,0.3,2396249784,,665,1,2,,,0.0005484769624544468
623,PAH,1000,2,0.4,0.8,0.3,2396249784,,976,1,2,,,0.0005362227099745344
624,PAH,1000,2,0.4,0.8,0.3,2396249784,,564,1,2,,,0.00059971882145832
625,PAH,1000,2,0.4,0.8,0.3,2396249784,,55,1,9,,,0.002038466308662553
626,PAH,1000,2,0.4,0.8,0.3,2396249784,,195,1,4,,,0.0009975088433960583
627,PAH,1000,2,0.4,0.8,0.3,2396249784,,822,1,2,,,0.0005938066860245081
628,PAH,1000,2,0.4,0.8,0.3,2396249784,,983,1,2,,,0.0005925070547231634
629,PAH,1000,2,0.4,0.8,0.3,2396249784,,204,1,6,,,0.001450081510518733
630,PAH,1000,2,0.4,0.8,0.3,2396249784,,330,1,3,,,0.0008316396393584647
631,PAH,1000,2,0.4,0.8,0.3,2396249784,,749,1,2,,,0.0005813050243180238
632,PAH,1000,2,0.4,0.8,0.3,2396249784,,891,1,2,,,0.0005691427078746386
633,PAH,1000,2,0.4,0.8,0.3,2396249784,,118,1,8,,,0.0018753588596439458
634,PAH,1000,2,0.4,0.8,0.3,2396249784,,776,1,2,,,0.0005634990759447742
635,PAH,1000,2,0.4,0.8,0.3,2396249784,,400,1,4,,,0.001029933224172359
636,PAH,1000,2,0.4,0.8,0.3,2396249784,,272,1,2,,,0.0005486148274221888
637,PAH,1000,2,0.4,0.8,0.3,2396249784,,473,1,4,,,0.0010246423818467889
638,PAH,1000,2,0.4,0.8,0.3,2396249784,,797,1,2,,,0.0005655591382694056
639,PAH,1000,2,0.4,0.8,0.3,2396249784,,571,1,2,,,0.0005475296453111958
640,PAH,1000,2,0.4,0.8,0.3,2396249784,,410,1,7,,,0.0017133154179016876
641,PAH,1000,2,0.4,0.8,0.3,2396249784,,24,1,6,,,0.0014023604718655693
642,PAH,1000,2,0.4,0.8,0.3,2396249784,,625,1,2,,,0.000592892145721801
643,PAH,1000,2,0.4,0.8,0.3,2396249784,,363,1,3,,,0.0008127294959191574
644,PAH,1000,2,0.4,0.8,0.3,2396249784,,394,1,2,,,0.0005466960687536231
645,PAH,1000,2,0.4,0.8,0.3,2396249784,,562,1,2,,,0.0005671089880555837
646,PAH,1000,2,0.4,0.8,0.3,2396249784,,902,1,2,,,0.0005628206054912087
647,PAH,1000,2,0.4,0.8,0.3,2396249784,,744,1,2,,,0.0005414302661036662
648,PAH,1000,2,0.4,0.8,0.3,2396249784,,887,1,2,,,0.0006010795894722876
649,PAH,1000,2,0.4,0.8,0.3,2396249784,,85,1,3,,,0.0007346784685939168
650,PAH,1000,2,0.4,0.8,0.3,2396249784,,888,1,2,,,0.0005364106630832224
651,PAH,1000,2,0.4,0.8,0.3,2396249784,,344,1,2,,,0.0005593678565987912
652,PAH,1000,2,0.4,0.8,0.3,2396249784,,537,1,2,,,0.0005426489766469375
653,PAH,1000,2,0.4,0.8,0.3,2396249784,,236,1,4,,,0.0010124407410641249
654,PAH,1000,2,0.4,0.8,0.3,2396249784,,611,1,2,,,0.0005382900371012342
655,PAH,1000,2,0.4,0.8,0.3,2396249784,,527,1,2,,,0.0005475950510612509
656,PAH,1000,2,0.4,0.8,0.3,2396249784,,323,1,5,,,0.0012714161454500594
657,PAH,1000,2,0.4,0.8,0.3,2396249784,,982,1,2,,,0.0005465979101177248
658,PAH,1000,2,0.4,0.8,0.3,2396249784,,771,1,2,,,0.0005763600883470915
659,PAH,1000,2,0.4,0.8,0.3,2396249784,,800,1,2,,,0.0005573272126316703
660,PAH,1000,2,0.4,0.8,0.3,2396249784,,95,1,5,,,0.0011972574648603043
661,PAH,1000,2,0.4,0.8,0.3,2396249784,,940,1,2,,,0.0006034187670062932
662,PAH,1000,2,0.4,0.8,0.3,2396249784,,478,1,2,,,0.0005498938247620001
663,PAH,1000,2,0.4,0.8,0.3,2396249784,,971,1,2,,,0.0005401274928184584
664,PAH,1000,2,0.4,0.8,0.3,2396249784,,87,1,8,,,0.0018515814426119295
665,PAH,1000,2,0.4,0.8,0.3,2396249784,,952,1,2,,,0.0005409526375729018
666,PAH,1000,2,0.4,0.8,0.3,2396249784,,100,1,5,,,0.0012579390749186978
667,PAH,1000,2,0.4,0.8,0.3,2396249784,,442,1,6,,,0.0015433713032018174
668,PAH,1000,2,0.4,0.8,0.3,2396249784,,644,1,2,,,0.0005272602471401101
669,PAH,1000,2,0.4,0.8,0.3,2396249784,,573,1,3,,,0.0007994073754389096
670,PAH,1000,2,0.4,0.8,0.3,2396249784,,364,1,3,,,0.0008470603801256135
671,PAH,1000,2,0.4,0.8,0.3,2396249784,,713,1,3,,,0.0007989125293428096
672,PAH,1000,2,0.4,0.8,0.3,2396249784,,138,1,10,,,0.002264302467849103
673,PAH,1000,2,0.4,0.8,0.3,2396249784,,929,1,2,,,0.0005910078781454127
674,PAH,1000,2,0.4,0.8,0.3,2396249784,,719,1,2,,,0.0005605432741868379
675,PAH,1000,2,0.4,0.8,0.3,2396249784,,980,1,2,,,0.0005503617731710194
676,PAH,1000,2,0.4,0.8,0.3,2396249784,,515,1,7,,,0.0017275257291019487
677,PAH,1000,2,0.4,0.8,0.3,2396249784,,366,1,3,,,0.0007868071110482798
678,PAH,1000,2,0.4,0.8,0.3,2396249784,,88,1,17,,,0.0038533051680439065
679,PAH,1000,2,0.4,0.8,0.3,2396249784,,683,1,2,,,0.0005815843302473054
680,PAH,1000,2,0.4,0.8,0.3,2396249784,,741,1,2,,,0.0005386635295497571
681,PAH,1000,2,0.4,0.8,0.3,2396249784,,835,1,2,,,0.0006036543104004033
682,PAH,1000,2,0.4,0.8,0.3,2396249784,,106,1,6,,,0.0014182068532279483
683,PAH,1000,2,0.4,0.8,0.3,2396249784,,733,1,2,,,0.0005392183715746738
684,PAH,1000,2,0.4,0.8,0.3,2396249784,,246,1,2,,,0.0005540856066000968
685,PAH,1000,2,0.4,0.8,0.3,2396249784,,968,1,2,,,0.0005241543397786878
686,PAH,1000,2,0.4,0.8,0.3,2396249784,,808,1,2,,,0.000569283843920041
687,PAH,1000,2,0.4,0.8,0.3,2396249784,,64,1,8,,,0.0018606652429273378
688,PAH,1000,2,0.4,0.8,0.3,2396249784,,649,1,2,,,0.0005721120026976796
689,PAH,1000,2,0.4,0.8,0.3,2396249784,,801,1,3,,,0.0008176660917020897
690,PAH,1000,2,0.4,0.8,0.3,2396249784,,182,1,2,,,0.0005118407685757777
691,PAH,1000,2,0.4,0.8,0.3,2396249784,,847,1,2,,,0.0005577663461164886
692,PAH,1000,2,0.4,0.8,0.3,2396249784,,663,1,2,,,0.0005625158062525363
693,PAH,1000,2,0.4,0.8,0.3,2396249784,,636,1,2,,,0.0005317687711832617
694,PAH,1000,2,0.4,0.8,0.3,2396249784,,454,1,2,,,0.0005745716476855305
695,PAH,1000,2,0.4,0.8,0.3,2396249784,,286,1,4,,,0.0010202210718647641
696,PAH,1000,2,0.4,0.8,0.3,2396249784,,618,1,2,,,0.0005577603793811169
697,PAH,1000,2,0.4,0.8,0.3,2396249784,,815,1,3,,,0.0008033163354801179
698,PAH,1000,2,0.4,0.8,0.3,2396249784,,877,1,2,,,0.0005723367041493747
699,PAH,1000,2,0.4,0.8,0.3,2396249784,,994,1,2,,,0.0005400453206834477
700,PAH,1000,2,0.4,0.8,0.3,2396249784,,44,1,27,,,0.006040298121459845
701,PAH,1000,2,0.4,0.8,0.3,2396249784,,554,1,3,,,0.0008129323671210025
702,PAH,1000,2,0.4,0.8,0.3,2396249784,,443,1,4,,,0.0010021347884586107
703,PAH,1000,2,0.4,0.8,0.3,2396249784,,694,1,2,,,0.0005399394864509318
704,PAH,1000,2,0.4,0.8,0.3,2396249784,,337,1,2,,,0.0005618713024543425
705,PAH,1000,2,0.4,0.8,0.3,2396249784,,408,1,4,,,0.0010112876961888353
706,PAH,1000,2,0.4,0.8,0.3,2396249784,,613,1,2,,,0.0005343258346021065
707,PAH,1000,2,0.4,0.8,0.3,2396249784,,848,1,2,,,0.0005760660983360712
708,PAH,1000,2,0.4,0.8,0.3,2396249784,,384,1,4,,,0.0010496880282683018
709,PAH,1000,2,0.4,0.8,0.3,2396249784,,480,1,2,,,0.000570152672462771
710,PAH,1000,2,0.4,0.8,0.3,2396249784,,262,1,2,,,0.0005447430889132006
711,PAH,1000,2,0.4,0.8,0.3,2396249784,,508,1,3,,,0.0007841657136912657
712,PAH,1000,2,0.4,0.8,0.3,2396249784,,173,1,9,,,0.002124037988388622
713,PAH,1000,2,0.4,0.8,0.3,2396249784,,583,1,2,,,0.0005602938244968842
714,PAH,1000,2,0.4,0.8,0.3,2396249784,,297,1,5,,,0.001298940785271319
715,PAH,1000,2,0.4,0.8,0.3,2396249784,,439,1,6,,,0.0015089197932137259
716,PAH,1000,2,0.4,0.8,0.3,2396249784,,429,1,4,,,0.0010285321561478318
717,PAH,1000,2,0.4,0.8,0.3,2396249784,,438,1,2,,,0.0005392183715746738
718,PAH,1000,2,0.4,0.8,0.3,2396249784,,248,1,2,,,0.0005328556753103251
719,PAH,1000,2,0.4,0.8,0.3,2396249784,,689,1,3,,,0.0008532454280049533
720,PAH,1000,2,0.4,0.8,0.3,2396249784,,3,1,41,,,0.008824797417811616
721,PAH,1000,2,0.4,0.8,0.3,2396249784,,132,1,5,,,0.0012259123992959253
722,PAH,1000,2,0.4,0.8,0.3,2396249784,,796,1,2,,,0.0005566057423619834
723,PAH,1000,2,0.4,0.8,0.3,2396249784,,688,1,3,,,0.0008261538530969216
724,PAH,1000,2,0.4,0.8,0.3,2396249784,,895,1,2,,,0.0005394449519383442
725,PAH,1000,2,0.4,0.8,0.3,2396249784,,914,1,2,,,0.0005228984996371616
726,PAH,1000,2,0.4,0.8,0.3,2396249784,,2,1,87,,,0.018559385785866488
727,PAH,1000,2,0.4,0.8,0.3,2396249784,,52,1,4,,,0.0009687069859476029
728,PAH,1000,2,0.4,0.8,0.3,2396249784,,110,1,18,,,0.004034234577485955
729,PAH,1000,2,0.4,0.8,0.3,2396249784,,176,1,6,,,0.0014744987890542858
730,PAH,1000,2,0.4,0.8,0.3,2396249784,,86,1,11,,,0.002569799863092849
731,PAH,1000,2,0.4,0.8,0.3,2396249784,,325,1,2,,,0.0005879052067109627
732,PAH,1000,2,0.4,0.8,0.3,2396249784,,245,1,5,,,0.0012643738767943917
733,PAH,1000,2,0.4,0.8,0.3,2396249784,,84,1,3,,,0.0007350768220542215
734,PAH,1000,2,0.4,0.8,0.3,2396249784,,42,1,3,,,0.0007844065325108004
735,PAH,1000,2,0.4,0.8,0.3,2396249784,,707,1,3,,,0.0007990740741176047
736,PAH,1000,2,0.4,0.8,0.3,2396249784,,836,1,2,,,0.0005734072745500644
737,PAH,1000,2,0.4,0.8,0.3,2396249784,,190,1,2,,,0.0005381985858581126
738,PAH,1000,2,0.4,0.8,0.3,2396249784,,961,1,2,,,0.0005522561724351879
739,PAH,1000,2,0.4,0.8,0.3,2396249784,,495,1,4,,,0.0010711963362263369
740,PAH,1000,2,0.4,0.8,0.3,2396249784,,133,1,10,,,0.002275985343154679
741,PAH,1000,2,0.4,0.8,0.3,2396249784,,254,1,11,,,0.0026394185753707004
742,PAH,1000,2,0.4,0.8,0.3,2396249784,,939,1,2,,,0.0005689289937788228
743,PAH,1000,2,0.4,0.8,0.3,2396249784,,409,1,3,,,0.0008047795590410478
744,PAH,1000,2,0.4,0.8,0.3,2396249784,,619,1,2,,,0.0005777481297021674
745,PAH,1000,2,0.4,0.8,0.3,2396249784,,461,1,2,,,0.0005365236584357226
746,PAH,1000,2,0.4,0.8,0.3,2396249784,,861,1,2,,,0.0005872966560365103
747,PAH,1000,2,0.4,0.8,0.3,2396249784,,71,1,10,,,0.0023213549670467216
748,PAH,1000,2,0.4,0.8,0.3,2396249784,,283,1,2,,,0.0005384728449187486
749,PAH,1000,2,0.4,0.8,0.3,2396249784,,326,1,7,,,0.0017106488947558815
750,PAH,1000,2,0.4,0.8,0.3,2396249784,,312,1,2,,,0.0005574092796200637
751,PAH,1000,2,0.4,0.8,0.3,2396249784,,380,1,3,,,0.0007760606544515751
752,PAH,1000,2,0.4,0.8,0.3,2396249784,,455,1,5,,,0.0012555714464043228
753,PAH,1000,2,0.4,0.8,0.3,2396249784,,215,1,3,,,0.0007463720433357624
754,PAH,1000,2,0.4,0.8,0.3,2396249784,,546,1,2,,,0.0005664461631270339
755,PAH,1000,2,0.4,0.8,0.3,2396249784,,867,1,2,,,0.0005603966749752759
756,PAH,1000,2,0.4,0.8,0.3,2396249784,,178,1,6,,,0.0014710600495629013
757,PAH,1000,2,0.4,0.8,0.3,2396249784,,383,1,2,,,0.0005583423564652273
758,PAH,1000,2,0.4,0.8,0.3,2396249784,,525,1,3,,,0.000804274827399578
759,PAH,1000,2,0.4,0.8,0.3,2396249784,,223,1,7,,,0.0017158828468889658
760,PAH,1000,2,0.4,0.8,0.3,2396249784,,747,1,2,,,0.0005210592219259377
761,PAH,1000,2,0.4,0.8,0.3,2396249784,,911,1,2,,,0.0005679653486731276
762,PAH,1000,2,0.4,0.8,0.3,2396249784,,523,1,4,,,0.0009928466040022245
763,PAH,1000,2,0.4,0.8,0.3,2396249784,,171,1,5,,,0.0012863423764286914
764,PAH,1000,2,0.4,0.8,0.3,2396249784,,405,1,2,,,0.000550694546653665
765,PAH,1000,2,0.4,0.8,0.3,2396249784,,659,1,2,,,0.0005917165055326146
766,PAH,1000,2,0.4,0.8,0.3,2396249784,,997,1,2,,,0.0005472494961634814
767,PAH,1000,2,0.4,0.8,0.3,2396249784,,18,1,16,,,0.003683327470179886
768,PAH,1000,2,0.4,0.8,0.3,2396249784,,334,1,5,,,0.0012213555268140064
769,PAH,1000,2,0.4,0.8,0.3,2396249784,,91,1,6,,,0.0014160619034081718
770,PAH,1000,2,0.4,0.8,0.3,2396249784,,144,1,9,,,0.0021158033060543636
771,PAH,1000,2,0.4,0.8,0.3,2396249784,,421,1,3,,,0.000797013461491546
772,PAH,1000,2,0.4,0.8,0.3,2396249784,,934,1,2,,,0.0005133796509981565
773,PAH,1000,2,0.4,0.8,0.3,2396249784,,362,1,2,,,0.0005333966445549355
774,PAH,1000,2,0.4,0.8,0.3,2396249784,,712,1,2,,,0.0005411993204733099
775,PAH,1000,2,0.4,0.8,0.3,2396249784,,26,1,7,,,0.0015837126185408433
776,PAH,1000,2,0.4,0.8,0.3,2396249784,,303,1,3,,,0.0008143000513318815
777,PAH,1000,2,0.4,0.8,0.3,2396249784,,137,1,3,,,0.000741586184190248
778,PAH,1000,2,0.4,0.8,0.3,2396249784,,291,1,4,,,0.0010456086657167276
779,PAH,1000,2,0.4,0.8,0.3,2396249784,,555,1,2,,,0.0005619531059309844
780,PAH,1000,2,0.4,0.8,0.3,2396249784,,671,1,2,,,0.0005451066857895728
781,PAH,1000,2,0.4,0.8,0.3,2396249784,,294,1,6,,,0.001478182453342709
782,PAH,1000,2,0.4,0.8,0.3,2396249784,,23,1,8,,,0.0018816341079824963
783,PAH,1000,2,0.4,0.8,0.3,2396249784,,763,1,2,,,0.0005841926525231095
784,PAH,1000,2,0.4,0.8,0.3,2396249784,,794,1,2,,,0.000540395722431764
785,PAH,1000,2,0.4,0.8,0.3,2396249784,,321,1,12,,,0.002845209989282339
786,PAH,1000,2,0.4,0.8,0.3,2396249784,,950,1,2,,,0.0005456185806408558
787,PAH,1000,2,0.4,0.8,0.3,2396249784,,233,1,3,,,0.0007534325860327563
788,PAH,1000,2,0.4,0.8,0.3,2396249784,,268,1,3,,,0.0007567282281432624
789,PAH,1000,2,0.4,0.8,0.3,2396249784,,748,1,2,,,0.0005647293257117894
790,PAH,1000,2,0.4,0.8,0.3,2396249784,,645,1,2,,,0.0005542200265062133
791,PAH,1000,2,0.4,0.8,0.3,2396249784,,943,1,2,,,0.000550760718625745
792,PAH,1000,2,0.4,0.8,0.3,2396249784,,343,1,4,,,0.0010361463922425537
793,PAH,1000,2,0.4,0.8,0.3,2396249784,,637,1,2,,,0.0005306477479929013
794,PAH,1000,2,0.4,0.8,0.3,2396249784,,219,1,10,,,0.0023449460509896844
795,PAH,1000,2,0.4,0.8,0.3,2396249784,,315,1,2,,,0.0005467742388118355
796,PAH,1000,2,0.4,0.8,0.3,2396249784,,522,1,3,,,0.0007989026535148708
797,PAH,1000,2,0.4,0.8,0.3,2396249784,,967,1,2,,,0.0005384163849921343
798,PAH,1000,2,0.4,0.8,0.3,2396249784,,359,1,3,,,0.000784480023962695
799,PAH,1000,2,0.4,0.8,0.3,2396249784,,567,1,2,,,0.0005591492008127875
800,PAH,1000,2,0.4,0.8,0.3,2396249784,,136,1,6,,,0.0014512746396966455
801,PAH,1000,2,0.4,0.8,0.3,2396249784,,328,1,2,,,0.0005352282812527377
802,PAH,1000,2,0.4,0.8,0.3,2396249784,,585,1,5,,,0.0013248209748922676
803,PAH,1000,2,0.4,0.8,0.3,2396249784,,292,1,2,,,0.000535986303745027
804,PAH,1000,2,0.4,0.8,0.3,2396249784,,53,1,6,,,0.0013985824520061
805,PAH,1000,2,0.4,0.8,0.3,2396249784,,175,1,10,,,0.002435133741580334
806,PAH,1000,2,0.4,0.8,0.3,2396249784,,761,1,2,,,0.0005598584821186217
807,PAH,1000,2,0.4,0.8,0.3,2396249784,,159,1,8,,,0.0019592660599375054
808,PAH,1000,2,0.4,0.8,0.3,2396249784,,723,1,2,,,0.000567926199555995
809,PAH,1000,2,0.4,0.8,0.3,2396249784,,216,1,5,,,0.001193494568236286
810,PAH,1000,2,0.4,0.8,0.3,2396249784,,837,1,2,,,0.0005792465194621221
811,PAH,1000,2,0.4,0.8,0.3,2396249784,,423,1,3,,,0.0008524103240130851
812,PAH,1000,2,0.4,0.8,0.3,2396249784,,148,1,7,,,0.001646542006003666
813,PAH,1000,2,0.4,0.8,0.3,2396249784,,104,1,6,,,0.0014508205622471662
814,PAH,1000,2,0.4,0.8,0.3,2396249784,,412,1,4,,,0.0010201634361129888
815,PAH,1000,2,0.4,0.8,0.3,2396249784,,751,1,3,,,0.0007628899087297219
816,PAH,1000,2,0.4,0.8,0.3,2396249784,,327,1,4,,,0.001060062718726273
817,PAH,1000,2,0.4,0.8,0.3,2396249784,,200,1,6,,,0.00144705393775964
818,PAH,1000,2,0.4,0.8,0.3,2396249784,,936,1,2,,,0.0005268544051840168
819,PAH,1000,2,0.4,0.8,0.3,2396249784,,767,1,2,,,0.0005767070818523739
820,PAH,1000,2,0.4,0.8,0.3,2396249784,,243,1,7,,,0.0017121419150270475
821,PAH,1000,2,0.4,0.8,0.3,2396249784,,549,1,3,,,0.0007758615111939543
822,PAH,1000,2,0.4,0.8,0.3,2396249784,,228,1,7,,,0.0016543707429622358
823,PAH,1000,2,0.4,0.8,0.3,2396249784,,783,1,2,,,0.0005773033378916579
824,PAH,1000,2,0.4,0.8,0.3,2396249784,,482,1,5,,,0.001260443191182002
825,PAH,1000,2,0.4,0.8,0.3,2396249784,,47,1,5,,,0.0012584290795804476
826,PAH,1000,2,0.4,0.8,0.3,2396249784,,899,1,2,,,0.0005512314024828806
827,PAH,1000,2,0.4,0.8,0.3,2396249784,,605,1,2,,,0.0005619192839561925
828,PAH,1000,2,0.4,0.8,0.3,2396249784,,593,1,2,,,0.0005431488168338808
829,PAH,1000,2,0.4,0.8,0.3,2396249784,,673,1,2,,,0.0005432219065097224
830,PAH,1000,2,0.4,0.8,0.3,2396249784,,459,1,4,,,0.0010317168026904738
831,PAH,1000,2,0.4,0.8,0.3,2396249784,,404,1,7,,,0.0017382553996006184
832,PAH,1000,2,0.4,0.8,0.3,2396249784,,862,1,2,,,0.0005787288399062825
833,PAH,1000,2,0.4,0.8,0.3,2396249784,,990,1,2,,,0.000551631527011816
834,PAH,1000,2,0.4,0.8,0.3,2396249784,,915,1,2,,,0.0005657815227316494
835,PAH,1000,2,0.4,0.8,0.3,2396249784,,352,1,2,,,0.0005585276556701055
836,PAH,1000,2,0.4,0.8,0.3,2396249784,,714,1,2,,,0.0005708360135944052
837,PAH,1000,2,0.4,0.8,0.3,2396249784,,591,1,2,,,0.0005733590106063068
838,PAH,1000,2,0.4,0.8,0.3,2396249784,,208,1,6,,,0.0014956527512523501
839,PAH,1000,2,0.4,0.8,0.3,2396249784,,974,1,2,,,0.0005722973204514329
840,PAH,1000,2,0.4,0.8,0.3,2396249784,,378,1,3,,,0.0008000117006099704
841,PAH,1000,2,0.4,0.8,0.3,2396249784,,250,1,2,,,0.0005678777811960174
842,PAH,1000,2,0.4,0.8,0.3,2396249784,,70,1,2,,,0.0005442637448685326
843,PAH,1000,2,0.4,0.8,0.3,2396249784,,491,1,3,,,0.0008148785236418546
844,PAH,1000,2,0.4,0.8,0.3,2396249784,,411,1,3,,,0.0007885743572318579
845,PAH,1000,2,0.4,0.8,0.3,2396249784,,868,1,2,,,0.000552757085602238
846,PAH,1000,2,0.4,0.8,0.3,2396249784,,652,1,2,,,0.0005118407685757777
847,PAH,1000,2,0.4,0.8,0.3,2396249784,,711,1,2,,,0.000563654790732067
848,PAH,1000,2,0.4,0.8,0.3,2396249784,,607,1,2,,,0.0005778141537487563
849,PAH,1000,2,0.4,0.8,0.3,2396249784,,717,1,3,,,0.0008087108736090562
850,PAH,1000,2,0.4,0.8,0.3,2396249784,,260,1,3,,,0.0007920064139143918
851,PAH,1000,2,0.4,0.8,0.3,2396249784,,781,1,2,,,0.000541772545268726
852,PAH,1000,2,0.4,0.8,0.3,2396249784,,168,1,6,,,0.0014445590590836522
853,PAH,1000,2,0.4,0.8,0.3,2396249784,,58,1,4,,,0.0009356792856751974
854,PAH,1000,2,0.4,0.8,0.3,2396249784,,686,1,2,,,0.0005983007962234445
855,PAH,1000,2,0.4,0.8,0.3,2396249784,,610,1,2,,,0.0005796024506348265
856,PAH,1000,2,0.4,0.8,0.3,2396249784,,809,1,2,,,0.0005586274454316796
857,PAH,1000,2,0.4,0.8,0.3,2396249784,,370,1,5,,,0.0012379130196632183
858,PAH,1000,2,0.4,0.8,0.3,2396249784,,242,1,2,,,0.0005506768937106655
859,PAH,1000,2,0.4,0.8,0.3,2396249784,,205,1,2,,,0.0005236567164028069
860,PAH,1000,2,0.4,0.8,0.3,2396249784,,35,1,8,,,0.0018822268302344743
861,PAH,1000,2,0.4,0.8,0.3,2396249784,,989,1,2,,,0.0005304506846448441
862,PAH,1000,2,0.4,0.8,0.3,2396249784,,393,1,3,,,0.0008240503782900311
863,PAH,1000,2,0.4,0.8,0.3,2396249784,,89,1,6,,,0.0014180749382586015
864,PAH,1000,2,0.4,0.8,0.3,2396249784,,277,1,2,,,0.0005445646231224116
865,PAH,1000,2,0.4,0.8,0.3,2396249784,,594,1,4,,,0.0010537540035987952
866,PAH,1000,2,0.4,0.8,0.3,2396249784,,437,1,3,,,0.00080606445165901
867,PAH,1000,2,0.4,0.8,0.3,2396249784,,805,1,2,,,0.0005704265865977362
868,PAH,1000,2,0.4,0.8,0.3,2396249784,,545,1,2,,,0.0005366076830050739
869,PAH,1000,2,0.4,0.8,0.3,2396249784,,21,1,18,,,0.004000626231825914
870,PAH,1000,2,0.4,0.8,0.3,2396249784,,938,1,2,,,0.0005609793881692912
871,PAH,1000,2,0.4,0.8,0.3,2396249784,,140,1,6,,,0.0014552041775997627
872,PAH,1000,2,0.4,0.8,0.3,2396249784,,22,1,4,,,0.0009912047554602023
873,PAH,1000,2,0.4,0.8,0.3,2396249784,,355,1,6,,,0.0014705720237828171
874,PAH,1000,2,0.4,0.8,0.3,2396249784,,782,1,2,,,0.0005432704530924805
875,PAH,1000,2,0.4,0.8,0.3,2396249784,,403,1,2,,,0.0005893981452266988
876,PAH,1000,2,0.4,0.8,0.3,2396249784,,998,1,2,,,0.0005766690946928794
877,PAH,1000,2,0.4,0.8,0.3,2396249784,,838,1,2,,,0.0005556443926060409
878,PAH,1000,2,0.4,0.8,0.3,2396249784,,678,1,2,,,0.0005696187096742245
879,PAH,1000,2,0.4,0.8,0.3,2396249784,,586,1,2,,,0.000564382519893076
880,PAH,1000,2,0.4,0.8,0.3,2396249784,,275,1,5,,,0.0012321540450133638
881,PAH,1000,2,0.4,0.8,0.3,2396249784,,661,1,3,,,0.000861829832546308
882,PAH,1000,2,0.4,0.8,0.3,2396249784,,892,1,3,,,0.0007849601111229812
883,PAH,1000,2,0.4,0.8,0.3,2396249784,,709,1,2,,,0.0005480898827350254
884,PAH,1000,2,0.4,0.8,0.3,2396249784,,570,1,5,,,0.0012918010514914582
885,PAH,1000,2,0.4,0.8,0.3,2396249784,,963,1,2,,,0.0006021593157391774
886,PAH,1000,2,0.4,0.8,0.3,2396249784,,338,1,2,,,0.0005570687734731885
887,PAH,1000,2,0.4,0.8,0.3,2396249784,,276,1,2,,,0.0005677865459637571
888,PAH,1000,2,0.4,0.8,0.3,2396249784,,793,1,2,,,0.0005539416997318463
889,PAH,1000,2,0.4,0.8,0.3,2396249784,,757,1,2,,,0.000561290666559988
890,PAH,1000,2,0.4,0.8,0.3,2396249784,,558,1,2,,,0.0005618502493611767
891,PAH,1000,2,0.4,0.8,0.3,2396249784,,575,1,3,,,0.0008322897041945104
892,PAH,1000,2,0.4,0.8,0.3,2396249784,,587,1,2,,,0.0005394589554575166
893,PAH,1000,2,0.4,0.8,0.3,2396249784,,768,1,4,,,0.0010735345336772158
894,PAH,1000,2,0.4,0.8,0.3,2396249784,,457,1,2,,,0.0005323764282475236
895,PAH,1000,2,0.4,0.8,0.3,2396249784,,19,1,20,,,0.00459153310924646
896,PAH,1000,2,0.4,0.8,0.3,2396249784,,498,1,4,,,0.0010400151167497035
897,PAH,1000,2,0.4,0.8,0.3,2396249784,,76,1,3,,,0.0007623849067199607
898,PAH,1000,2,0.4,0.8,0.3,2396249784,,922,1,2,,,0.0005243931767184242
899,PAH,1000,2,0.4,0.8,0.3,2396249784,,804,1,2,,,0.0005536739478952019
900,PAH,1000,2,0.4,0.8,0.3,2396249784,,63,1,4,,,0.0009569380150400622
901,PAH,1000,2,0.4,0.8,0.3,2396249784,,434,1,3,,,0.0007952850238905999
902,PAH,1000,2,0.4,0.8,0.3,2396249784,,279,1,2,,,0.0005589962115441537
903,PAH,1000,2,0.4,0.8,0.3,2396249784,,122,1,2,,,0.0005252505343005001
904,PAH,1000,2,0.4,0.8,0.3,2396249784,,647,1,2,,,0.0005550676281668312
905,PAH,1000,2,0.4,0.8,0.3,2396249784,,112,1,3,,,0.0007451955018417106
906,PAH,1000,2,0.4,0.8,0.3,2396249784,,869,1,2,,,0.0005537962976345296
907,PAH,1000,2,0.4,0.8,0.3,2396249784,,598,1,2,,,0.0005291333959101002
908,PAH,1000,2,0.4,0.8,0.3,2396249784,,11,1,14,,,0.0030885316554578094
909,PAH,1000,2,0.4,0.8,0.3,2396249784,,105,1,5,,,0.0012339204458075943
910,PAH,1000,2,0.4,0.8,0.3,2396249784,,932,1,2,,,0.0005497090740364493
911,PAH,1000,2,0.4,0.8,0.3,2396249784,,879,1,2,,,0.0005202391885606786
912,PAH,1000,2,0.4,0.8,0.3,2396249784,,962,1,2,,,0.000579024976692725
913,PAH,1000,2,0.4,0.8,0.3,2396249784,,264,1,3,,,0.0007784513546778905
914,PAH,1000,2,0.4,0.8,0.3,2396249784,,158,1,8,,,0.0018897917906878497
915,PAH,1000,2,0.4,0.8,0.3,2396249784,,387,1,3,,,0.000754843153942711
916,PAH,1000,2,0.4,0.8,0.3,2396249784,,142,1,5,,,0.0012304137836384051
917,PAH,1000,2,0.4,0.8,0.3,2396249784,,225,1,3,,,0.0007608185609367777
918,PAH,1000,2,0.4,0.8,0.3,2396249784,,83,1,5,,,0.0011884105628267739
919,PAH,1000,2,0.4,0.8,0.3,2396249784,,856,1,2,,,0.0005798273291920804
920,PAH,1000,2,0.4,0.8,0.3,2396249784,,846,1,2,,,0.0005672775284948534
921,PAH,1000,2,0.4,0.8,0.3,2396249784,,36,1,10,,,0.0023314481975014105
922,PAH,1000,2,0.4,0.8,0.3,2396249784,,475,1,2,,,0.0005644532418474647
923,PAH,1000,2,0.4,0.8,0.3,2396249784,,12,1,16,,,0.003609745771340518
924,PAH,1000,2,0.4,0.8,0.3,2396249784,,504,1,2,,,0.000552002177595063
925,PAH,1000,2,0.4,0.8,0.3,2396249784,,258,1,3,,,0.00075744651343349
926,PAH,1000,2,0.4,0.8,0.3,2396249784,,150,1,4,,,0.000996552923963258
927,PAH,1000,2,0.4,0.8,0.3,2396249784,,662,1,2,,,0.0005669786180081234
928,PAH,1000,2,0.4,0.8,0.3,2396249784,,728,1,3,,,0.0007901453014851215
929,PAH,1000,2,0.4,0.8,0.3,2396249784,,399,1,6,,,0.001475061514311082
930,PAH,1000,2,0.4,0.8,0.3,2396249784,,559,1,2,,,0.0005499205675953592
931,PAH,1000,2,0.4,0.8,0.3,2396249784,,908,1,2,,,0.0005644488890672359
932,PAH,1000,2,0.4,0.8,0.3,2396249784,,615,1,3,,,0.0008334430183861351
933,PAH,1000,2,0.4,0.8,0.3,2396249784,,462,1,2,,,0.0005535403359741644
934,PAH,1000,2,0.4,0.8,0.3,2396249784,,167,1,3,,,0.000747448248545918
935,PAH,1000,2,0.4,0.8,0.3,2396249784,,650,1,2,,,0.0005722373570939525
936,PAH,1000,2,0.4,0.8,0.3,2396249784,,185,1,6,,,0.0014857882809211807
937,PAH,1000,2,0.4,0.8,0.3,2396249784,,496,1,3,,,0.00082794893469453
938,PAH,1000,2,0.4,0.8,0.3,2396249784,,1,1,3,,,0.0007678620216215916
939,PAH,1000,2,0.4,0.8,0.3,2396249784,,811,1,2,,,0.0005536244527152214
940,PAH,1000,2,0.4,0.8,0.3,2396249784,,257,1,3,,,0.0007706466617510156
941,PAH,1000,2,0.4,0.8,0.3,2396249784,,477,1,2,,,0.0005685268749586756
942,PAH,1000,2,0.4,0.8,0.3,2396249784,,227,1,2,,,0.0005387462683308458
943,PAH,1000,2,0.4,0.8,0.3,2396249784,,864,1,2,,,0.0005648268819472842
944,PAH,1000,2,0.4,0.8,0.3,2396249784,,492,1,2,,,0.0005368017455445932
945,PAH,1000,2,0.4,0.8,0.3,2396249784,,389,1,4,,,0.0010720039967711081
946,PAH,1000,2,0.4,0.8,0.3,2396249784,,16,1,34,,,0.007448376198160361
947,PAH,1000,2,0.4,0.8,0.3,2396249784,,514,1,2,,,0.0005292752503280947
948,PAH,1000,2,0.4,0.8,0.3,2396249784,,668,1,2,,,0.0005395341958438849
949,PAH,1000,2,0.4,0.8,0.3,2396249784,,466,1,2,,,0.0005639778004466201
950,PAH,1000,2,0.4,0.8,0.3,2396249784,,497,1,4,,,0.0010666313482905771
951,PAH,1000,2,0.4,0.8,0.3,2396249784,,603,1,2,,,0.0005779612260533834
952,PAH,1000,2,0.4,0.8,0.3,2396249784,,177,1,5,,,0.0012146023944338176
953,PAH,1000,2,0.4,0.8,0.3,2396249784,,232,1,4,,,0.0010378210895608802
954,PAH,1000,2,0.4,0.8,0.3,2396249784,,666,1,2,,,0.0005446432186301634
955,PAH,1000,2,0.4,0.8,0.3,2396249784,,151,1,5,,,0.0012042044757195182
956,PAH,1000,2,0.4,0.8,0.3,2396249784,,116,1,7,,,0.0016846047178149864
957,PAH,1000,2,0.4,0.8,0.3,2396249784,,256,1,2,,,0.0005323423850299549
958,PAH,1000,2,0.4,0.8,0.3,2396249784,,955,1,2,,,0.0005575027335080347
959,PAH,1000,2,0.4,0.8,0.3,2396249784,,589,1,2,,,0.0005324439491086588
960,PAH,1000,2,0.4,0.8,0.3,2396249784,,928,1,2,,,0.0005624244504148864
961,PAH,1000,2,0.4,0.8,0.3,2396249784,,825,1,2,,,0.0005740038385560392
962,PAH,1000,2,0.4,0.8,0.3,2396249784,,937,1,2,,,0.000605362729977522
963,PAH,1000,2,0.4,0.8,0.3,2396249784,,210,1,3,,,0.0007747368120511381
964,PAH,1000,2,0.4,0.8,0.3,2396249784,,310,1,5,,,0.001278409255958355
965,PAH,1000,2,0.4,0.8,0.3,2396249784,,164,1,8,,,0.001962670017111674
966,PAH,1000,2,0.4,0.8,0.3,2396249784,,762,1,2,,,0.0005505842630998219
967,PAH,1000,2,0.4,0.8,0.3,2396249784,,367,1,5,,,0.001243049463416856
968,PAH,1000,2,0.4,0.8,0.3,2396249784,,920,1,2,,,0.0005554908049615908
969,PAH,1000,2,0.4,0.8,0.3,2396249784,,921,1,2,,,0.000573422081317119
970,PAH,1000,2,0.4,0.8,0.3,2396249784,,866,1,2,,,0.00056289526621475
971,PAH,1000,2,0.4,0.8,0.3,2396249784,,147,1,2,,,0.0005489621810904884
972,PAH,1000,2,0.4,0.8,0.3,2396249784,,953,1,2,,,0.0005523987479148573
973,PAH,1000,2,0.4,0.8,0.3,2396249784,,398,1,4,,,0.0009882056476956226
974,PAH,1000,2,0.4,0.8,0.3,2396249784,,218,1,6,,,0.0014923510975307973
975,PAH,1000,2,0.4,0.8,0.3,2396249784,,896,1,2,,,0.0005880095726444537
976,PAH,1000,2,0.4,0.8,0.3,2396249784,,995,1,2,,,0.000603662043817684
977,PAH,1000,2,0.4,0.8,0.3,2396249784,,211,1,8,,,0.001882478183647637
978,PAH,1000,2,0.4,0.8,0.3,2396249784,,729,1,2,,,0.0005473774415355331
979,PAH,1000,2,0.4,0.8,0.3,2396249784,,539,1,2,,,0.0005661406995850772
980,PAH,1000,2,0.4,0.8,0.3,2396249784,,221,1,2,,,0.000533625025290835
981,PAH,1000,2,0.4,0.8,0.3,2396249784,,376,1,3,,,0.0007678992008033793
982,PAH,1000,2,0.4,0.8,0.3,2396249784,,766,1,3,,,0.0008014220221823236
983,PAH,1000,2,0.4,0.8,0.3,2396249784,,287,1,3,,,0.0007790115819590093
984,PAH,1000,2,0.4,0.8,0.3,2396249784,,31,1,11,,,0.00255984312886494
985,PAH,1000,2,0.4,0.8,0.3,2396249784,,10,1,24,,,0.005240407738400394
986,PAH,1000,2,0.4,0.8,0.3,2396249784,,68,1,7,,,0.001706988504871235
987,PAH,1000,2,0.4,0.8,0.3,2396249784,,916,1,2,,,0.0005271719346905962
988,PAH,1000,2,0.4,0.8,0.3,2396249784,,765,1,2,,,0.0005940340025547751
989,PAH,1000,2,0.4,0.8,0.3,2396249784,,213,1,4,,,0.0010017374108734717
990,PAH,1000,2,0.4,0.8,0.3,2396249784,,849,1,2,,,0.0006038235818008286
991,PAH,1000,2,0.4,0.8,0.3,2396249784,,988,1,2,,,0.0005439520406556684
992,PAH,1000,2,0.4,0.8,0.3,2396249784,,97,1,2,,,0.0005354471401963294
993,PAH,1000,2,0.4,0.8,0.3,2396249784,,734,1,2,,,0.000571906835424086
994,PAH,1000,2,0.4,0.8,0.3,2396249784,,660,1,4,,,0.001046104098203849
995,PAH,1000,2,0.4,0.8,0.3,2396249784,,172,1,7,,,0.0016646580248607461
996,PAH,1000,2,0.4,0.8,0.3,2396249784,,214,1,4,,,0.001025697279849327
997,PAH,1000,2,0.4,0.8,0.3,2396249784,,316,1,5,,,0.0012617269273538967
998,PAH,1000,2,0.4,0.8,0.3,2396249784,,267,1,3,,,0.0008167205123725711
999,PAH,1000,2,0.4,0.8,0.3,2396249784,,494,1,2,,,0.0005733757799692246
