,name,N,fm,d,h_MM,h_mm,plo_M,plo_m,seed,network_id,node,label,degree,indegree,outdegree,pagerank
0,DH,1000,0.1,0.01,0.2,0.8,2.5,2.5,1086434282,,299,0,,6,8,0.0009749946335476737
1,DH,1000,0.1,0.01,0.2,0.8,2.5,2.5,1086434282,,357,0,,7,7,0.0009823720602121135
2,DH,1000,0.1,0.01,0.2,0.8,2.5,2.5,1086434282,,464,0,,12,9,0.0011167840840685768
3,DH,1000,0.1,0.01,0.2,0.8,2.5,2.5,1086434282,,399,0,,7,11,0.0015843413018364258
4,DH,1000,0.1,0.01,0.2,0.8,2.5,2.5,1086434282,,301,0,,7,7,0.0009325075866437896
5,DH,1000,0.1,0.01,0.2,0.8,2.5,2.5,1086434282,,3,0,,8,6,0.0012773885272475733
6,DH,1000,0.1,0.01,0.2,0.8,2.5,2.5,1086434282,,434,0,,13,95,0.001275377241754877
7,DH,1000,0.1,0.01,0.2,0.8,2.5,2.5,1086434282,,190,0,,9,5,0.0011971584859347476
8,DH,1000,0.1,0.01,0.2,0.8,2.5,2.5,1086434282,,212,0,,7,21,0.0005420704031822613
9,DH,1000,0.1,0.01,0.2,0.8,2.5,2.5,1086434282,,431,0,,9,6,0.0011578966214146117
10,DH,1000,0.1,0.01,0.2,0.8,2.5,2.5,1086434282,,931,0,,7,3,0.0006062835069890065
11,DH,1000,0.1,0.01,0.2,0.8,2.5,2.5,1086434282,,368,0,,5,28,0.00047686480026955014
12,DH,1000,0.1,0.01,0.2,0.8,2.5,2.5,1086434282,,578,0,,5,7,0.0007487472471058418
13,DH,1000,0.1,0.01,0.2,0.8,2.5,2.5,1086434282,,866,0,,7,7,0.0008686135157579566
14,DH,1000,0.1,0.01,0.2,0.8,2.5,2.5,1086434282,,888,0,,7,4,0.00041183258191629943
15,DH,1000,0.1,0.01,0.2,0.8,2.5,2.5,1086434282,,14,0,,5,2,0.0006184079787682071
16,DH,1000,0.1,0.01,0.2,0.8,2.5,2.5,1086434282,,761,0,,10,4,0.0009378221295913758
17,DH,1000,0.1,0.01,0.2,0.8,2.5,2.5,1086434282,,317,0,,9,12,0.0013093988423855912
18,DH,1000,0.1,0.01,0.2,0.8,2.5,2.5,1086434282,,388,0,,8,12,0.0007994909376233463
19,DH,1000,0.1,0.01,0.2,0.8,2.5,2.5,1086434282,,958,0,,7,15,0.000796950978655365
20,DH,1000,0.1,0.01,0.2,0.8,2.5,2.5,1086434282,,274,0,,3,7,0.0003648441344561624
21,DH,1000,0.1,0.01,0.2,0.8,2.5,2.5,1086434282,,112,0,,6,35,0.0006115159087029669
22,DH,1000,0.1,0.01,0.2,0.8,2.5,2.5,1086434282,,164,0,,10,6,0.0009649079910705276
23,DH,1000,0.1,0.01,0.2,0.8,2.5,2.5,1086434282,,983,0,,9,2,0.0009791442174153487
24,DH,1000,0.1,0.01,0.2,0.8,2.5,2.5,1086434282,,764,0,,1,31,0.00023972628852780422
25,DH,1000,0.1,0.01,0.2,0.8,2.5,2.5,1086434282,,13,0,,4,7,0.0005245269795289189
26,DH,1000,0.1,0.01,0.2,0.8,2.5,2.5,1086434282,,771,0,,4,20,0.0008555403563774148
27,DH,1000,0.1,0.01,0.2,0.8,2.5,2.5,1086434282,,153,0,,10,11,0.0016078699945953532
28,DH,1000,0.1,0.01,0.2,0.8,2.5,2.5,1086434282,,62,0,,8,78,0.0005505941040032643
29,DH,1000,0.1,0.01,0.2,0.8,2.5,2.5,1086434282,,195,0,,8,3,0.0005872706012407353
30,DH,1000,0.1,0.01,0.2,0.8,2.5,2.5,1086434282,,708,0,,9,9,0.0005857313249723803
31,DH,1000,0.1,0.01,0.2,0.8,2.5,2.5,1086434282,,988,0,,10,16,0.0006339223248951653
32,DH,1000,0.1,0.01,0.2,0.8,2.5,2.5,1086434282,,549,0,,5,3,0.0005301024701687441
33,DH,1000,0.1,0.01,0.2,0.8,2.5,2.5,1086434282,,565,0,,7,5,0.0008405286843419898
34,DH,1000,0.1,0.01,0.2,0.8,2.5,2.5,1086434282,,910,0,,8,12,0.0005130025420123843
35,DH,1000,0.1,0.01,0.2,0.8,2.5,2.5,1086434282,,295,0,,12,8,0.0009276048796731757
36,DH,1000,0.1,0.01,0.2,0.8,2.5,2.5,1086434282,,123,0,,6,6,0.00035712165129305644
37,DH,1000,0.1,0.01,0.2,0.8,2.5,2.5,1086434282,,632,0,,11,5,0.0009381966895759085
38,DH,1000,0.1,0.01,0.2,0.8,2.5,2.5,1086434282,,732,0,,4,8,0.0005786972877758837
39,DH,1000,0.1,0.01,0.2,0.8,2.5,2.5,1086434282,,792,0,,10,3,0.0008266946099130636
40,DH,1000,0.1,0.01,0.2,0.8,2.5,2.5,1086434282,,974,0,,5,5,0.001343033152234767
41,DH,1000,0.1,0.01,0.2,0.8,2.5,2.5,1086434282,,371,0,,5,14,0.000855953616279206
42,DH,1000,0.1,0.01,0.2,0.8,2.5,2.5,1086434282,,467,0,,10,4,0.0009522217647812257
43,DH,1000,0.1,0.01,0.2,0.8,2.5,2.5,1086434282,,701,0,,9,6,0.0014073552604816845
44,DH,1000,0.1,0.01,0.2,0.8,2.5,2.5,1086434282,,78,0,,7,6,0.0005032106567209553
45,DH,1000,0.1,0.01,0.2,0.8,2.5,2.5,1086434282,,742,0,,11,7,0.0010663812071946717
46,DH,1000,0.1,0.01,0.2,0.8,2.5,2.5,1086434282,,477,0,,8,7,0.0007503039711406825
47,DH,1000,0.1,0.01,0.2,0.8,2.5,2.5,1086434282,,106,0,,5,7,0.00040950329856779806
48,DH,1000,0.1,0.01,0.2,0.8,2.5,2.5,1086434282,,861,0,,14,46,0.001558341962094297
49,DH,1000,0.1,0.01,0.2,0.8,2.5,2.5,1086434282,,33,0,,4,11,0.0005408862526233688
50,DH,1000,0.1,0.01,0.2,0.8,2.5,2.5,1086434282,,696,0,,3,10,0.00031923985950138025
51,DH,1000,0.1,0.01,0.2,0.8,2.5,2.5,1086434282,,895,0,,8,6,0.0009338834756697754
52,DH,1000,0.1,0.01,0.2,0.8,2.5,2.5,1086434282,,300,0,,8,7,0.00045529311594504844
53,DH,1000,0.1,0.01,0.2,0.8,2.5,2.5,1086434282,,86,0,,7,13,0.0008347018768353883
54,DH,1000,0.1,0.01,0.2,0.8,2.5,2.5,1086434282,,373,0,,7,9,0.000780485566802779
55,DH,1000,0.1,0.01,0.2,0.8,2.5,2.5,1086434282,,350,0,,7,5,0.0008980719448908548
56,DH,1000,0.1,0.01,0.2,0.8,2.5,2.5,1086434282,,535,0,,9,25,0.0008440851437014843
57,DH,1000,0.1,0.01,0.2,0.8,2.5,2.5,1086434282,,660,0,,5,8,0.00032021363879693117
58,DH,1000,0.1,0.01,0.2,0.8,2.5,2.5,1086434282,,627,0,,15,2,0.0011897311343619364
59,DH,1000,0.1,0.01,0.2,0.8,2.5,2.5,1086434282,,606,0,,11,6,0.0012946955780092227
60,DH,1000,0.1,0.01,0.2,0.8,2.5,2.5,1086434282,,172,0,,5,7,0.0003586928928495029
61,DH,1000,0.1,0.01,0.2,0.8,2.5,2.5,1086434282,,645,0,,7,7,0.0006511461470841527
62,DH,1000,0.1,0.01,0.2,0.8,2.5,2.5,1086434282,,872,0,,10,7,0.000873274535887395
63,DH,1000,0.1,0.01,0.2,0.8,2.5,2.5,1086434282,,359,0,,7,5,0.0007126520817076689
64,DH,1000,0.1,0.01,0.2,0.8,2.5,2.5,1086434282,,598,0,,5,12,0.0005333769505103862
65,DH,1000,0.1,0.01,0.2,0.8,2.5,2.5,1086434282,,673,0,,10,4,0.0008821512052755441
66,DH,1000,0.1,0.01,0.2,0.8,2.5,2.5,1086434282,,676,0,,8,9,0.00048287821556945064
67,DH,1000,0.1,0.01,0.2,0.8,2.5,2.5,1086434282,,443,0,,8,7,0.0009235490254793765
68,DH,1000,0.1,0.01,0.2,0.8,2.5,2.5,1086434282,,964,0,,2,9,0.0004753173647730016
69,DH,1000,0.1,0.01,0.2,0.8,2.5,2.5,1086434282,,278,0,,5,14,0.0005912834199772759
70,DH,1000,0.1,0.01,0.2,0.8,2.5,2.5,1086434282,,573,0,,5,10,0.0004973091591155268
71,DH,1000,0.1,0.01,0.2,0.8,2.5,2.5,1086434282,,816,0,,13,9,0.000995136417709807
72,DH,1000,0.1,0.01,0.2,0.8,2.5,2.5,1086434282,,218,0,,3,11,0.0002936739070254877
73,DH,1000,0.1,0.01,0.2,0.8,2.5,2.5,1086434282,,749,0,,7,5,0.0005368260786787183
74,DH,1000,0.1,0.01,0.2,0.8,2.5,2.5,1086434282,,319,0,,12,13,0.0009078689909805344
75,DH,1000,0.1,0.01,0.2,0.8,2.5,2.5,1086434282,,245,0,,8,6,0.0006225919825140307
76,DH,1000,0.1,0.01,0.2,0.8,2.5,2.5,1086434282,,351,0,,7,26,0.0005412987519218948
77,DH,1000,0.1,0.01,0.2,0.8,2.5,2.5,1086434282,,737,0,,10,5,0.0013927657303919364
78,DH,1000,0.1,0.01,0.2,0.8,2.5,2.5,1086434282,,349,0,,9,9,0.0005900980740087653
79,DH,1000,0.1,0.01,0.2,0.8,2.5,2.5,1086434282,,740,0,,6,9,0.0012102976403196796
80,DH,1000,0.1,0.01,0.2,0.8,2.5,2.5,1086434282,,803,0,,3,10,0.0006925584772902234
81,DH,1000,0.1,0.01,0.2,0.8,2.5,2.5,1086434282,,982,0,,8,6,0.0009063014114482927
82,DH,1000,0.1,0.01,0.2,0.8,2.5,2.5,1086434282,,178,0,,8,5,0.0008075081172762117
83,DH,1000,0.1,0.01,0.2,0.8,2.5,2.5,1086434282,,214,0,,8,17,0.0005759363640606608
84,DH,1000,0.1,0.01,0.2,0.8,2.5,2.5,1086434282,,883,0,,10,34,0.0004451182610123157
85,DH,1000,0.1,0.01,0.2,0.8,2.5,2.5,1086434282,,707,0,,6,4,0.0003071920639932527
86,DH,1000,0.1,0.01,0.2,0.8,2.5,2.5,1086434282,,901,0,,6,5,0.0005890157858100457
87,DH,1000,0.1,0.01,0.2,0.8,2.5,2.5,1086434282,,376,0,,2,6,0.0001733431712033782
88,DH,1000,0.1,0.01,0.2,0.8,2.5,2.5,1086434282,,959,0,,8,97,0.0007796597598813047
89,DH,1000,0.1,0.01,0.2,0.8,2.5,2.5,1086434282,,490,0,,5,4,0.000516640867420611
90,DH,1000,0.1,0.01,0.2,0.8,2.5,2.5,1086434282,,52,0,,4,9,0.0004418753905297748
91,DH,1000,0.1,0.01,0.2,0.8,2.5,2.5,1086434282,,564,0,,12,5,0.0013036855517473552
92,DH,1000,0.1,0.01,0.2,0.8,2.5,2.5,1086434282,,491,0,,6,1,0.00046455168894414105
93,DH,1000,0.1,0.01,0.2,0.8,2.5,2.5,1086434282,,426,0,,7,6,0.001246911523452236
94,DH,1000,0.1,0.01,0.2,0.8,2.5,2.5,1086434282,,282,0,,5,34,0.0006131442210833718
95,DH,1000,0.1,0.01,0.2,0.8,2.5,2.5,1086434282,,95,0,,4,5,0.0003589507792452525
96,DH,1000,0.1,0.01,0.2,0.8,2.5,2.5,1086434282,,471,0,,7,2,0.0009131196821579655
97,DH,1000,0.1,0.01,0.2,0.8,2.5,2.5,1086434282,,406,0,,11,26,0.0009248431010848235
98,DH,1000,0.1,0.01,0.2,0.8,2.5,2.5,1086434282,,315,0,,6,4,0.0005898247637559858
99,DH,1000,0.1,0.01,0.2,0.8,2.5,2.5,1086434282,,486,0,,10,0,0.0006448848254031867
100,DH,1000,0.1,0.01,0.2,0.8,2.5,2.5,1086434282,,609,0,,8,4,0.0009296567097732327
101,DH,1000,0.1,0.01,0.2,0.8,2.5,2.5,1086434282,,9,0,,4,23,0.0005265240350209507
102,DH,1000,0.1,0.01,0.2,0.8,2.5,2.5,1086434282,,992,0,,8,31,0.0011855395850160326
103,DH,1000,0.1,0.01,0.2,0.8,2.5,2.5,1086434282,,233,0,,5,11,0.0004085644499386248
104,DH,1000,0.1,0.01,0.2,0.8,2.5,2.5,1086434282,,780,0,,8,4,0.0014085833277532192
105,DH,1000,0.1,0.01,0.2,0.8,2.5,2.5,1086434282,,170,0,,8,11,0.0009416128419928141
106,DH,1000,0.1,0.01,0.2,0.8,2.5,2.5,1086434282,,972,0,,11,5,0.001144052900027915
107,DH,1000,0.1,0.01,0.2,0.8,2.5,2.5,1086434282,,633,0,,6,4,0.0011083083974861368
108,DH,1000,0.1,0.01,0.2,0.8,2.5,2.5,1086434282,,493,0,,8,38,0.0007390473295896259
109,DH,1000,0.1,0.01,0.2,0.8,2.5,2.5,1086434282,,567,0,,7,13,0.000925947812231613
110,DH,1000,0.1,0.01,0.2,0.8,2.5,2.5,1086434282,,809,0,,9,0,0.0004286676900971997
111,DH,1000,0.1,0.01,0.2,0.8,2.5,2.5,1086434282,,845,0,,14,14,0.001128004712365695
112,DH,1000,0.1,0.01,0.2,0.8,2.5,2.5,1086434282,,591,0,,9,35,0.0005145151690513454
113,DH,1000,0.1,0.01,0.2,0.8,2.5,2.5,1086434282,,285,0,,6,10,0.000927939458218137
114,DH,1000,0.1,0.01,0.2,0.8,2.5,2.5,1086434282,,98,0,,6,58,0.0008867804301772175
115,DH,1000,0.1,0.01,0.2,0.8,2.5,2.5,1086434282,,411,0,,7,4,0.0006989029736862946
116,DH,1000,0.1,0.01,0.2,0.8,2.5,2.5,1086434282,,312,0,,6,33,0.0005476956009917435
117,DH,1000,0.1,0.01,0.2,0.8,2.5,2.5,1086434282,,483,0,,11,12,0.002496104219986994
118,DH,1000,0.1,0.01,0.2,0.8,2.5,2.5,1086434282,,163,0,,10,8,0.0007778527228817502
119,DH,1000,0.1,0.01,0.2,0.8,2.5,2.5,1086434282,,187,0,,7,6,0.00046982923314919456
120,DH,1000,0.1,0.01,0.2,0.8,2.5,2.5,1086434282,,833,0,,8,7,0.0009850080052526335
121,DH,1000,0.1,0.01,0.2,0.8,2.5,2.5,1086434282,,171,0,,2,2,0.00023088750674898244
122,DH,1000,0.1,0.01,0.2,0.8,2.5,2.5,1086434282,,826,0,,8,9,0.0009086000438387724
123,DH,1000,0.1,0.01,0.2,0.8,2.5,2.5,1086434282,,546,0,,5,16,0.0011865222138697051
124,DH,1000,0.1,0.01,0.2,0.8,2.5,2.5,1086434282,,916,0,,8,10,0.0005115227368174254
125,DH,1000,0.1,0.01,0.2,0.8,2.5,2.5,1086434282,,841,0,,6,16,0.0011613341030391135
126,DH,1000,0.1,0.01,0.2,0.8,2.5,2.5,1086434282,,552,0,,8,7,0.0005728203356786137
127,DH,1000,0.1,0.01,0.2,0.8,2.5,2.5,1086434282,,6,0,,5,5,0.000730977872986093
128,DH,1000,0.1,0.01,0.2,0.8,2.5,2.5,1086434282,,291,0,,7,11,0.0011875470558819778
129,DH,1000,0.1,0.01,0.2,0.8,2.5,2.5,1086434282,,276,0,,7,17,0.0010195583267562265
130,DH,1000,0.1,0.01,0.2,0.8,2.5,2.5,1086434282,,952,0,,8,16,0.0009014268584191735
131,DH,1000,0.1,0.01,0.2,0.8,2.5,2.5,1086434282,,587,0,,6,8,0.00047373804342643603
132,DH,1000,0.1,0.01,0.2,0.8,2.5,2.5,1086434282,,812,0,,12,9,0.0008206632467350616
133,DH,1000,0.1,0.01,0.2,0.8,2.5,2.5,1086434282,,189,0,,11,19,0.00115235364786293
134,DH,1000,0.1,0.01,0.2,0.8,2.5,2.5,1086434282,,687,0,,8,5,0.0017744656417226488
135,DH,1000,0.1,0.01,0.2,0.8,2.5,2.5,1086434282,,822,0,,6,13,0.0006817081673759742
136,DH,1000,0.1,0.01,0.2,0.8,2.5,2.5,1086434282,,263,0,,10,12,0.000916401270291131
137,DH,1000,0.1,0.01,0.2,0.8,2.5,2.5,1086434282,,193,0,,7,5,0.0012076971422911227
138,DH,1000,0.1,0.01,0.2,0.8,2.5,2.5,1086434282,,228,0,,8,9,0.0012463205654716573
139,DH,1000,0.1,0.01,0.2,0.8,2.5,2.5,1086434282,,663,0,,7,6,0.0004730558004855946
140,DH,1000,0.1,0.01,0.2,0.8,2.5,2.5,1086434282,,284,0,,7,12,0.0006538243002323897
141,DH,1000,0.1,0.01,0.2,0.8,2.5,2.5,1086434282,,985,0,,10,3,0.0010619540765011842
142,DH,1000,0.1,0.01,0.2,0.8,2.5,2.5,1086434282,,540,0,,11,6,0.0007702718175327996
143,DH,1000,0.1,0.01,0.2,0.8,2.5,2.5,1086434282,,987,0,,7,6,0.0005694793552829186
144,DH,1000,0.1,0.01,0.2,0.8,2.5,2.5,1086434282,,496,0,,10,5,0.0011645354705954727
145,DH,1000,0.1,0.01,0.2,0.8,2.5,2.5,1086434282,,903,0,,8,17,0.000619159655013054
146,DH,1000,0.1,0.01,0.2,0.8,2.5,2.5,1086434282,,196,0,,12,7,0.0008132169465994685
147,DH,1000,0.1,0.01,0.2,0.8,2.5,2.5,1086434282,,461,0,,6,0,0.0005698111713927285
148,DH,1000,0.1,0.01,0.2,0.8,2.5,2.5,1086434282,,865,0,,5,6,0.0005866441445203756
149,DH,1000,0.1,0.01,0.2,0.8,2.5,2.5,1086434282,,685,0,,9,3,0.0018164981485317873
150,DH,1000,0.1,0.01,0.2,0.8,2.5,2.5,1086434282,,311,0,,11,11,0.0010390026108024282
151,DH,1000,0.1,0.01,0.2,0.8,2.5,2.5,1086434282,,8,0,,6,8,0.0013177379526135285
152,DH,1000,0.1,0.01,0.2,0.8,2.5,2.5,1086434282,,400,0,,5,9,0.00040549688209106125
153,DH,1000,0.1,0.01,0.2,0.8,2.5,2.5,1086434282,,207,0,,8,5,0.0005083022526267362
154,DH,1000,0.1,0.01,0.2,0.8,2.5,2.5,1086434282,,360,0,,9,6,0.0005472737711709079
155,DH,1000,0.1,0.01,0.2,0.8,2.5,2.5,1086434282,,1,0,,14,19,0.0009537466078663247
156,DH,1000,0.1,0.01,0.2,0.8,2.5,2.5,1086434282,,51,0,,4,10,0.00028427188416631753
157,DH,1000,0.1,0.01,0.2,0.8,2.5,2.5,1086434282,,693,0,,10,18,0.0017461181579178284
158,DH,1000,0.1,0.01,0.2,0.8,2.5,2.5,1086434282,,950,0,,4,10,0.0004146456904116038
159,DH,1000,0.1,0.01,0.2,0.8,2.5,2.5,1086434282,,905,0,,9,2,0.0006662449528882019
160,DH,1000,0.1,0.01,0.2,0.8,2.5,2.5,1086434282,,951,0,,9,5,0.0006467768497551565
161,DH,1000,0.1,0.01,0.2,0.8,2.5,2.5,1086434282,,469,0,,6,23,0.00047020095741490944
162,DH,1000,0.1,0.01,0.2,0.8,2.5,2.5,1086434282,,213,0,,8,10,0.0005038316038622123
163,DH,1000,0.1,0.01,0.2,0.8,2.5,2.5,1086434282,,288,0,,12,5,0.0006826961447061278
164,DH,1000,0.1,0.01,0.2,0.8,2.5,2.5,1086434282,,714,0,,9,3,0.0011770327619271656
165,DH,1000,0.1,0.01,0.2,0.8,2.5,2.5,1086434282,,965,0,,8,8,0.0010394740490127635
166,DH,1000,0.1,0.01,0.2,0.8,2.5,2.5,1086434282,,800,0,,6,14,0.0005779249553304516
167,DH,1000,0.1,0.01,0.2,0.8,2.5,2.5,1086434282,,366,0,,6,5,0.0007322388229831745
168,DH,1000,0.1,0.01,0.2,0.8,2.5,2.5,1086434282,,173,0,,8,6,0.0005988231129164579
169,DH,1000,0.1,0.01,0.2,0.8,2.5,2.5,1086434282,,938,0,,8,7,0.0011253597720618624
170,DH,1000,0.1,0.01,0.2,0.8,2.5,2.5,1086434282,,237,0,,6,24,0.0005210423532073352
171,DH,1000,0.1,0.01,0.2,0.8,2.5,2.5,1086434282,,610,0,,17,16,0.004031329641106868
172,DH,1000,0.1,0.01,0.2,0.8,2.5,2.5,1086434282,,382,0,,4,8,0.0006331857245231734
173,DH,1000,0.1,0.01,0.2,0.8,2.5,2.5,1086434282,,731,0,,7,13,0.0006778666527143417
174,DH,1000,0.1,0.01,0.2,0.8,2.5,2.5,1086434282,,243,0,,12,5,0.0010242949103472824
175,DH,1000,0.1,0.01,0.2,0.8,2.5,2.5,1086434282,,442,0,,5,4,0.0007540170281392472
176,DH,1000,0.1,0.01,0.2,0.8,2.5,2.5,1086434282,,605,0,,8,7,0.00030663787754847346
177,DH,1000,0.1,0.01,0.2,0.8,2.5,2.5,1086434282,,417,0,,7,3,0.0011136792014666674
178,DH,1000,0.1,0.01,0.2,0.8,2.5,2.5,1086434282,,365,0,,9,24,0.0017178137437765372
179,DH,1000,0.1,0.01,0.2,0.8,2.5,2.5,1086434282,,507,0,,10,8,0.000838428435002384
180,DH,1000,0.1,0.01,0.2,0.8,2.5,2.5,1086434282,,746,0,,7,18,0.0009803073140812522
181,DH,1000,0.1,0.01,0.2,0.8,2.5,2.5,1086434282,,72,0,,6,6,0.0006394643887326778
182,DH,1000,0.1,0.01,0.2,0.8,2.5,2.5,1086434282,,790,0,,9,9,0.0006792878282937345
183,DH,1000,0.1,0.01,0.2,0.8,2.5,2.5,1086434282,,465,0,,5,5,0.0006860434200792444
184,DH,1000,0.1,0.01,0.2,0.8,2.5,2.5,1086434282,,594,0,,9,4,0.000756775170868407
185,DH,1000,0.1,0.01,0.2,0.8,2.5,2.5,1086434282,,566,0,,12,15,0.0007530741396298466
186,DH,1000,0.1,0.01,0.2,0.8,2.5,2.5,1086434282,,521,0,,8,10,0.0006151703411939762
187,DH,1000,0.1,0.01,0.2,0.8,2.5,2.5,1086434282,,909,0,,9,6,0.0010183056414342832
188,DH,1000,0.1,0.01,0.2,0.8,2.5,2.5,1086434282,,256,0,,11,8,0.0017200707098820496
189,DH,1000,0.1,0.01,0.2,0.8,2.5,2.5,1086434282,,697,0,,7,6,0.0009476973995548068
190,DH,1000,0.1,0.01,0.2,0.8,2.5,2.5,1086434282,,763,0,,4,4,0.0005497665868827232
191,DH,1000,0.1,0.01,0.2,0.8,2.5,2.5,1086434282,,37,0,,8,5,0.0007171672166668031
192,DH,1000,0.1,0.01,0.2,0.8,2.5,2.5,1086434282,,183,0,,10,5,0.00095320962514968
193,DH,1000,0.1,0.01,0.2,0.8,2.5,2.5,1086434282,,960,0,,6,6,0.0007296719632910737
194,DH,1000,0.1,0.01,0.2,0.8,2.5,2.5,1086434282,,642,0,,8,12,0.0007335428153060477
195,DH,1000,0.1,0.01,0.2,0.8,2.5,2.5,1086434282,,643,0,,10,6,0.001214598893070054
196,DH,1000,0.1,0.01,0.2,0.8,2.5,2.5,1086434282,,745,0,,8,14,0.00041360794781691
197,DH,1000,0.1,0.01,0.2,0.8,2.5,2.5,1086434282,,700,0,,6,5,0.0007519185714056546
198,DH,1000,0.1,0.01,0.2,0.8,2.5,2.5,1086434282,,805,0,,10,5,0.000968960093706167
199,DH,1000,0.1,0.01,0.2,0.8,2.5,2.5,1086434282,,582,0,,9,8,0.0007323770856715159
200,DH,1000,0.1,0.01,0.2,0.8,2.5,2.5,1086434282,,198,0,,13,10,0.0008841408546157134
201,DH,1000,0.1,0.01,0.2,0.8,2.5,2.5,1086434282,,247,0,,13,74,0.0007825838696027376
202,DH,1000,0.1,0.01,0.2,0.8,2.5,2.5,1086434282,,115,0,,10,2,0.0011221215936923724
203,DH,1000,0.1,0.01,0.2,0.8,2.5,2.5,1086434282,,607,0,,13,6,0.0009848012481990698
204,DH,1000,0.1,0.01,0.2,0.8,2.5,2.5,1086434282,,736,0,,4,6,0.00041192501567768934
205,DH,1000,0.1,0.01,0.2,0.8,2.5,2.5,1086434282,,302,0,,12,12,0.0008883449982037384
206,DH,1000,0.1,0.01,0.2,0.8,2.5,2.5,1086434282,,658,0,,4,10,0.0003560278069000588
207,DH,1000,0.1,0.01,0.2,0.8,2.5,2.5,1086434282,,481,0,,6,18,0.0004377326880211117
208,DH,1000,0.1,0.01,0.2,0.8,2.5,2.5,1086434282,,890,0,,5,12,0.0007485073364059191
209,DH,1000,0.1,0.01,0.2,0.8,2.5,2.5,1086434282,,843,0,,7,8,0.0008579589443008877
210,DH,1000,0.1,0.01,0.2,0.8,2.5,2.5,1086434282,,595,0,,12,9,0.0015580947432402383
211,DH,1000,0.1,0.01,0.2,0.8,2.5,2.5,1086434282,,811,0,,7,7,0.00040545483961556547
212,DH,1000,0.1,0.01,0.2,0.8,2.5,2.5,1086434282,,185,0,,9,5,0.0011438155780194648
213,DH,1000,0.1,0.01,0.2,0.8,2.5,2.5,1086434282,,782,0,,11,18,0.0011341446374575233
214,DH,1000,0.1,0.01,0.2,0.8,2.5,2.5,1086434282,,293,0,,0,10,0.00015139685912035123
215,DH,1000,0.1,0.01,0.2,0.8,2.5,2.5,1086434282,,864,0,,10,7,0.0007802080282131087
216,DH,1000,0.1,0.01,0.2,0.8,2.5,2.5,1086434282,,27,0,,4,53,0.00039039251379090136
217,DH,1000,0.1,0.01,0.2,0.8,2.5,2.5,1086434282,,25,0,,6,15,0.0005596547889751462
218,DH,1000,0.1,0.01,0.2,0.8,2.5,2.5,1086434282,,499,0,,11,6,0.001059443354559087
219,DH,1000,0.1,0.01,0.2,0.8,2.5,2.5,1086434282,,275,0,,4,7,0.0004791767971164683
220,DH,1000,0.1,0.01,0.2,0.8,2.5,2.5,1086434282,,957,0,,7,7,0.0008843163377115624
221,DH,1000,0.1,0.01,0.2,0.8,2.5,2.5,1086434282,,544,0,,11,5,0.0010309446980537825
222,DH,1000,0.1,0.01,0.2,0.8,2.5,2.5,1086434282,,413,0,,7,7,0.0003128794754350711
223,DH,1000,0.1,0.01,0.2,0.8,2.5,2.5,1086434282,,101,0,,4,36,0.0006491100977380474
224,DH,1000,0.1,0.01,0.2,0.8,2.5,2.5,1086434282,,448,0,,7,5,0.0008698484505354834
225,DH,1000,0.1,0.01,0.2,0.8,2.5,2.5,1086434282,,176,0,,8,5,0.0009305260722404279
226,DH,1000,0.1,0.01,0.2,0.8,2.5,2.5,1086434282,,785,0,,9,33,0.0008623231472386119
227,DH,1000,0.1,0.01,0.2,0.8,2.5,2.5,1086434282,,928,0,,6,9,0.000762012443745742
228,DH,1000,0.1,0.01,0.2,0.8,2.5,2.5,1086434282,,949,0,,5,11,0.0005702788416083281
229,DH,1000,0.1,0.01,0.2,0.8,2.5,2.5,1086434282,,97,0,,7,16,0.0005419072501469706
230,DH,1000,0.1,0.01,0.2,0.8,2.5,2.5,1086434282,,730,0,,3,7,0.0005772980684564989
231,DH,1000,0.1,0.01,0.2,0.8,2.5,2.5,1086434282,,613,0,,5,39,0.0004963716203726474
232,DH,1000,0.1,0.01,0.2,0.8,2.5,2.5,1086434282,,576,0,,5,7,0.0005326135780316657
233,DH,1000,0.1,0.01,0.2,0.8,2.5,2.5,1086434282,,339,0,,7,4,0.0014583999844593946
234,DH,1000,0.1,0.01,0.2,0.8,2.5,2.5,1086434282,,656,0,,8,9,0.0006638393754099266
235,DH,1000,0.1,0.01,0.2,0.8,2.5,2.5,1086434282,,600,0,,4,10,0.0006172197742281769
236,DH,1000,0.1,0.01,0.2,0.8,2.5,2.5,1086434282,,120,0,,5,3,0.0006583391432430569
237,DH,1000,0.1,0.01,0.2,0.8,2.5,2.5,1086434282,,254,0,,9,8,0.000764209189956739
238,DH,1000,0.1,0.01,0.2,0.8,2.5,2.5,1086434282,,61,0,,5,18,0.0009799014933818163
239,DH,1000,0.1,0.01,0.2,0.8,2.5,2.5,1086434282,,706,0,,7,4,0.0005906385070167301
240,DH,1000,0.1,0.01,0.2,0.8,2.5,2.5,1086434282,,44,0,,10,7,0.0008170545733989603
241,DH,1000,0.1,0.01,0.2,0.8,2.5,2.5,1086434282,,586,0,,8,2,0.0006817016568779507
242,DH,1000,0.1,0.01,0.2,0.8,2.5,2.5,1086434282,,138,0,,6,16,0.0005711335223263224
243,DH,1000,0.1,0.01,0.2,0.8,2.5,2.5,1086434282,,456,0,,4,43,0.00030710365779698054
244,DH,1000,0.1,0.01,0.2,0.8,2.5,2.5,1086434282,,837,0,,7,2,0.0005535591584413998
245,DH,1000,0.1,0.01,0.2,0.8,2.5,2.5,1086434282,,155,0,,10,6,0.0010892280258139092
246,DH,1000,0.1,0.01,0.2,0.8,2.5,2.5,1086434282,,308,0,,2,8,0.00026017373282155473
247,DH,1000,0.1,0.01,0.2,0.8,2.5,2.5,1086434282,,54,0,,6,1,0.000575935746770871
248,DH,1000,0.1,0.01,0.2,0.8,2.5,2.5,1086434282,,584,0,,3,7,0.0005374055259409715
249,DH,1000,0.1,0.01,0.2,0.8,2.5,2.5,1086434282,,449,0,,4,16,0.0004702146822835528
250,DH,1000,0.1,0.01,0.2,0.8,2.5,2.5,1086434282,,485,0,,3,15,0.00050446966487211
251,DH,1000,0.1,0.01,0.2,0.8,2.5,2.5,1086434282,,524,0,,10,5,0.0007358355895573573
252,DH,1000,0.1,0.01,0.2,0.8,2.5,2.5,1086434282,,634,0,,9,11,0.0004891553600402957
253,DH,1000,0.1,0.01,0.2,0.8,2.5,2.5,1086434282,,479,0,,12,10,0.0009638920251448846
254,DH,1000,0.1,0.01,0.2,0.8,2.5,2.5,1086434282,,127,0,,7,4,0.0006361278992896068
255,DH,1000,0.1,0.01,0.2,0.8,2.5,2.5,1086434282,,36,0,,8,3,0.0014909296862242014
256,DH,1000,0.1,0.01,0.2,0.8,2.5,2.5,1086434282,,329,0,,6,8,0.00042627080588771265
257,DH,1000,0.1,0.01,0.2,0.8,2.5,2.5,1086434282,,620,0,,9,6,0.0010132621751602101
258,DH,1000,0.1,0.01,0.2,0.8,2.5,2.5,1086434282,,65,0,,10,5,0.001051839365378645
259,DH,1000,0.1,0.01,0.2,0.8,2.5,2.5,1086434282,,973,0,,6,6,0.0006912570029897767
260,DH,1000,0.1,0.01,0.2,0.8,2.5,2.5,1086434282,,870,0,,7,5,0.0006163609918796784
261,DH,1000,0.1,0.01,0.2,0.8,2.5,2.5,1086434282,,428,0,,9,28,0.001258731429312723
262,DH,1000,0.1,0.01,0.2,0.8,2.5,2.5,1086434282,,402,0,,9,16,0.0006261141198446707
263,DH,1000,0.1,0.01,0.2,0.8,2.5,2.5,1086434282,,393,0,,5,6,0.0003647404204100948
264,DH,1000,0.1,0.01,0.2,0.8,2.5,2.5,1086434282,,808,0,,6,7,0.0012955555973220552
265,DH,1000,0.1,0.01,0.2,0.8,2.5,2.5,1086434282,,519,0,,10,13,0.0007342685319762693
266,DH,1000,0.1,0.01,0.2,0.8,2.5,2.5,1086434282,,709,0,,9,3,0.0009929158540567598
267,DH,1000,0.1,0.01,0.2,0.8,2.5,2.5,1086434282,,760,0,,6,8,0.0007586875839014776
268,DH,1000,0.1,0.01,0.2,0.8,2.5,2.5,1086434282,,686,0,,9,4,0.0005976347018241703
269,DH,1000,0.1,0.01,0.2,0.8,2.5,2.5,1086434282,,884,0,,9,9,0.0011630553959744278
270,DH,1000,0.1,0.01,0.2,0.8,2.5,2.5,1086434282,,848,0,,10,13,0.0011003228063021175
271,DH,1000,0.1,0.01,0.2,0.8,2.5,2.5,1086434282,,40,0,,7,4,0.0007956612943484427
272,DH,1000,0.1,0.01,0.2,0.8,2.5,2.5,1086434282,,53,0,,12,4,0.001143524202760418
273,DH,1000,0.1,0.01,0.2,0.8,2.5,2.5,1086434282,,750,0,,10,8,0.0008135318912646603
274,DH,1000,0.1,0.01,0.2,0.8,2.5,2.5,1086434282,,257,0,,9,3,0.0007669135979036
275,DH,1000,0.1,0.01,0.2,0.8,2.5,2.5,1086434282,,372,0,,5,101,0.00035123873745837483
276,DH,1000,0.1,0.01,0.2,0.8,2.5,2.5,1086434282,,726,0,,4,11,0.00035727502801761226
277,DH,1000,0.1,0.01,0.2,0.8,2.5,2.5,1086434282,,506,0,,8,14,0.0005403253161446891
278,DH,1000,0.1,0.01,0.2,0.8,2.5,2.5,1086434282,,420,0,,7,8,0.0009040803779400243
279,DH,1000,0.1,0.01,0.2,0.8,2.5,2.5,1086434282,,144,0,,6,7,0.0005115078152910559
280,DH,1000,0.1,0.01,0.2,0.8,2.5,2.5,1086434282,,955,0,,7,6,0.0003416327540458024
281,DH,1000,0.1,0.01,0.2,0.8,2.5,2.5,1086434282,,323,0,,10,13,0.00175277585312591
282,DH,1000,0.1,0.01,0.2,0.8,2.5,2.5,1086434282,,725,0,,10,4,0.0014876655941332704
283,DH,1000,0.1,0.01,0.2,0.8,2.5,2.5,1086434282,,818,0,,6,3,0.0007015719485624071
284,DH,1000,0.1,0.01,0.2,0.8,2.5,2.5,1086434282,,468,0,,6,7,0.0008836322643009797
285,DH,1000,0.1,0.01,0.2,0.8,2.5,2.5,1086434282,,722,0,,6,16,0.00043708227419890283
286,DH,1000,0.1,0.01,0.2,0.8,2.5,2.5,1086434282,,7,0,,7,33,0.0011349146581441953
287,DH,1000,0.1,0.01,0.2,0.8,2.5,2.5,1086434282,,174,0,,6,6,0.0005033469353753621
288,DH,1000,0.1,0.01,0.2,0.8,2.5,2.5,1086434282,,24,0,,9,8,0.0006340730385684085
289,DH,1000,0.1,0.01,0.2,0.8,2.5,2.5,1086434282,,160,0,,12,12,0.0013048231634578537
290,DH,1000,0.1,0.01,0.2,0.8,2.5,2.5,1086434282,,926,0,,7,7,0.0006233192302815875
291,DH,1000,0.1,0.01,0.2,0.8,2.5,2.5,1086434282,,455,0,,8,5,0.0006059252263854548
292,DH,1000,0.1,0.01,0.2,0.8,2.5,2.5,1086434282,,621,0,,5,3,0.0006816694565959923
293,DH,1000,0.1,0.01,0.2,0.8,2.5,2.5,1086434282,,338,0,,9,5,0.0004807468599026691
294,DH,1000,0.1,0.01,0.2,0.8,2.5,2.5,1086434282,,875,0,,10,19,0.0010505500771817175
295,DH,1000,0.1,0.01,0.2,0.8,2.5,2.5,1086434282,,629,0,,8,4,0.0006447926868797399
296,DH,1000,0.1,0.01,0.2,0.8,2.5,2.5,1086434282,,758,0,,5,10,0.0004396992410767872
297,DH,1000,0.1,0.01,0.2,0.8,2.5,2.5,1086434282,,131,0,,4,7,0.00030782803619936583
298,DH,1000,0.1,0.01,0.2,0.8,2.5,2.5,1086434282,,463,0,,6,4,0.0006645533193293178
299,DH,1000,0.1,0.01,0.2,0.8,2.5,2.5,1086434282,,321,0,,3,5,0.00023504714746552224
300,DH,1000,0.1,0.01,0.2,0.8,2.5,2.5,1086434282,,608,0,,12,16,0.0009577478922644538
301,DH,1000,0.1,0.01,0.2,0.8,2.5,2.5,1086434282,,791,0,,5,11,0.0004910320299333916
302,DH,1000,0.1,0.01,0.2,0.8,2.5,2.5,1086434282,,262,0,,3,15,0.00044158632063292743
303,DH,1000,0.1,0.01,0.2,0.8,2.5,2.5,1086434282,,976,0,,6,4,0.0006899870564569864
304,DH,1000,0.1,0.01,0.2,0.8,2.5,2.5,1086434282,,702,0,,4,10,0.0003303081404607193
305,DH,1000,0.1,0.01,0.2,0.8,2.5,2.5,1086434282,,869,0,,6,11,0.001078589907779931
306,DH,1000,0.1,0.01,0.2,0.8,2.5,2.5,1086434282,,110,0,,10,7,0.0011503107791542746
307,DH,1000,0.1,0.01,0.2,0.8,2.5,2.5,1086434282,,75,0,,7,9,0.0005347840055182145
308,DH,1000,0.1,0.01,0.2,0.8,2.5,2.5,1086434282,,85,0,,4,15,0.0007129663693646747
309,DH,1000,0.1,0.01,0.2,0.8,2.5,2.5,1086434282,,224,0,,11,11,0.0006302795722316483
310,DH,1000,0.1,0.01,0.2,0.8,2.5,2.5,1086434282,,936,0,,9,12,0.0007010986758947145
311,DH,1000,0.1,0.01,0.2,0.8,2.5,2.5,1086434282,,289,0,,7,6,0.001164531634845978
312,DH,1000,0.1,0.01,0.2,0.8,2.5,2.5,1086434282,,415,0,,7,3,0.0005669512389070783
313,DH,1000,0.1,0.01,0.2,0.8,2.5,2.5,1086434282,,186,0,,6,4,0.0008544875452086259
314,DH,1000,0.1,0.01,0.2,0.8,2.5,2.5,1086434282,,689,0,,10,23,0.0016755991431744964
315,DH,1000,0.1,0.01,0.2,0.8,2.5,2.5,1086434282,,447,0,,12,40,0.00086297637457389
316,DH,1000,0.1,0.01,0.2,0.8,2.5,2.5,1086434282,,664,0,,8,7,0.0005912892754800965
317,DH,1000,0.1,0.01,0.2,0.8,2.5,2.5,1086434282,,889,0,,10,9,0.0007883853796855977
318,DH,1000,0.1,0.01,0.2,0.8,2.5,2.5,1086434282,,74,0,,15,7,0.0016859455495656912
319,DH,1000,0.1,0.01,0.2,0.8,2.5,2.5,1086434282,,26,0,,7,13,0.0005836106410348173
320,DH,1000,0.1,0.01,0.2,0.8,2.5,2.5,1086434282,,825,0,,7,9,0.0013040937152352511
321,DH,1000,0.1,0.01,0.2,0.8,2.5,2.5,1086434282,,279,0,,4,17,0.00045299127526949126
322,DH,1000,0.1,0.01,0.2,0.8,2.5,2.5,1086434282,,407,0,,11,4,0.0012939853849768695
323,DH,1000,0.1,0.01,0.2,0.8,2.5,2.5,1086434282,,942,0,,7,11,0.0010764356390141644
324,DH,1000,0.1,0.01,0.2,0.8,2.5,2.5,1086434282,,358,0,,8,6,0.001234667503671131
325,DH,1000,0.1,0.01,0.2,0.8,2.5,2.5,1086434282,,184,0,,5,6,0.0006994902474588394
326,DH,1000,0.1,0.01,0.2,0.8,2.5,2.5,1086434282,,914,0,,8,7,0.0006023321340698331
327,DH,1000,0.1,0.01,0.2,0.8,2.5,2.5,1086434282,,820,0,,6,10,0.0006510170881018339
328,DH,1000,0.1,0.01,0.2,0.8,2.5,2.5,1086434282,,401,0,,8,8,0.0010144991275431166
329,DH,1000,0.1,0.01,0.2,0.8,2.5,2.5,1086434282,,574,0,,8,7,0.0009762069353696452
330,DH,1000,0.1,0.01,0.2,0.8,2.5,2.5,1086434282,,414,0,,6,14,0.00046777041984997705
331,DH,1000,0.1,0.01,0.2,0.8,2.5,2.5,1086434282,,970,0,,5,7,0.0007611236625609192
332,DH,1000,0.1,0.01,0.2,0.8,2.5,2.5,1086434282,,60,0,,5,7,0.0002928045184618388
333,DH,1000,0.1,0.01,0.2,0.8,2.5,2.5,1086434282,,922,0,,14,13,0.0016152585935993206
334,DH,1000,0.1,0.01,0.2,0.8,2.5,2.5,1086434282,,666,0,,2,1,0.00021508583529371674
335,DH,1000,0.1,0.01,0.2,0.8,2.5,2.5,1086434282,,937,0,,3,23,0.00029006656734825286
336,DH,1000,0.1,0.01,0.2,0.8,2.5,2.5,1086434282,,798,0,,8,13,0.0007569530645112801
337,DH,1000,0.1,0.01,0.2,0.8,2.5,2.5,1086434282,,815,0,,7,12,0.0006497290892381224
338,DH,1000,0.1,0.01,0.2,0.8,2.5,2.5,1086434282,,648,0,,8,65,0.000741374380798399
339,DH,1000,0.1,0.01,0.2,0.8,2.5,2.5,1086434282,,757,0,,9,3,0.0008426828160226136
340,DH,1000,0.1,0.01,0.2,0.8,2.5,2.5,1086434282,,476,0,,7,16,0.0007259023957246195
341,DH,1000,0.1,0.01,0.2,0.8,2.5,2.5,1086434282,,824,0,,8,4,0.0008184080615558943
342,DH,1000,0.1,0.01,0.2,0.8,2.5,2.5,1086434282,,42,0,,5,3,0.0005801793096027275
343,DH,1000,0.1,0.01,0.2,0.8,2.5,2.5,1086434282,,487,0,,9,6,0.001074971452321534
344,DH,1000,0.1,0.01,0.2,0.8,2.5,2.5,1086434282,,232,0,,9,2,0.0014121608267005051
345,DH,1000,0.1,0.01,0.2,0.8,2.5,2.5,1086434282,,850,0,,12,7,0.000806873976642649
346,DH,1000,0.1,0.01,0.2,0.8,2.5,2.5,1086434282,,777,0,,4,6,0.00029943546630020447
347,DH,1000,0.1,0.01,0.2,0.8,2.5,2.5,1086434282,,404,0,,11,6,0.0007155843749897498
348,DH,1000,0.1,0.01,0.2,0.8,2.5,2.5,1086434282,,968,0,,10,4,0.0009492401488506875
349,DH,1000,0.1,0.01,0.2,0.8,2.5,2.5,1086434282,,680,0,,7,14,0.0006890425021314004
350,DH,1000,0.1,0.01,0.2,0.8,2.5,2.5,1086434282,,630,0,,5,12,0.0006247711081801916
351,DH,1000,0.1,0.01,0.2,0.8,2.5,2.5,1086434282,,873,0,,4,18,0.00028761323046622134
352,DH,1000,0.1,0.01,0.2,0.8,2.5,2.5,1086434282,,159,0,,13,6,0.0025889260282927844
353,DH,1000,0.1,0.01,0.2,0.8,2.5,2.5,1086434282,,963,0,,7,3,0.0006596863610976937
354,DH,1000,0.1,0.01,0.2,0.8,2.5,2.5,1086434282,,581,0,,3,9,0.0002863038413930905
355,DH,1000,0.1,0.01,0.2,0.8,2.5,2.5,1086434282,,547,0,,9,7,0.0011500497826020235
356,DH,1000,0.1,0.01,0.2,0.8,2.5,2.5,1086434282,,637,0,,4,16,0.0003333984999136607
357,DH,1000,0.1,0.01,0.2,0.8,2.5,2.5,1086434282,,599,0,,7,2,0.0005754172563838893
358,DH,1000,0.1,0.01,0.2,0.8,2.5,2.5,1086434282,,659,0,,12,6,0.0012236707873154804
359,DH,1000,0.1,0.01,0.2,0.8,2.5,2.5,1086434282,,762,0,,5,12,0.0004419012466538352
360,DH,1000,0.1,0.01,0.2,0.8,2.5,2.5,1086434282,,4,0,,7,11,0.0005878202268280552
361,DH,1000,0.1,0.01,0.2,0.8,2.5,2.5,1086434282,,424,0,,11,3,0.0009103738331965677
362,DH,1000,0.1,0.01,0.2,0.8,2.5,2.5,1086434282,,665,0,,6,6,0.00041805244034940324
363,DH,1000,0.1,0.01,0.2,0.8,2.5,2.5,1086434282,,717,0,,7,9,0.0007814673955471094
364,DH,1000,0.1,0.01,0.2,0.8,2.5,2.5,1086434282,,432,0,,5,7,0.00030832847415884453
365,DH,1000,0.1,0.01,0.2,0.8,2.5,2.5,1086434282,,513,0,,9,13,0.0006357682337330022
366,DH,1000,0.1,0.01,0.2,0.8,2.5,2.5,1086434282,,650,0,,7,3,0.0005328647842827356
367,DH,1000,0.1,0.01,0.2,0.8,2.5,2.5,1086434282,,906,0,,12,10,0.0008989877418386878
368,DH,1000,0.1,0.01,0.2,0.8,2.5,2.5,1086434282,,107,0,,10,7,0.0008931887500983213
369,DH,1000,0.1,0.01,0.2,0.8,2.5,2.5,1086434282,,753,0,,11,10,0.0009318736434658348
370,DH,1000,0.1,0.01,0.2,0.8,2.5,2.5,1086434282,,624,0,,6,4,0.00047196316498529224
371,DH,1000,0.1,0.01,0.2,0.8,2.5,2.5,1086434282,,277,0,,10,23,0.0008619638872110163
372,DH,1000,0.1,0.01,0.2,0.8,2.5,2.5,1086434282,,250,0,,6,7,0.0005016793509115382
373,DH,1000,0.1,0.01,0.2,0.8,2.5,2.5,1086434282,,216,0,,5,6,0.0003124824385868141
374,DH,1000,0.1,0.01,0.2,0.8,2.5,2.5,1086434282,,990,0,,11,5,0.0009614764609085225
375,DH,1000,0.1,0.01,0.2,0.8,2.5,2.5,1086434282,,896,0,,7,8,0.001067956580197266
376,DH,1000,0.1,0.01,0.2,0.8,2.5,2.5,1086434282,,17,0,,8,7,0.0007656185293677535
377,DH,1000,0.1,0.01,0.2,0.8,2.5,2.5,1086434282,,904,0,,4,3,0.0002458090070243077
378,DH,1000,0.1,0.01,0.2,0.8,2.5,2.5,1086434282,,221,0,,6,3,0.0007172877926054525
379,DH,1000,0.1,0.01,0.2,0.8,2.5,2.5,1086434282,,919,0,,10,11,0.0005834453472712963
380,DH,1000,0.1,0.01,0.2,0.8,2.5,2.5,1086434282,,377,0,,4,4,0.0006117023511603578
381,DH,1000,0.1,0.01,0.2,0.8,2.5,2.5,1086434282,,129,0,,4,5,0.00024186751969767584
382,DH,1000,0.1,0.01,0.2,0.8,2.5,2.5,1086434282,,626,0,,6,15,0.0003938444256749261
383,DH,1000,0.1,0.01,0.2,0.8,2.5,2.5,1086434282,,342,0,,10,3,0.0008634550037564534
384,DH,1000,0.1,0.01,0.2,0.8,2.5,2.5,1086434282,,194,0,,7,5,0.0005078218751344436
385,DH,1000,0.1,0.01,0.2,0.8,2.5,2.5,1086434282,,550,0,,8,6,0.0012522382155057848
386,DH,1000,0.1,0.01,0.2,0.8,2.5,2.5,1086434282,,788,0,,12,11,0.0005905814257272667
387,DH,1000,0.1,0.01,0.2,0.8,2.5,2.5,1086434282,,122,0,,5,13,0.0003696807809868646
388,DH,1000,0.1,0.01,0.2,0.8,2.5,2.5,1086434282,,355,0,,8,5,0.0006667945842243693
389,DH,1000,0.1,0.01,0.2,0.8,2.5,2.5,1086434282,,23,0,,13,8,0.0013650814922065713
390,DH,1000,0.1,0.01,0.2,0.8,2.5,2.5,1086434282,,971,0,,8,11,0.000583364680781372
391,DH,1000,0.1,0.01,0.2,0.8,2.5,2.5,1086434282,,814,0,,7,7,0.0009156394407804574
392,DH,1000,0.1,0.01,0.2,0.8,2.5,2.5,1086434282,,514,0,,9,6,0.0010716965871598572
393,DH,1000,0.1,0.01,0.2,0.8,2.5,2.5,1086434282,,475,0,,10,5,0.0011875724894315862
394,DH,1000,0.1,0.01,0.2,0.8,2.5,2.5,1086434282,,874,0,,6,17,0.0011994641060678918
395,DH,1000,0.1,0.01,0.2,0.8,2.5,2.5,1086434282,,517,0,,9,5,0.0010006473018196107
396,DH,1000,0.1,0.01,0.2,0.8,2.5,2.5,1086434282,,258,0,,9,3,0.0013251960193781283
397,DH,1000,0.1,0.01,0.2,0.8,2.5,2.5,1086434282,,177,0,,9,6,0.00114578559811076
398,DH,1000,0.1,0.01,0.2,0.8,2.5,2.5,1086434282,,563,0,,7,14,0.0006799666627816131
399,DH,1000,0.1,0.01,0.2,0.8,2.5,2.5,1086434282,,891,0,,10,11,0.0011745709705019362
400,DH,1000,0.1,0.01,0.2,0.8,2.5,2.5,1086434282,,259,0,,9,12,0.0015309251508603544
401,DH,1000,0.1,0.01,0.2,0.8,2.5,2.5,1086434282,,778,0,,7,7,0.0004490220988479915
402,DH,1000,0.1,0.01,0.2,0.8,2.5,2.5,1086434282,,132,0,,9,7,0.0012937468301122536
403,DH,1000,0.1,0.01,0.2,0.8,2.5,2.5,1086434282,,741,0,,11,7,0.001208013444941118
404,DH,1000,0.1,0.01,0.2,0.8,2.5,2.5,1086434282,,374,0,,5,15,0.0005465606742134266
405,DH,1000,0.1,0.01,0.2,0.8,2.5,2.5,1086434282,,63,0,,6,14,0.0005671510011346473
406,DH,1000,0.1,0.01,0.2,0.8,2.5,2.5,1086434282,,345,0,,7,10,0.00048712585453936075
407,DH,1000,0.1,0.01,0.2,0.8,2.5,2.5,1086434282,,450,0,,8,6,0.0008557910383087868
408,DH,1000,0.1,0.01,0.2,0.8,2.5,2.5,1086434282,,543,0,,6,8,0.0005353906244647997
409,DH,1000,0.1,0.01,0.2,0.8,2.5,2.5,1086434282,,18,0,,7,7,0.0006720637379906714
410,DH,1000,0.1,0.01,0.2,0.8,2.5,2.5,1086434282,,797,0,,8,3,0.0011984331839167122
411,DH,1000,0.1,0.01,0.2,0.8,2.5,2.5,1086434282,,48,0,,7,5,0.0010057647020848266
412,DH,1000,0.1,0.01,0.2,0.8,2.5,2.5,1086434282,,267,0,,13,10,0.001088783939292717
413,DH,1000,0.1,0.01,0.2,0.8,2.5,2.5,1086434282,,653,0,,6,4,0.0012686689707931253
414,DH,1000,0.1,0.01,0.2,0.8,2.5,2.5,1086434282,,844,0,,8,2,0.0006908469384265317
415,DH,1000,0.1,0.01,0.2,0.8,2.5,2.5,1086434282,,668,0,,8,4,0.0010568513623391486
416,DH,1000,0.1,0.01,0.2,0.8,2.5,2.5,1086434282,,12,0,,2,9,0.00027344716480603873
417,DH,1000,0.1,0.01,0.2,0.8,2.5,2.5,1086434282,,356,0,,9,5,0.0010173562185190627
418,DH,1000,0.1,0.01,0.2,0.8,2.5,2.5,1086434282,,324,0,,4,11,0.0007652173109045551
419,DH,1000,0.1,0.01,0.2,0.8,2.5,2.5,1086434282,,718,0,,4,12,0.00041083843110814274
420,DH,1000,0.1,0.01,0.2,0.8,2.5,2.5,1086434282,,281,0,,5,13,0.0004862328095202433
421,DH,1000,0.1,0.01,0.2,0.8,2.5,2.5,1086434282,,133,0,,9,7,0.0014247375893960453
422,DH,1000,0.1,0.01,0.2,0.8,2.5,2.5,1086434282,,644,0,,10,6,0.0008493065146604182
423,DH,1000,0.1,0.01,0.2,0.8,2.5,2.5,1086434282,,694,0,,8,6,0.000794499043951741
424,DH,1000,0.1,0.01,0.2,0.8,2.5,2.5,1086434282,,202,0,,11,9,0.00066000417535692
425,DH,1000,0.1,0.01,0.2,0.8,2.5,2.5,1086434282,,241,0,,10,11,0.0010514602769704355
426,DH,1000,0.1,0.01,0.2,0.8,2.5,2.5,1086434282,,802,0,,8,50,0.0006317070481892428
427,DH,1000,0.1,0.01,0.2,0.8,2.5,2.5,1086434282,,47,0,,8,29,0.0007216444791512425
428,DH,1000,0.1,0.01,0.2,0.8,2.5,2.5,1086434282,,134,0,,9,12,0.0006751770511891826
429,DH,1000,0.1,0.01,0.2,0.8,2.5,2.5,1086434282,,260,0,,7,7,0.0006256058190012661
430,DH,1000,0.1,0.01,0.2,0.8,2.5,2.5,1086434282,,531,0,,6,17,0.001116143716743242
431,DH,1000,0.1,0.01,0.2,0.8,2.5,2.5,1086434282,,503,0,,7,6,0.00042220571506481925
432,DH,1000,0.1,0.01,0.2,0.8,2.5,2.5,1086434282,,139,0,,4,2,0.00021381120300907535
433,DH,1000,0.1,0.01,0.2,0.8,2.5,2.5,1086434282,,165,0,,4,6,0.00047098091756232145
434,DH,1000,0.1,0.01,0.2,0.8,2.5,2.5,1086434282,,611,0,,5,1,0.0003988645903797114
435,DH,1000,0.1,0.01,0.2,0.8,2.5,2.5,1086434282,,548,0,,10,10,0.0006366916872500312
436,DH,1000,0.1,0.01,0.2,0.8,2.5,2.5,1086434282,,773,0,,6,6,0.0004811429101081136
437,DH,1000,0.1,0.01,0.2,0.8,2.5,2.5,1086434282,,562,0,,8,8,0.0006216500460831845
438,DH,1000,0.1,0.01,0.2,0.8,2.5,2.5,1086434282,,932,0,,11,3,0.0010544584602079242
439,DH,1000,0.1,0.01,0.2,0.8,2.5,2.5,1086434282,,867,0,,8,13,0.001308661990045202
440,DH,1000,0.1,0.01,0.2,0.8,2.5,2.5,1086434282,,789,0,,6,16,0.000876865856239553
441,DH,1000,0.1,0.01,0.2,0.8,2.5,2.5,1086434282,,969,0,,8,13,0.0007906666007473546
442,DH,1000,0.1,0.01,0.2,0.8,2.5,2.5,1086434282,,146,0,,4,4,0.000603442489883158
443,DH,1000,0.1,0.01,0.2,0.8,2.5,2.5,1086434282,,520,0,,10,7,0.001290042003188291
444,DH,1000,0.1,0.01,0.2,0.8,2.5,2.5,1086434282,,641,0,,10,8,0.0006925461958695914
445,DH,1000,0.1,0.01,0.2,0.8,2.5,2.5,1086434282,,779,0,,12,1,0.001471455417186298
446,DH,1000,0.1,0.01,0.2,0.8,2.5,2.5,1086434282,,545,0,,5,11,0.0004616528548491428
447,DH,1000,0.1,0.01,0.2,0.8,2.5,2.5,1086434282,,994,0,,12,9,0.0007018993232697162
448,DH,1000,0.1,0.01,0.2,0.8,2.5,2.5,1086434282,,296,0,,6,4,0.00032641293423272497
449,DH,1000,0.1,0.01,0.2,0.8,2.5,2.5,1086434282,,768,0,,10,3,0.00070970293504572
450,DH,1000,0.1,0.01,0.2,0.8,2.5,2.5,1086434282,,899,0,,9,5,0.0013822878761349175
451,DH,1000,0.1,0.01,0.2,0.8,2.5,2.5,1086434282,,940,0,,9,5,0.000725977157573056
452,DH,1000,0.1,0.01,0.2,0.8,2.5,2.5,1086434282,,813,0,,7,6,0.0005872704679046599
453,DH,1000,0.1,0.01,0.2,0.8,2.5,2.5,1086434282,,266,0,,8,7,0.00110914713694036
454,DH,1000,0.1,0.01,0.2,0.8,2.5,2.5,1086434282,,143,0,,7,2,0.0007365676541207504
455,DH,1000,0.1,0.01,0.2,0.8,2.5,2.5,1086434282,,748,0,,10,5,0.0012663576927506265
456,DH,1000,0.1,0.01,0.2,0.8,2.5,2.5,1086434282,,41,0,,5,4,0.0010607031796158886
457,DH,1000,0.1,0.01,0.2,0.8,2.5,2.5,1086434282,,11,0,,11,7,0.0008149238641115299
458,DH,1000,0.1,0.01,0.2,0.8,2.5,2.5,1086434282,,925,0,,8,7,0.0011986728569761413
459,DH,1000,0.1,0.01,0.2,0.8,2.5,2.5,1086434282,,580,0,,6,8,0.0004008555546847015
460,DH,1000,0.1,0.01,0.2,0.8,2.5,2.5,1086434282,,66,0,,6,7,0.00031962658856288164
461,DH,1000,0.1,0.01,0.2,0.8,2.5,2.5,1086434282,,421,0,,6,7,0.0008052260953682018
462,DH,1000,0.1,0.01,0.2,0.8,2.5,2.5,1086434282,,924,0,,13,10,0.0024579327200003483
463,DH,1000,0.1,0.01,0.2,0.8,2.5,2.5,1086434282,,570,0,,4,25,0.0002738215227113025
464,DH,1000,0.1,0.01,0.2,0.8,2.5,2.5,1086434282,,309,0,,8,10,0.0003853322513172466
465,DH,1000,0.1,0.01,0.2,0.8,2.5,2.5,1086434282,,482,0,,12,8,0.0016286616305242658
466,DH,1000,0.1,0.01,0.2,0.8,2.5,2.5,1086434282,,105,0,,4,10,0.00044242661968149394
467,DH,1000,0.1,0.01,0.2,0.8,2.5,2.5,1086434282,,494,0,,3,2,0.0005266717940591533
468,DH,1000,0.1,0.01,0.2,0.8,2.5,2.5,1086434282,,313,0,,6,11,0.0007061797912288389
469,DH,1000,0.1,0.01,0.2,0.8,2.5,2.5,1086434282,,152,0,,10,7,0.0012555285704880282
470,DH,1000,0.1,0.01,0.2,0.8,2.5,2.5,1086434282,,87,0,,12,4,0.001328638088459961
471,DH,1000,0.1,0.01,0.2,0.8,2.5,2.5,1086434282,,180,0,,1,5,0.00015350339938570903
472,DH,1000,0.1,0.01,0.2,0.8,2.5,2.5,1086434282,,908,0,,9,7,0.0010685798748617794
473,DH,1000,0.1,0.01,0.2,0.8,2.5,2.5,1086434282,,167,0,,12,6,0.0011712877237325227
474,DH,1000,0.1,0.01,0.2,0.8,2.5,2.5,1086434282,,290,0,,14,4,0.0019865665122023543
475,DH,1000,0.1,0.01,0.2,0.8,2.5,2.5,1086434282,,783,0,,5,8,0.0007968916798834879
476,DH,1000,0.1,0.01,0.2,0.8,2.5,2.5,1086434282,,335,0,,8,25,0.0004773600084410118
477,DH,1000,0.1,0.01,0.2,0.8,2.5,2.5,1086434282,,169,0,,8,6,0.0015380274727634946
478,DH,1000,0.1,0.01,0.2,0.8,2.5,2.5,1086434282,,878,0,,10,4,0.001085511553032923
479,DH,1000,0.1,0.01,0.2,0.8,2.5,2.5,1086434282,,829,0,,4,2,0.00040553765732536637
480,DH,1000,0.1,0.01,0.2,0.8,2.5,2.5,1086434282,,571,0,,4,9,0.0006072978571995078
481,DH,1000,0.1,0.01,0.2,0.8,2.5,2.5,1086434282,,145,0,,10,6,0.0008765664075433123
482,DH,1000,0.1,0.01,0.2,0.8,2.5,2.5,1086434282,,403,0,,8,2,0.0006311294617554621
483,DH,1000,0.1,0.01,0.2,0.8,2.5,2.5,1086434282,,601,0,,10,2,0.0007591735700420058
484,DH,1000,0.1,0.01,0.2,0.8,2.5,2.5,1086434282,,269,0,,7,4,0.001687571992584933
485,DH,1000,0.1,0.01,0.2,0.8,2.5,2.5,1086434282,,698,0,,7,8,0.0005894971243331765
486,DH,1000,0.1,0.01,0.2,0.8,2.5,2.5,1086434282,,436,0,,9,7,0.0006254330735538013
487,DH,1000,0.1,0.01,0.2,0.8,2.5,2.5,1086434282,,303,0,,11,5,0.0011314636990893475
488,DH,1000,0.1,0.01,0.2,0.8,2.5,2.5,1086434282,,927,0,,10,20,0.0010533787405331034
489,DH,1000,0.1,0.01,0.2,0.8,2.5,2.5,1086434282,,907,0,,4,2,0.0004212241095305412
490,DH,1000,0.1,0.01,0.2,0.8,2.5,2.5,1086434282,,229,0,,4,3,0.0005271437419678418
491,DH,1000,0.1,0.01,0.2,0.8,2.5,2.5,1086434282,,902,0,,8,2,0.0007812353236892557
492,DH,1000,0.1,0.01,0.2,0.8,2.5,2.5,1086434282,,252,0,,4,7,0.0004407774506314255
493,DH,1000,0.1,0.01,0.2,0.8,2.5,2.5,1086434282,,497,0,,6,16,0.0008334392863174394
494,DH,1000,0.1,0.01,0.2,0.8,2.5,2.5,1086434282,,917,0,,7,7,0.0008098571505451632
495,DH,1000,0.1,0.01,0.2,0.8,2.5,2.5,1086434282,,589,0,,8,26,0.0005403870534282927
496,DH,1000,0.1,0.01,0.2,0.8,2.5,2.5,1086434282,,205,0,,6,27,0.0004562539885887546
497,DH,1000,0.1,0.01,0.2,0.8,2.5,2.5,1086434282,,678,0,,10,6,0.000958730778313137
498,DH,1000,0.1,0.01,0.2,0.8,2.5,2.5,1086434282,,367,0,,6,14,0.000581950068801427
499,DH,1000,0.1,0.01,0.2,0.8,2.5,2.5,1086434282,,149,0,,8,5,0.00042350760080744925
500,DH,1000,0.1,0.01,0.2,0.8,2.5,2.5,1086434282,,834,0,,4,20,0.0004319646186621567
501,DH,1000,0.1,0.01,0.2,0.8,2.5,2.5,1086434282,,661,0,,11,4,0.0009696515157549811
502,DH,1000,0.1,0.01,0.2,0.8,2.5,2.5,1086434282,,723,0,,6,5,0.0006976520712895593
503,DH,1000,0.1,0.01,0.2,0.8,2.5,2.5,1086434282,,255,0,,12,7,0.0016567061260586158
504,DH,1000,0.1,0.01,0.2,0.8,2.5,2.5,1086434282,,38,0,,6,6,0.0007729168470122291
505,DH,1000,0.1,0.01,0.2,0.8,2.5,2.5,1086434282,,361,0,,7,6,0.0006321554132387581
506,DH,1000,0.1,0.01,0.2,0.8,2.5,2.5,1086434282,,704,0,,12,6,0.0007872867990539256
507,DH,1000,0.1,0.01,0.2,0.8,2.5,2.5,1086434282,,316,0,,11,4,0.000648414752629884
508,DH,1000,0.1,0.01,0.2,0.8,2.5,2.5,1086434282,,898,0,,5,11,0.0005531783449564613
509,DH,1000,0.1,0.01,0.2,0.8,2.5,2.5,1086434282,,617,0,,10,13,0.0007224761237174421
510,DH,1000,0.1,0.01,0.2,0.8,2.5,2.5,1086434282,,16,0,,9,11,0.0012075161124957287
511,DH,1000,0.1,0.01,0.2,0.8,2.5,2.5,1086434282,,996,0,,12,5,0.000682941353238833
512,DH,1000,0.1,0.01,0.2,0.8,2.5,2.5,1086434282,,251,0,,5,8,0.000687112238057623
513,DH,1000,0.1,0.01,0.2,0.8,2.5,2.5,1086434282,,755,0,,7,16,0.00041025270621703044
514,DH,1000,0.1,0.01,0.2,0.8,2.5,2.5,1086434282,,504,0,,12,5,0.0013819584741331446
515,DH,1000,0.1,0.01,0.2,0.8,2.5,2.5,1086434282,,114,0,,7,8,0.0009087377473181497
516,DH,1000,0.1,0.01,0.2,0.8,2.5,2.5,1086434282,,271,0,,6,15,0.0005549062536753601
517,DH,1000,0.1,0.01,0.2,0.8,2.5,2.5,1086434282,,784,0,,5,6,0.000803738365834743
518,DH,1000,0.1,0.01,0.2,0.8,2.5,2.5,1086434282,,209,0,,6,8,0.0007126635555383042
519,DH,1000,0.1,0.01,0.2,0.8,2.5,2.5,1086434282,,253,0,,8,5,0.0006863724867389914
520,DH,1000,0.1,0.01,0.2,0.8,2.5,2.5,1086434282,,480,0,,9,7,0.0007486239749800228
521,DH,1000,0.1,0.01,0.2,0.8,2.5,2.5,1086434282,,511,0,,5,7,0.000692512012696964
522,DH,1000,0.1,0.01,0.2,0.8,2.5,2.5,1086434282,,502,0,,6,11,0.0004791416233922574
523,DH,1000,0.1,0.01,0.2,0.8,2.5,2.5,1086434282,,445,0,,10,12,0.0017231847315746316
524,DH,1000,0.1,0.01,0.2,0.8,2.5,2.5,1086434282,,68,0,,2,2,0.0002530721124871561
525,DH,1000,0.1,0.01,0.2,0.8,2.5,2.5,1086434282,,192,0,,13,7,0.0008476724607948004
526,DH,1000,0.1,0.01,0.2,0.8,2.5,2.5,1086434282,,787,0,,6,22,0.0003835700145248986
527,DH,1000,0.1,0.01,0.2,0.8,2.5,2.5,1086434282,,416,0,,7,11,0.0005078624692051255
528,DH,1000,0.1,0.01,0.2,0.8,2.5,2.5,1086434282,,846,0,,8,9,0.0007609136423122416
529,DH,1000,0.1,0.01,0.2,0.8,2.5,2.5,1086434282,,739,0,,10,9,0.0007220721292399724
530,DH,1000,0.1,0.01,0.2,0.8,2.5,2.5,1086434282,,354,0,,1,4,0.0002268667060426137
531,DH,1000,0.1,0.01,0.2,0.8,2.5,2.5,1086434282,,515,0,,11,6,0.0005994312436259734
532,DH,1000,0.1,0.01,0.2,0.8,2.5,2.5,1086434282,,440,0,,15,8,0.0014983167076332612
533,DH,1000,0.1,0.01,0.2,0.8,2.5,2.5,1086434282,,551,0,,10,11,0.000829020359304072
534,DH,1000,0.1,0.01,0.2,0.8,2.5,2.5,1086434282,,484,0,,7,8,0.0007601988904140089
535,DH,1000,0.1,0.01,0.2,0.8,2.5,2.5,1086434282,,270,0,,13,2,0.0012207696606424136
536,DH,1000,0.1,0.01,0.2,0.8,2.5,2.5,1086434282,,394,0,,8,12,0.0005349805699620747
537,DH,1000,0.1,0.01,0.2,0.8,2.5,2.5,1086434282,,667,0,,6,12,0.0007248237125454674
538,DH,1000,0.1,0.01,0.2,0.8,2.5,2.5,1086434282,,452,0,,14,3,0.0018149802716848243
539,DH,1000,0.1,0.01,0.2,0.8,2.5,2.5,1086434282,,793,0,,9,7,0.0007312922011063353
540,DH,1000,0.1,0.01,0.2,0.8,2.5,2.5,1086434282,,435,0,,8,7,0.0005855802905585468
541,DH,1000,0.1,0.01,0.2,0.8,2.5,2.5,1086434282,,794,0,,12,7,0.001422437576580383
542,DH,1000,0.1,0.01,0.2,0.8,2.5,2.5,1086434282,,458,0,,12,9,0.0013314611314200573
543,DH,1000,0.1,0.01,0.2,0.8,2.5,2.5,1086434282,,961,0,,8,9,0.0005762441590469937
544,DH,1000,0.1,0.01,0.2,0.8,2.5,2.5,1086434282,,29,0,,8,5,0.00048219870938545975
545,DH,1000,0.1,0.01,0.2,0.8,2.5,2.5,1086434282,,674,0,,10,5,0.0005880132811050132
546,DH,1000,0.1,0.01,0.2,0.8,2.5,2.5,1086434282,,472,0,,8,13,0.0006231863559112012
547,DH,1000,0.1,0.01,0.2,0.8,2.5,2.5,1086434282,,669,0,,5,5,0.00039152885438687693
548,DH,1000,0.1,0.01,0.2,0.8,2.5,2.5,1086434282,,929,0,,7,14,0.0009932084624722126
549,DH,1000,0.1,0.01,0.2,0.8,2.5,2.5,1086434282,,39,0,,8,7,0.0006882872770721085
550,DH,1000,0.1,0.01,0.2,0.8,2.5,2.5,1086434282,,90,0,,8,23,0.0008375751346806163
551,DH,1000,0.1,0.01,0.2,0.8,2.5,2.5,1086434282,,836,0,,8,6,0.0010969971758775724
552,DH,1000,0.1,0.01,0.2,0.8,2.5,2.5,1086434282,,268,0,,6,6,0.0008437542424093777
553,DH,1000,0.1,0.01,0.2,0.8,2.5,2.5,1086434282,,828,0,,10,7,0.001098010457093987
554,DH,1000,0.1,0.01,0.2,0.8,2.5,2.5,1086434282,,211,0,,6,3,0.0009423313282619922
555,DH,1000,0.1,0.01,0.2,0.8,2.5,2.5,1086434282,,412,0,,12,12,0.0017492176123326988
556,DH,1000,0.1,0.01,0.2,0.8,2.5,2.5,1086434282,,117,0,,5,17,0.0003143137187052901
557,DH,1000,0.1,0.01,0.2,0.8,2.5,2.5,1086434282,,533,0,,10,8,0.0014376472982746344
558,DH,1000,0.1,0.01,0.2,0.8,2.5,2.5,1086434282,,858,0,,9,8,0.0007575811128332596
559,DH,1000,0.1,0.01,0.2,0.8,2.5,2.5,1086434282,,945,0,,12,6,0.0010795436212440487
560,DH,1000,0.1,0.01,0.2,0.8,2.5,2.5,1086434282,,28,0,,8,5,0.0006724315314863344
561,DH,1000,0.1,0.01,0.2,0.8,2.5,2.5,1086434282,,692,0,,11,4,0.0010024763807254123
562,DH,1000,0.1,0.01,0.2,0.8,2.5,2.5,1086434282,,70,0,,9,5,0.0010948586057017199
563,DH,1000,0.1,0.01,0.2,0.8,2.5,2.5,1086434282,,819,0,,4,4,0.0005436022692995303
564,DH,1000,0.1,0.01,0.2,0.8,2.5,2.5,1086434282,,516,0,,4,3,0.0004373406742220009
565,DH,1000,0.1,0.01,0.2,0.8,2.5,2.5,1086434282,,395,0,,6,15,0.0016219513774726904
566,DH,1000,0.1,0.01,0.2,0.8,2.5,2.5,1086434282,,340,0,,7,2,0.0008968235104610851
567,DH,1000,0.1,0.01,0.2,0.8,2.5,2.5,1086434282,,89,0,,5,13,0.0004566224579416578
568,DH,1000,0.1,0.01,0.2,0.8,2.5,2.5,1086434282,,320,0,,6,5,0.000321781988884823
569,DH,1000,0.1,0.01,0.2,0.8,2.5,2.5,1086434282,,121,0,,10,11,0.0008746476371327028
570,DH,1000,0.1,0.01,0.2,0.8,2.5,2.5,1086434282,,628,0,,5,9,0.0006454861122758223
571,DH,1000,0.1,0.01,0.2,0.8,2.5,2.5,1086434282,,130,0,,5,11,0.0007651161069890754
572,DH,1000,0.1,0.01,0.2,0.8,2.5,2.5,1086434282,,640,0,,9,9,0.0006660708747711629
573,DH,1000,0.1,0.01,0.2,0.8,2.5,2.5,1086434282,,126,0,,5,3,0.0003669238877300781
574,DH,1000,0.1,0.01,0.2,0.8,2.5,2.5,1086434282,,398,0,,8,2,0.0013749504507675413
575,DH,1000,0.1,0.01,0.2,0.8,2.5,2.5,1086434282,,384,0,,14,8,0.0009136333988702332
576,DH,1000,0.1,0.01,0.2,0.8,2.5,2.5,1086434282,,423,0,,12,6,0.0015085229239403487
577,DH,1000,0.1,0.01,0.2,0.8,2.5,2.5,1086434282,,79,0,,8,3,0.0006182069048138214
578,DH,1000,0.1,0.01,0.2,0.8,2.5,2.5,1086434282,,556,0,,10,9,0.0020260632274063843
579,DH,1000,0.1,0.01,0.2,0.8,2.5,2.5,1086434282,,222,0,,6,15,0.0007358317686177226
580,DH,1000,0.1,0.01,0.2,0.8,2.5,2.5,1086434282,,166,0,,5,7,0.0005111606207248493
581,DH,1000,0.1,0.01,0.2,0.8,2.5,2.5,1086434282,,652,0,,5,10,0.0006904135522510285
582,DH,1000,0.1,0.01,0.2,0.8,2.5,2.5,1086434282,,853,0,,5,6,0.0004353111482391458
583,DH,1000,0.1,0.01,0.2,0.8,2.5,2.5,1086434282,,857,0,,2,23,0.0002633958460462452
584,DH,1000,0.1,0.01,0.2,0.8,2.5,2.5,1086434282,,148,0,,6,12,0.0003796191312940127
585,DH,1000,0.1,0.01,0.2,0.8,2.5,2.5,1086434282,,876,0,,6,5,0.0007492868231685102
586,DH,1000,0.1,0.01,0.2,0.8,2.5,2.5,1086434282,,55,0,,9,2,0.0011152959601463748
587,DH,1000,0.1,0.01,0.2,0.8,2.5,2.5,1086434282,,993,0,,6,8,0.0006091766019302419
588,DH,1000,0.1,0.01,0.2,0.8,2.5,2.5,1086434282,,877,0,,8,15,0.000633317341254825
589,DH,1000,0.1,0.01,0.2,0.8,2.5,2.5,1086434282,,856,0,,4,7,0.0007009855275351108
590,DH,1000,0.1,0.01,0.2,0.8,2.5,2.5,1086434282,,541,0,,4,4,0.0004283111410616875
591,DH,1000,0.1,0.01,0.2,0.8,2.5,2.5,1086434282,,894,0,,3,15,0.0003084570679887316
592,DH,1000,0.1,0.01,0.2,0.8,2.5,2.5,1086434282,,492,0,,4,5,0.0003346187637130304
593,DH,1000,0.1,0.01,0.2,0.8,2.5,2.5,1086434282,,419,0,,5,5,0.00040109463250211265
594,DH,1000,0.1,0.01,0.2,0.8,2.5,2.5,1086434282,,592,0,,6,25,0.0007403134602584563
595,DH,1000,0.1,0.01,0.2,0.8,2.5,2.5,1086434282,,151,0,,4,12,0.0003568216309751388
596,DH,1000,0.1,0.01,0.2,0.8,2.5,2.5,1086434282,,489,0,,5,9,0.0007127108063820228
597,DH,1000,0.1,0.01,0.2,0.8,2.5,2.5,1086434282,,208,0,,7,6,0.0008765116821002366
598,DH,1000,0.1,0.01,0.2,0.8,2.5,2.5,1086434282,,179,0,,5,9,0.0004791481424885166
599,DH,1000,0.1,0.01,0.2,0.8,2.5,2.5,1086434282,,892,0,,7,9,0.0006931324476665273
600,DH,1000,0.1,0.01,0.2,0.8,2.5,2.5,1086434282,,333,0,,12,3,0.0010387225405812316
601,DH,1000,0.1,0.01,0.2,0.8,2.5,2.5,1086434282,,397,0,,6,9,0.0004940931107577105
602,DH,1000,0.1,0.01,0.2,0.8,2.5,2.5,1086434282,,705,0,,10,13,0.0011793174244805087
603,DH,1000,0.1,0.01,0.2,0.8,2.5,2.5,1086434282,,593,0,,7,7,0.0010268605840134072
604,DH,1000,0.1,0.01,0.2,0.8,2.5,2.5,1086434282,,318,0,,13,8,0.0018495136516704684
605,DH,1000,0.1,0.01,0.2,0.8,2.5,2.5,1086434282,,657,0,,8,4,0.0007608535172713489
606,DH,1000,0.1,0.01,0.2,0.8,2.5,2.5,1086434282,,553,0,,5,6,0.00034169466230689935
607,DH,1000,0.1,0.01,0.2,0.8,2.5,2.5,1086434282,,286,0,,7,8,0.0009653690313356013
608,DH,1000,0.1,0.01,0.2,0.8,2.5,2.5,1086434282,,240,0,,6,5,0.0003693817049596985
609,DH,1000,0.1,0.01,0.2,0.8,2.5,2.5,1086434282,,100,0,,9,15,0.0008484791852304241
610,DH,1000,0.1,0.01,0.2,0.8,2.5,2.5,1086434282,,918,0,,7,172,0.00042626461945514244
611,DH,1000,0.1,0.01,0.2,0.8,2.5,2.5,1086434282,,893,0,,11,3,0.000903826151006942
612,DH,1000,0.1,0.01,0.2,0.8,2.5,2.5,1086434282,,716,0,,8,7,0.001672773525399255
613,DH,1000,0.1,0.01,0.2,0.8,2.5,2.5,1086434282,,569,0,,12,8,0.0011726340383214618
614,DH,1000,0.1,0.01,0.2,0.8,2.5,2.5,1086434282,,220,0,,4,7,0.0006881699342633295
615,DH,1000,0.1,0.01,0.2,0.8,2.5,2.5,1086434282,,625,0,,4,22,0.0004121889345795022
616,DH,1000,0.1,0.01,0.2,0.8,2.5,2.5,1086434282,,10,0,,9,4,0.0011461015036334668
617,DH,1000,0.1,0.01,0.2,0.8,2.5,2.5,1086434282,,446,0,,5,5,0.0006915958491898228
618,DH,1000,0.1,0.01,0.2,0.8,2.5,2.5,1086434282,,830,0,,10,8,0.0006962110526594433
619,DH,1000,0.1,0.01,0.2,0.8,2.5,2.5,1086434282,,383,0,,10,7,0.0005681147816928304
620,DH,1000,0.1,0.01,0.2,0.8,2.5,2.5,1086434282,,880,0,,5,4,0.00036918052816718196
621,DH,1000,0.1,0.01,0.2,0.8,2.5,2.5,1086434282,,920,0,,9,11,0.0008986386551277915
622,DH,1000,0.1,0.01,0.2,0.8,2.5,2.5,1086434282,,82,0,,6,23,0.0005196965777067171
623,DH,1000,0.1,0.01,0.2,0.8,2.5,2.5,1086434282,,681,0,,5,157,0.0008036674517137935
624,DH,1000,0.1,0.01,0.2,0.8,2.5,2.5,1086434282,,509,0,,6,20,0.0008058789182059484
625,DH,1000,0.1,0.01,0.2,0.8,2.5,2.5,1086434282,,654,0,,4,18,0.00033167612196881085
626,DH,1000,0.1,0.01,0.2,0.8,2.5,2.5,1086434282,,298,0,,14,10,0.0010540320256982097
627,DH,1000,0.1,0.01,0.2,0.8,2.5,2.5,1086434282,,738,0,,7,5,0.0005118922399790548
628,DH,1000,0.1,0.01,0.2,0.8,2.5,2.5,1086434282,,408,0,,8,11,0.0005984204149484904
629,DH,1000,0.1,0.01,0.2,0.8,2.5,2.5,1086434282,,622,0,,7,9,0.000522959913321294
630,DH,1000,0.1,0.01,0.2,0.8,2.5,2.5,1086434282,,536,0,,9,3,0.0009086478817225899
631,DH,1000,0.1,0.01,0.2,0.8,2.5,2.5,1086434282,,871,0,,3,2,0.0005648777781433234
632,DH,1000,0.1,0.01,0.2,0.8,2.5,2.5,1086434282,,19,0,,5,54,0.0007089931397862637
633,DH,1000,0.1,0.01,0.2,0.8,2.5,2.5,1086434282,,804,0,,10,6,0.0007584433058674406
634,DH,1000,0.1,0.01,0.2,0.8,2.5,2.5,1086434282,,512,0,,3,5,0.00035036034429245704
635,DH,1000,0.1,0.01,0.2,0.8,2.5,2.5,1086434282,,206,0,,6,8,0.00039350853899588464
636,DH,1000,0.1,0.01,0.2,0.8,2.5,2.5,1086434282,,2,0,,8,6,0.0007707805888107358
637,DH,1000,0.1,0.01,0.2,0.8,2.5,2.5,1086434282,,558,0,,8,8,0.0007551745452362973
638,DH,1000,0.1,0.01,0.2,0.8,2.5,2.5,1086434282,,69,0,,5,3,0.0005505636818867371
639,DH,1000,0.1,0.01,0.2,0.8,2.5,2.5,1086434282,,596,0,,4,12,0.0009956590785452927
640,DH,1000,0.1,0.01,0.2,0.8,2.5,2.5,1086434282,,453,0,,10,4,0.0011313644393827211
641,DH,1000,0.1,0.01,0.2,0.8,2.5,2.5,1086434282,,478,0,,8,7,0.0008565228554145685
642,DH,1000,0.1,0.01,0.2,0.8,2.5,2.5,1086434282,,283,0,,12,2,0.0006630127999473122
643,DH,1000,0.1,0.01,0.2,0.8,2.5,2.5,1086434282,,328,0,,6,6,0.0005086498896619749
644,DH,1000,0.1,0.01,0.2,0.8,2.5,2.5,1086434282,,162,0,,9,13,0.0013509207322267452
645,DH,1000,0.1,0.01,0.2,0.8,2.5,2.5,1086434282,,244,0,,7,6,0.0007602294850702283
646,DH,1000,0.1,0.01,0.2,0.8,2.5,2.5,1086434282,,369,0,,6,8,0.00034893176841640334
647,DH,1000,0.1,0.01,0.2,0.8,2.5,2.5,1086434282,,433,0,,9,6,0.001215505182160523
648,DH,1000,0.1,0.01,0.2,0.8,2.5,2.5,1086434282,,690,0,,14,6,0.0011836670312035972
649,DH,1000,0.1,0.01,0.2,0.8,2.5,2.5,1086434282,,882,0,,9,6,0.0007097736991074006
650,DH,1000,0.1,0.01,0.2,0.8,2.5,2.5,1086434282,,604,0,,8,14,0.000976275654470696
651,DH,1000,0.1,0.01,0.2,0.8,2.5,2.5,1086434282,,727,0,,14,5,0.0011812820641509106
652,DH,1000,0.1,0.01,0.2,0.8,2.5,2.5,1086434282,,161,0,,9,6,0.0007369408099648037
653,DH,1000,0.1,0.01,0.2,0.8,2.5,2.5,1086434282,,405,0,,10,5,0.0012896472092685791
654,DH,1000,0.1,0.01,0.2,0.8,2.5,2.5,1086434282,,201,0,,13,4,0.000935470564868278
655,DH,1000,0.1,0.01,0.2,0.8,2.5,2.5,1086434282,,638,0,,9,6,0.0005821292979822615
656,DH,1000,0.1,0.01,0.2,0.8,2.5,2.5,1086434282,,560,0,,14,6,0.0011298854543759958
657,DH,1000,0.1,0.01,0.2,0.8,2.5,2.5,1086434282,,603,0,,10,10,0.0009358546178982297
658,DH,1000,0.1,0.01,0.2,0.8,2.5,2.5,1086434282,,21,0,,9,9,0.0009085230132051711
659,DH,1000,0.1,0.01,0.2,0.8,2.5,2.5,1086434282,,498,0,,12,5,0.0014407283423966272
660,DH,1000,0.1,0.01,0.2,0.8,2.5,2.5,1086434282,,671,0,,6,7,0.0004437002778261684
661,DH,1000,0.1,0.01,0.2,0.8,2.5,2.5,1086434282,,188,0,,7,4,0.0002947009645324632
662,DH,1000,0.1,0.01,0.2,0.8,2.5,2.5,1086434282,,59,0,,12,6,0.0013829650304784
663,DH,1000,0.1,0.01,0.2,0.8,2.5,2.5,1086434282,,572,0,,10,9,0.0014875643843987524
664,DH,1000,0.1,0.01,0.2,0.8,2.5,2.5,1086434282,,575,0,,9,4,0.0008147338323202545
665,DH,1000,0.1,0.01,0.2,0.8,2.5,2.5,1086434282,,141,0,,7,4,0.0008357776208535575
666,DH,1000,0.1,0.01,0.2,0.8,2.5,2.5,1086434282,,236,0,,11,17,0.0012460782317930414
667,DH,1000,0.1,0.01,0.2,0.8,2.5,2.5,1086434282,,832,0,,2,11,0.0002606122128250952
668,DH,1000,0.1,0.01,0.2,0.8,2.5,2.5,1086434282,,505,0,,8,3,0.0005810746877611449
669,DH,1000,0.1,0.01,0.2,0.8,2.5,2.5,1086434282,,527,0,,3,8,0.00029800706859117086
670,DH,1000,0.1,0.01,0.2,0.8,2.5,2.5,1086434282,,246,0,,6,10,0.0008725627589357323
671,DH,1000,0.1,0.01,0.2,0.8,2.5,2.5,1086434282,,879,0,,10,13,0.000657822502476984
672,DH,1000,0.1,0.01,0.2,0.8,2.5,2.5,1086434282,,231,0,,9,5,0.0006281625920116487
673,DH,1000,0.1,0.01,0.2,0.8,2.5,2.5,1086434282,,396,0,,10,8,0.00094684364331198
674,DH,1000,0.1,0.01,0.2,0.8,2.5,2.5,1086434282,,50,0,,10,4,0.001079926738503039
675,DH,1000,0.1,0.01,0.2,0.8,2.5,2.5,1086434282,,422,0,,7,10,0.0008689311679225124
676,DH,1000,0.1,0.01,0.2,0.8,2.5,2.5,1086434282,,332,0,,9,8,0.0010018763783646186
677,DH,1000,0.1,0.01,0.2,0.8,2.5,2.5,1086434282,,116,0,,4,14,0.0006411522252202744
678,DH,1000,0.1,0.01,0.2,0.8,2.5,2.5,1086434282,,986,0,,12,4,0.0009088226956986597
679,DH,1000,0.1,0.01,0.2,0.8,2.5,2.5,1086434282,,956,0,,6,10,0.0006190660349003343
680,DH,1000,0.1,0.01,0.2,0.8,2.5,2.5,1086434282,,979,0,,8,3,0.0009464118990763282
681,DH,1000,0.1,0.01,0.2,0.8,2.5,2.5,1086434282,,457,0,,9,3,0.0004887408794308354
682,DH,1000,0.1,0.01,0.2,0.8,2.5,2.5,1086434282,,675,0,,8,8,0.0006087292911088739
683,DH,1000,0.1,0.01,0.2,0.8,2.5,2.5,1086434282,,583,0,,7,7,0.0007732029650902622
684,DH,1000,0.1,0.01,0.2,0.8,2.5,2.5,1086434282,,911,0,,5,5,0.0010495021440243644
685,DH,1000,0.1,0.01,0.2,0.8,2.5,2.5,1086434282,,710,0,,7,3,0.0012146762932985682
686,DH,1000,0.1,0.01,0.2,0.8,2.5,2.5,1086434282,,691,0,,7,5,0.0004437791432046819
687,DH,1000,0.1,0.01,0.2,0.8,2.5,2.5,1086434282,,831,0,,7,18,0.0005300654191319566
688,DH,1000,0.1,0.01,0.2,0.8,2.5,2.5,1086434282,,347,0,,3,5,0.0004308026627637542
689,DH,1000,0.1,0.01,0.2,0.8,2.5,2.5,1086434282,,849,0,,13,2,0.0017631351502303658
690,DH,1000,0.1,0.01,0.2,0.8,2.5,2.5,1086434282,,715,0,,7,4,0.0006010127718321002
691,DH,1000,0.1,0.01,0.2,0.8,2.5,2.5,1086434282,,672,0,,10,5,0.0009413270520181237
692,DH,1000,0.1,0.01,0.2,0.8,2.5,2.5,1086434282,,191,0,,6,7,0.00034255609006401895
693,DH,1000,0.1,0.01,0.2,0.8,2.5,2.5,1086434282,,683,0,,14,4,0.0009393966966589983
694,DH,1000,0.1,0.01,0.2,0.8,2.5,2.5,1086434282,,386,0,,7,5,0.00077306556688382
695,DH,1000,0.1,0.01,0.2,0.8,2.5,2.5,1086434282,,273,0,,7,7,0.0004299012594491907
696,DH,1000,0.1,0.01,0.2,0.8,2.5,2.5,1086434282,,35,0,,15,8,0.0012147537652089843
697,DH,1000,0.1,0.01,0.2,0.8,2.5,2.5,1086434282,,124,0,,12,17,0.0007880934589665711
698,DH,1000,0.1,0.01,0.2,0.8,2.5,2.5,1086434282,,934,0,,9,9,0.001060860081420138
699,DH,1000,0.1,0.01,0.2,0.8,2.5,2.5,1086434282,,921,0,,7,4,0.0009417917909593812
700,DH,1000,0.1,0.01,0.2,0.8,2.5,2.5,1086434282,,839,0,,7,5,0.00033547258080266206
701,DH,1000,0.1,0.01,0.2,0.8,2.5,2.5,1086434282,,234,0,,6,8,0.0005684116231041631
702,DH,1000,0.1,0.01,0.2,0.8,2.5,2.5,1086434282,,118,0,,6,8,0.0006559549348442603
703,DH,1000,0.1,0.01,0.2,0.8,2.5,2.5,1086434282,,538,0,,14,2,0.0010708145531557877
704,DH,1000,0.1,0.01,0.2,0.8,2.5,2.5,1086434282,,855,0,,9,5,0.000994026952154375
705,DH,1000,0.1,0.01,0.2,0.8,2.5,2.5,1086434282,,346,0,,6,7,0.0008269539609699283
706,DH,1000,0.1,0.01,0.2,0.8,2.5,2.5,1086434282,,136,0,,7,9,0.0005591500723976325
707,DH,1000,0.1,0.01,0.2,0.8,2.5,2.5,1086434282,,774,0,,15,10,0.0012449419549223717
708,DH,1000,0.1,0.01,0.2,0.8,2.5,2.5,1086434282,,34,0,,4,6,0.00036155455685429855
709,DH,1000,0.1,0.01,0.2,0.8,2.5,2.5,1086434282,,614,0,,9,4,0.0006488927572337298
710,DH,1000,0.1,0.01,0.2,0.8,2.5,2.5,1086434282,,168,0,,13,1,0.0011421761453833743
711,DH,1000,0.1,0.01,0.2,0.8,2.5,2.5,1086434282,,430,0,,7,16,0.0005049127210908041
712,DH,1000,0.1,0.01,0.2,0.8,2.5,2.5,1086434282,,984,0,,14,4,0.0008284847393770945
713,DH,1000,0.1,0.01,0.2,0.8,2.5,2.5,1086434282,,954,0,,6,7,0.0005612969066635124
714,DH,1000,0.1,0.01,0.2,0.8,2.5,2.5,1086434282,,272,0,,6,6,0.000415327614711972
715,DH,1000,0.1,0.01,0.2,0.8,2.5,2.5,1086434282,,343,0,,5,20,0.0005422948129293838
716,DH,1000,0.1,0.01,0.2,0.8,2.5,2.5,1086434282,,713,0,,8,41,0.0018032449947590974
717,DH,1000,0.1,0.01,0.2,0.8,2.5,2.5,1086434282,,711,0,,6,6,0.0004028584556964686
718,DH,1000,0.1,0.01,0.2,0.8,2.5,2.5,1086434282,,854,0,,8,7,0.0008270497377233148
719,DH,1000,0.1,0.01,0.2,0.8,2.5,2.5,1086434282,,539,0,,10,8,0.0006548819834926915
720,DH,1000,0.1,0.01,0.2,0.8,2.5,2.5,1086434282,,821,0,,7,14,0.0008922913196513714
721,DH,1000,0.1,0.01,0.2,0.8,2.5,2.5,1086434282,,776,0,,3,4,0.0007438819537618169
722,DH,1000,0.1,0.01,0.2,0.8,2.5,2.5,1086434282,,618,0,,6,81,0.0006648636789362338
723,DH,1000,0.1,0.01,0.2,0.8,2.5,2.5,1086434282,,684,0,,4,4,0.0002702684457738587
724,DH,1000,0.1,0.01,0.2,0.8,2.5,2.5,1086434282,,639,0,,5,3,0.00035038242912280385
725,DH,1000,0.1,0.01,0.2,0.8,2.5,2.5,1086434282,,363,0,,6,14,0.00047363437637387273
726,DH,1000,0.1,0.01,0.2,0.8,2.5,2.5,1086434282,,754,0,,8,16,0.00046622688568150343
727,DH,1000,0.1,0.01,0.2,0.8,2.5,2.5,1086434282,,946,0,,7,6,0.0011922251280913113
728,DH,1000,0.1,0.01,0.2,0.8,2.5,2.5,1086434282,,96,0,,12,11,0.0009819909068850912
729,DH,1000,0.1,0.01,0.2,0.8,2.5,2.5,1086434282,,140,0,,10,3,0.0010112197063938467
730,DH,1000,0.1,0.01,0.2,0.8,2.5,2.5,1086434282,,429,0,,4,4,0.0005341945728552536
731,DH,1000,0.1,0.01,0.2,0.8,2.5,2.5,1086434282,,939,0,,9,5,0.00040070294960578524
732,DH,1000,0.1,0.01,0.2,0.8,2.5,2.5,1086434282,,743,0,,11,12,0.0009779115632318858
733,DH,1000,0.1,0.01,0.2,0.8,2.5,2.5,1086434282,,93,0,,7,8,0.0007880148509930797
734,DH,1000,0.1,0.01,0.2,0.8,2.5,2.5,1086434282,,280,0,,9,3,0.000666921965542784
735,DH,1000,0.1,0.01,0.2,0.8,2.5,2.5,1086434282,,523,0,,9,7,0.0010734823084426388
736,DH,1000,0.1,0.01,0.2,0.8,2.5,2.5,1086434282,,451,0,,4,4,0.0005592264581863001
737,DH,1000,0.1,0.01,0.2,0.8,2.5,2.5,1086434282,,612,0,,5,12,0.000323897539026985
738,DH,1000,0.1,0.01,0.2,0.8,2.5,2.5,1086434282,,94,0,,9,4,0.0007848612645802562
739,DH,1000,0.1,0.01,0.2,0.8,2.5,2.5,1086434282,,80,0,,11,1,0.0012188386224050818
740,DH,1000,0.1,0.01,0.2,0.8,2.5,2.5,1086434282,,81,0,,8,1,0.0005045763078109697
741,DH,1000,0.1,0.01,0.2,0.8,2.5,2.5,1086434282,,679,0,,6,16,0.0007096499350840757
742,DH,1000,0.1,0.01,0.2,0.8,2.5,2.5,1086434282,,555,0,,12,9,0.0008857951102518957
743,DH,1000,0.1,0.01,0.2,0.8,2.5,2.5,1086434282,,330,0,,10,3,0.0008372347278976516
744,DH,1000,0.1,0.01,0.2,0.8,2.5,2.5,1086434282,,588,0,,4,4,0.00042379104182803016
745,DH,1000,0.1,0.01,0.2,0.8,2.5,2.5,1086434282,,22,0,,4,7,0.0002968748502752086
746,DH,1000,0.1,0.01,0.2,0.8,2.5,2.5,1086434282,,154,0,,12,4,0.0008321408494415406
747,DH,1000,0.1,0.01,0.2,0.8,2.5,2.5,1086434282,,67,0,,6,19,0.0011939205668917094
748,DH,1000,0.1,0.01,0.2,0.8,2.5,2.5,1086434282,,444,0,,8,8,0.0012096041787142365
749,DH,1000,0.1,0.01,0.2,0.8,2.5,2.5,1086434282,,510,0,,7,8,0.0012819800552479861
750,DH,1000,0.1,0.01,0.2,0.8,2.5,2.5,1086434282,,261,0,,11,7,0.001065306840957037
751,DH,1000,0.1,0.01,0.2,0.8,2.5,2.5,1086434282,,636,0,,8,3,0.0006641671632119087
752,DH,1000,0.1,0.01,0.2,0.8,2.5,2.5,1086434282,,158,0,,5,14,0.00038312392467918356
753,DH,1000,0.1,0.01,0.2,0.8,2.5,2.5,1086434282,,801,0,,7,17,0.0005518019662831146
754,DH,1000,0.1,0.01,0.2,0.8,2.5,2.5,1086434282,,989,0,,7,8,0.0006311917707094479
755,DH,1000,0.1,0.01,0.2,0.8,2.5,2.5,1086434282,,827,0,,8,12,0.0007180435664096535
756,DH,1000,0.1,0.01,0.2,0.8,2.5,2.5,1086434282,,944,0,,9,7,0.0008033878818547009
757,DH,1000,0.1,0.01,0.2,0.8,2.5,2.5,1086434282,,977,0,,8,5,0.0017472512953776598
758,DH,1000,0.1,0.01,0.2,0.8,2.5,2.5,1086434282,,756,0,,8,6,0.0007007341536372731
759,DH,1000,0.1,0.01,0.2,0.8,2.5,2.5,1086434282,,310,0,,8,5,0.0005664165069577477
760,DH,1000,0.1,0.01,0.2,0.8,2.5,2.5,1086434282,,364,0,,9,10,0.0008030858125512647
761,DH,1000,0.1,0.01,0.2,0.8,2.5,2.5,1086434282,,597,0,,8,4,0.0007434966382562394
762,DH,1000,0.1,0.01,0.2,0.8,2.5,2.5,1086434282,,99,0,,13,14,0.0006903756257199275
763,DH,1000,0.1,0.01,0.2,0.8,2.5,2.5,1086434282,,590,0,,14,4,0.001013910404839189
764,DH,1000,0.1,0.01,0.2,0.8,2.5,2.5,1086434282,,470,0,,7,7,0.0007631241802291572
765,DH,1000,0.1,0.01,0.2,0.8,2.5,2.5,1086434282,,385,0,,5,5,0.0007116273530855454
766,DH,1000,0.1,0.01,0.2,0.8,2.5,2.5,1086434282,,712,0,,10,11,0.0005166328203994504
767,DH,1000,0.1,0.01,0.2,0.8,2.5,2.5,1086434282,,602,0,,8,12,0.0006812211612497959
768,DH,1000,0.1,0.01,0.2,0.8,2.5,2.5,1086434282,,438,0,,16,6,0.0018949710662586443
769,DH,1000,0.1,0.01,0.2,0.8,2.5,2.5,1086434282,,353,0,,5,14,0.0007233653423381275
770,DH,1000,0.1,0.01,0.2,0.8,2.5,2.5,1086434282,,619,0,,7,26,0.0007796040341667089
771,DH,1000,0.1,0.01,0.2,0.8,2.5,2.5,1086434282,,84,0,,10,7,0.00150162295379179
772,DH,1000,0.1,0.01,0.2,0.8,2.5,2.5,1086434282,,765,0,,7,8,0.0006634053571841106
773,DH,1000,0.1,0.01,0.2,0.8,2.5,2.5,1086434282,,935,0,,14,4,0.0014741570705837993
774,DH,1000,0.1,0.01,0.2,0.8,2.5,2.5,1086434282,,203,0,,5,6,0.0004946768095210651
775,DH,1000,0.1,0.01,0.2,0.8,2.5,2.5,1086434282,,975,0,,7,13,0.0010219551620558288
776,DH,1000,0.1,0.01,0.2,0.8,2.5,2.5,1086434282,,747,0,,8,11,0.0007620688070942618
777,DH,1000,0.1,0.01,0.2,0.8,2.5,2.5,1086434282,,439,0,,7,6,0.0006316585539511227
778,DH,1000,0.1,0.01,0.2,0.8,2.5,2.5,1086434282,,227,0,,7,17,0.0004915239232154625
779,DH,1000,0.1,0.01,0.2,0.8,2.5,2.5,1086434282,,980,0,,6,6,0.0004544880103837279
780,DH,1000,0.1,0.01,0.2,0.8,2.5,2.5,1086434282,,108,0,,7,8,0.00032284060443808337
781,DH,1000,0.1,0.01,0.2,0.8,2.5,2.5,1086434282,,113,0,,9,10,0.0008492447712886438
782,DH,1000,0.1,0.01,0.2,0.8,2.5,2.5,1086434282,,842,0,,3,8,0.000249458387383519
783,DH,1000,0.1,0.01,0.2,0.8,2.5,2.5,1086434282,,20,0,,8,8,0.0004934140057737909
784,DH,1000,0.1,0.01,0.2,0.8,2.5,2.5,1086434282,,135,0,,7,7,0.00047287601620392964
785,DH,1000,0.1,0.01,0.2,0.8,2.5,2.5,1086434282,,137,0,,8,11,0.0014360601599124525
786,DH,1000,0.1,0.01,0.2,0.8,2.5,2.5,1086434282,,662,0,,6,3,0.0005023111524233404
787,DH,1000,0.1,0.01,0.2,0.8,2.5,2.5,1086434282,,518,0,,12,5,0.001055256934492798
788,DH,1000,0.1,0.01,0.2,0.8,2.5,2.5,1086434282,,83,0,,13,17,0.0010710640600421976
789,DH,1000,0.1,0.01,0.2,0.8,2.5,2.5,1086434282,,204,0,,11,5,0.000865120350529164
790,DH,1000,0.1,0.01,0.2,0.8,2.5,2.5,1086434282,,941,0,,7,3,0.001795243141198797
791,DH,1000,0.1,0.01,0.2,0.8,2.5,2.5,1086434282,,378,0,,11,3,0.0015311797161293396
792,DH,1000,0.1,0.01,0.2,0.8,2.5,2.5,1086434282,,655,0,,9,14,0.0011554382051690848
793,DH,1000,0.1,0.01,0.2,0.8,2.5,2.5,1086434282,,885,0,,7,6,0.0005513230382991965
794,DH,1000,0.1,0.01,0.2,0.8,2.5,2.5,1086434282,,235,0,,8,4,0.0012949486296147043
795,DH,1000,0.1,0.01,0.2,0.8,2.5,2.5,1086434282,,409,0,,11,8,0.000955800419081466
796,DH,1000,0.1,0.01,0.2,0.8,2.5,2.5,1086434282,,265,0,,9,3,0.0015494984928787893
797,DH,1000,0.1,0.01,0.2,0.8,2.5,2.5,1086434282,,389,0,,5,9,0.0005055083164808399
798,DH,1000,0.1,0.01,0.2,0.8,2.5,2.5,1086434282,,534,0,,6,6,0.0005534137173246927
799,DH,1000,0.1,0.01,0.2,0.8,2.5,2.5,1086434282,,57,0,,7,6,0.0007552415857510166
800,DH,1000,0.1,0.01,0.2,0.8,2.5,2.5,1086434282,,0,0,,5,8,0.000607552439004231
801,DH,1000,0.1,0.01,0.2,0.8,2.5,2.5,1086434282,,508,0,,7,13,0.0006008195139352154
802,DH,1000,0.1,0.01,0.2,0.8,2.5,2.5,1086434282,,966,0,,8,6,0.0007417801507068766
803,DH,1000,0.1,0.01,0.2,0.8,2.5,2.5,1086434282,,769,0,,6,14,0.0006607886129309269
804,DH,1000,0.1,0.01,0.2,0.8,2.5,2.5,1086434282,,264,0,,8,3,0.0006612581928985559
805,DH,1000,0.1,0.01,0.2,0.8,2.5,2.5,1086434282,,380,0,,8,6,0.0006436401505408025
806,DH,1000,0.1,0.01,0.2,0.8,2.5,2.5,1086434282,,682,0,,8,8,0.0007759959954938794
807,DH,1000,0.1,0.01,0.2,0.8,2.5,2.5,1086434282,,128,0,,5,5,0.0004738053481966321
808,DH,1000,0.1,0.01,0.2,0.8,2.5,2.5,1086434282,,103,0,,9,8,0.0006976268052716123
809,DH,1000,0.1,0.01,0.2,0.8,2.5,2.5,1086434282,,56,0,,8,13,0.000582490874367447
810,DH,1000,0.1,0.01,0.2,0.8,2.5,2.5,1086434282,,537,0,,12,7,0.0011978762759685272
811,DH,1000,0.1,0.01,0.2,0.8,2.5,2.5,1086434282,,897,0,,9,5,0.0007853841669827098
812,DH,1000,0.1,0.01,0.2,0.8,2.5,2.5,1086434282,,88,0,,7,6,0.0005809354831405101
813,DH,1000,0.1,0.01,0.2,0.8,2.5,2.5,1086434282,,759,0,,4,35,0.0004833065444474329
814,DH,1000,0.1,0.01,0.2,0.8,2.5,2.5,1086434282,,695,0,,10,3,0.0010546722916847605
815,DH,1000,0.1,0.01,0.2,0.8,2.5,2.5,1086434282,,297,0,,14,11,0.0013489570347433733
816,DH,1000,0.1,0.01,0.2,0.8,2.5,2.5,1086434282,,242,0,,8,7,0.0005635266872848396
817,DH,1000,0.1,0.01,0.2,0.8,2.5,2.5,1086434282,,526,0,,8,4,0.0016572929813819279
818,DH,1000,0.1,0.01,0.2,0.8,2.5,2.5,1086434282,,238,0,,5,18,0.0007592497862572081
819,DH,1000,0.1,0.01,0.2,0.8,2.5,2.5,1086434282,,585,0,,3,12,0.0004991324335432766
820,DH,1000,0.1,0.01,0.2,0.8,2.5,2.5,1086434282,,838,0,,9,18,0.001246047273769096
821,DH,1000,0.1,0.01,0.2,0.8,2.5,2.5,1086434282,,460,0,,5,9,0.0016157767043164263
822,DH,1000,0.1,0.01,0.2,0.8,2.5,2.5,1086434282,,322,0,,2,4,0.00017481410197775043
823,DH,1000,0.1,0.01,0.2,0.8,2.5,2.5,1086434282,,427,0,,5,4,0.0005365440361852562
824,DH,1000,0.1,0.01,0.2,0.8,2.5,2.5,1086434282,,334,0,,8,4,0.0006061991108741653
825,DH,1000,0.1,0.01,0.2,0.8,2.5,2.5,1086434282,,474,0,,3,16,0.000335582346246493
826,DH,1000,0.1,0.01,0.2,0.8,2.5,2.5,1086434282,,948,0,,6,4,0.0010477992518438252
827,DH,1000,0.1,0.01,0.2,0.8,2.5,2.5,1086434282,,817,0,,10,12,0.0008461584083623251
828,DH,1000,0.1,0.01,0.2,0.8,2.5,2.5,1086434282,,851,0,,9,17,0.0009375498371778373
829,DH,1000,0.1,0.01,0.2,0.8,2.5,2.5,1086434282,,30,0,,8,3,0.0005193106443565646
830,DH,1000,0.1,0.01,0.2,0.8,2.5,2.5,1086434282,,199,0,,4,6,0.00035608784324523
831,DH,1000,0.1,0.01,0.2,0.8,2.5,2.5,1086434282,,733,0,,7,4,0.0010551289641357966
832,DH,1000,0.1,0.01,0.2,0.8,2.5,2.5,1086434282,,287,0,,9,13,0.0009257792005689736
833,DH,1000,0.1,0.01,0.2,0.8,2.5,2.5,1086434282,,147,0,,11,17,0.0008530106054769984
834,DH,1000,0.1,0.01,0.2,0.8,2.5,2.5,1086434282,,306,0,,5,11,0.000711923743414745
835,DH,1000,0.1,0.01,0.2,0.8,2.5,2.5,1086434282,,76,0,,6,34,0.0005656023999911953
836,DH,1000,0.1,0.01,0.2,0.8,2.5,2.5,1086434282,,215,0,,9,5,0.0006573646769328196
837,DH,1000,0.1,0.01,0.2,0.8,2.5,2.5,1086434282,,953,0,,7,7,0.000646029194846913
838,DH,1000,0.1,0.01,0.2,0.8,2.5,2.5,1086434282,,488,0,,7,6,0.0006690990624756744
839,DH,1000,0.1,0.01,0.2,0.8,2.5,2.5,1086434282,,104,0,,10,11,0.0007793907509048405
840,DH,1000,0.1,0.01,0.2,0.8,2.5,2.5,1086434282,,933,0,,12,3,0.0011191024972336417
841,DH,1000,0.1,0.01,0.2,0.8,2.5,2.5,1086434282,,719,0,,8,6,0.0005776336938038409
842,DH,1000,0.1,0.01,0.2,0.8,2.5,2.5,1086434282,,807,0,,10,19,0.0008800652759013719
843,DH,1000,0.1,0.01,0.2,0.8,2.5,2.5,1086434282,,125,0,,5,10,0.0005081204650600907
844,DH,1000,0.1,0.01,0.2,0.8,2.5,2.5,1086434282,,314,0,,10,3,0.0012762874851949483
845,DH,1000,0.1,0.01,0.2,0.8,2.5,2.5,1086434282,,860,0,,7,14,0.0008260169850050894
846,DH,1000,0.1,0.01,0.2,0.8,2.5,2.5,1086434282,,823,0,,9,13,0.0009264044330858924
847,DH,1000,0.1,0.01,0.2,0.8,2.5,2.5,1086434282,,370,0,,9,15,0.0008109803736298098
848,DH,1000,0.1,0.01,0.2,0.8,2.5,2.5,1086434282,,559,0,,6,6,0.0010672854555621766
849,DH,1000,0.1,0.01,0.2,0.8,2.5,2.5,1086434282,,978,0,,8,3,0.0004231304090483153
850,DH,1000,0.1,0.01,0.2,0.8,2.5,2.5,1086434282,,522,0,,8,9,0.0007990925197222943
851,DH,1000,0.1,0.01,0.2,0.8,2.5,2.5,1086434282,,15,0,,8,15,0.0009400037369198125
852,DH,1000,0.1,0.01,0.2,0.8,2.5,2.5,1086434282,,225,0,,9,3,0.0009319687926151812
853,DH,1000,0.1,0.01,0.2,0.8,2.5,2.5,1086434282,,623,0,,11,6,0.0014124832643858665
854,DH,1000,0.1,0.01,0.2,0.8,2.5,2.5,1086434282,,230,0,,11,5,0.0005955667298324802
855,DH,1000,0.1,0.01,0.2,0.8,2.5,2.5,1086434282,,912,0,,9,29,0.0009901525493308382
856,DH,1000,0.1,0.01,0.2,0.8,2.5,2.5,1086434282,,341,0,,9,7,0.0006637839073050901
857,DH,1000,0.1,0.01,0.2,0.8,2.5,2.5,1086434282,,991,0,,8,6,0.0006192049147489611
858,DH,1000,0.1,0.01,0.2,0.8,2.5,2.5,1086434282,,670,0,,4,6,0.00037375021380966903
859,DH,1000,0.1,0.01,0.2,0.8,2.5,2.5,1086434282,,751,0,,3,7,0.00038218378373280047
860,DH,1000,0.1,0.01,0.2,0.8,2.5,2.5,1086434282,,649,0,,8,3,0.0010945003115280629
861,DH,1000,0.1,0.01,0.2,0.8,2.5,2.5,1086434282,,437,0,,7,7,0.0010470909237615567
862,DH,1000,0.1,0.01,0.2,0.8,2.5,2.5,1086434282,,770,0,,8,20,0.0008304263979042883
863,DH,1000,0.1,0.01,0.2,0.8,2.5,2.5,1086434282,,181,0,,11,3,0.0008416685933661767
864,DH,1000,0.1,0.01,0.2,0.8,2.5,2.5,1086434282,,724,0,,6,5,0.0006125915172569518
865,DH,1000,0.1,0.01,0.2,0.8,2.5,2.5,1086434282,,248,0,,7,27,0.0010382999780387662
866,DH,1000,0.1,0.01,0.2,0.8,2.5,2.5,1086434282,,775,0,,11,18,0.0009393440900715483
867,DH,1000,0.1,0.01,0.2,0.8,2.5,2.5,1086434282,,962,0,,11,17,0.0011527037453543812
868,DH,1000,0.1,0.01,0.2,0.8,2.5,2.5,1086434282,,175,0,,7,9,0.0012517508128020898
869,DH,1000,0.1,0.01,0.2,0.8,2.5,2.5,1086434282,,688,0,,2,5,0.00031712656665735677
870,DH,1000,0.1,0.01,0.2,0.8,2.5,2.5,1086434282,,43,0,,9,6,0.000827010958875977
871,DH,1000,0.1,0.01,0.2,0.8,2.5,2.5,1086434282,,77,0,,7,28,0.000913375017586318
872,DH,1000,0.1,0.01,0.2,0.8,2.5,2.5,1086434282,,728,0,,9,15,0.0005454099845922925
873,DH,1000,0.1,0.01,0.2,0.8,2.5,2.5,1086434282,,635,0,,9,9,0.0007445856993114115
874,DH,1000,0.1,0.01,0.2,0.8,2.5,2.5,1086434282,,999,0,,8,6,0.0007464080777926167
875,DH,1000,0.1,0.01,0.2,0.8,2.5,2.5,1086434282,,91,0,,10,13,0.0014379709204787009
876,DH,1000,0.1,0.01,0.2,0.8,2.5,2.5,1086434282,,182,0,,5,12,0.0005888892825207493
877,DH,1000,0.1,0.01,0.2,0.8,2.5,2.5,1086434282,,998,0,,12,8,0.001718459399186314
878,DH,1000,0.1,0.01,0.2,0.8,2.5,2.5,1086434282,,331,0,,5,9,0.0012839277563630612
879,DH,1000,0.1,0.01,0.2,0.8,2.5,2.5,1086434282,,561,0,,5,6,0.00040931724886002506
880,DH,1000,0.1,0.01,0.2,0.8,2.5,2.5,1086434282,,767,0,,8,4,0.0015263273997459226
881,DH,1000,0.1,0.01,0.2,0.8,2.5,2.5,1086434282,,387,0,,7,6,0.00032000544351446766
882,DH,1000,0.1,0.01,0.2,0.8,2.5,2.5,1086434282,,900,0,,7,18,0.00102749713256403
883,DH,1000,0.1,0.01,0.2,0.8,2.5,2.5,1086434282,,210,0,,6,9,0.001327113359419013
884,DH,1000,0.1,0.01,0.2,0.8,2.5,2.5,1086434282,,410,0,,10,15,0.0007655543239907995
885,DH,1000,0.1,0.01,0.2,0.8,2.5,2.5,1086434282,,294,0,,7,14,0.0006583597458982977
886,DH,1000,0.1,0.01,0.2,0.8,2.5,2.5,1086434282,,327,0,,5,5,0.00084074708983909
887,DH,1000,0.1,0.01,0.2,0.8,2.5,2.5,1086434282,,923,0,,4,4,0.0004863398211160742
888,DH,1000,0.1,0.01,0.2,0.8,2.5,2.5,1086434282,,344,0,,8,11,0.0010922399227044522
889,DH,1000,0.1,0.01,0.2,0.8,2.5,2.5,1086434282,,577,0,,12,4,0.0018043568812448852
890,DH,1000,0.1,0.01,0.2,0.8,2.5,2.5,1086434282,,859,0,,10,7,0.0005795807894016069
891,DH,1000,0.1,0.01,0.2,0.8,2.5,2.5,1086434282,,219,0,,2,21,0.00019190168014541017
892,DH,1000,0.1,0.01,0.2,0.8,2.5,2.5,1086434282,,810,0,,15,6,0.0015866678484116152
893,DH,1000,0.1,0.01,0.2,0.8,2.5,2.5,1086434282,,840,0,,9,4,0.0006242099578842847
894,DH,1000,0.1,0.01,0.2,0.8,2.5,2.5,1086434282,,943,0,,6,4,0.0004102306639593993
895,DH,1000,0.1,0.01,0.2,0.8,2.5,2.5,1086434282,,500,0,,4,2,0.0010490309020502627
896,DH,1000,0.1,0.01,0.2,0.8,2.5,2.5,1086434282,,579,0,,11,12,0.001217085005480862
897,DH,1000,0.1,0.01,0.2,0.8,2.5,2.5,1086434282,,226,0,,4,6,0.00031583963129232104
898,DH,1000,0.1,0.01,0.2,0.8,2.5,2.5,1086434282,,947,0,,7,7,0.00045051487496079604
899,DH,1000,0.1,0.01,0.2,0.8,2.5,2.5,1086434282,,375,0,,9,9,0.0008083137269511027
900,DH,1000,0.1,0.01,0.2,0.8,2.5,2.5,1086434282,,495,1,,30,6,0.003709314132244537
901,DH,1000,0.1,0.01,0.2,0.8,2.5,2.5,1086434282,,102,1,,36,4,0.003359092921016582
902,DH,1000,0.1,0.01,0.2,0.8,2.5,2.5,1086434282,,391,1,,22,9,0.0017128758637077691
903,DH,1000,0.1,0.01,0.2,0.8,2.5,2.5,1086434282,,852,1,,32,9,0.002474813741592992
904,DH,1000,0.1,0.01,0.2,0.8,2.5,2.5,1086434282,,995,1,,31,5,0.001539399615974058
905,DH,1000,0.1,0.01,0.2,0.8,2.5,2.5,1086434282,,651,1,,31,4,0.003466184012969694
906,DH,1000,0.1,0.01,0.2,0.8,2.5,2.5,1086434282,,734,1,,28,1,0.001945199171427877
907,DH,1000,0.1,0.01,0.2,0.8,2.5,2.5,1086434282,,462,1,,32,10,0.003353778856630167
908,DH,1000,0.1,0.01,0.2,0.8,2.5,2.5,1086434282,,796,1,,33,6,0.002604929748972155
909,DH,1000,0.1,0.01,0.2,0.8,2.5,2.5,1086434282,,806,1,,27,7,0.0017715966698770812
910,DH,1000,0.1,0.01,0.2,0.8,2.5,2.5,1086434282,,418,1,,33,15,0.003286409521784892
911,DH,1000,0.1,0.01,0.2,0.8,2.5,2.5,1086434282,,847,1,,35,7,0.0032366954110868242
912,DH,1000,0.1,0.01,0.2,0.8,2.5,2.5,1086434282,,352,1,,25,5,0.002533868931677164
913,DH,1000,0.1,0.01,0.2,0.8,2.5,2.5,1086434282,,766,1,,24,23,0.002127947302133282
914,DH,1000,0.1,0.01,0.2,0.8,2.5,2.5,1086434282,,616,1,,32,10,0.003060575657623303
915,DH,1000,0.1,0.01,0.2,0.8,2.5,2.5,1086434282,,721,1,,30,5,0.0017206075549091738
916,DH,1000,0.1,0.01,0.2,0.8,2.5,2.5,1086434282,,542,1,,31,3,0.003081200776302586
917,DH,1000,0.1,0.01,0.2,0.8,2.5,2.5,1086434282,,677,1,,38,6,0.002730810411533006
918,DH,1000,0.1,0.01,0.2,0.8,2.5,2.5,1086434282,,425,1,,27,3,0.002242820928765556
919,DH,1000,0.1,0.01,0.2,0.8,2.5,2.5,1086434282,,887,1,,31,6,0.002253031513744344
920,DH,1000,0.1,0.01,0.2,0.8,2.5,2.5,1086434282,,109,1,,33,3,0.0032931977195087506
921,DH,1000,0.1,0.01,0.2,0.8,2.5,2.5,1086434282,,31,1,,32,4,0.0029994277654292936
922,DH,1000,0.1,0.01,0.2,0.8,2.5,2.5,1086434282,,49,1,,37,14,0.0028577439755953908
923,DH,1000,0.1,0.01,0.2,0.8,2.5,2.5,1086434282,,863,1,,23,9,0.0016723213353883307
924,DH,1000,0.1,0.01,0.2,0.8,2.5,2.5,1086434282,,735,1,,24,4,0.0024025745105733867
925,DH,1000,0.1,0.01,0.2,0.8,2.5,2.5,1086434282,,568,1,,38,12,0.0031497076067478463
926,DH,1000,0.1,0.01,0.2,0.8,2.5,2.5,1086434282,,92,1,,31,28,0.003251829914757164
927,DH,1000,0.1,0.01,0.2,0.8,2.5,2.5,1086434282,,772,1,,36,13,0.002447136580066613
928,DH,1000,0.1,0.01,0.2,0.8,2.5,2.5,1086434282,,64,1,,35,7,0.0039079474665123055
929,DH,1000,0.1,0.01,0.2,0.8,2.5,2.5,1086434282,,326,1,,28,5,0.0036462546817492675
930,DH,1000,0.1,0.01,0.2,0.8,2.5,2.5,1086434282,,473,1,,30,10,0.002939117021068955
931,DH,1000,0.1,0.01,0.2,0.8,2.5,2.5,1086434282,,305,1,,34,11,0.002182940941525062
932,DH,1000,0.1,0.01,0.2,0.8,2.5,2.5,1086434282,,915,1,,29,8,0.0020170208019971063
933,DH,1000,0.1,0.01,0.2,0.8,2.5,2.5,1086434282,,142,1,,28,6,0.0022668260237838716
934,DH,1000,0.1,0.01,0.2,0.8,2.5,2.5,1086434282,,615,1,,29,7,0.002424484966848294
935,DH,1000,0.1,0.01,0.2,0.8,2.5,2.5,1086434282,,200,1,,34,5,0.0031065734836279208
936,DH,1000,0.1,0.01,0.2,0.8,2.5,2.5,1086434282,,795,1,,28,3,0.0032882036183784777
937,DH,1000,0.1,0.01,0.2,0.8,2.5,2.5,1086434282,,223,1,,32,4,0.0025514519683212315
938,DH,1000,0.1,0.01,0.2,0.8,2.5,2.5,1086434282,,868,1,,21,5,0.0016610140524639075
939,DH,1000,0.1,0.01,0.2,0.8,2.5,2.5,1086434282,,720,1,,25,9,0.0024252866995890018
940,DH,1000,0.1,0.01,0.2,0.8,2.5,2.5,1086434282,,532,1,,36,6,0.002419147045237213
941,DH,1000,0.1,0.01,0.2,0.8,2.5,2.5,1086434282,,529,1,,34,6,0.004595049027318866
942,DH,1000,0.1,0.01,0.2,0.8,2.5,2.5,1086434282,,752,1,,29,3,0.0023538474177306366
943,DH,1000,0.1,0.01,0.2,0.8,2.5,2.5,1086434282,,197,1,,36,9,0.003861095507408615
944,DH,1000,0.1,0.01,0.2,0.8,2.5,2.5,1086434282,,392,1,,29,8,0.002175428972201206
945,DH,1000,0.1,0.01,0.2,0.8,2.5,2.5,1086434282,,217,1,,28,10,0.0032893322514065634
946,DH,1000,0.1,0.01,0.2,0.8,2.5,2.5,1086434282,,646,1,,29,5,0.0029428973539420552
947,DH,1000,0.1,0.01,0.2,0.8,2.5,2.5,1086434282,,249,1,,31,31,0.002632432670221619
948,DH,1000,0.1,0.01,0.2,0.8,2.5,2.5,1086434282,,150,1,,36,9,0.0031452449882054543
949,DH,1000,0.1,0.01,0.2,0.8,2.5,2.5,1086434282,,379,1,,25,5,0.001997805264609166
950,DH,1000,0.1,0.01,0.2,0.8,2.5,2.5,1086434282,,967,1,,25,4,0.0021247684016166162
951,DH,1000,0.1,0.01,0.2,0.8,2.5,2.5,1086434282,,886,1,,36,6,0.002955427402273175
952,DH,1000,0.1,0.01,0.2,0.8,2.5,2.5,1086434282,,73,1,,26,13,0.0022019666906065646
953,DH,1000,0.1,0.01,0.2,0.8,2.5,2.5,1086434282,,554,1,,36,20,0.003302957359387011
954,DH,1000,0.1,0.01,0.2,0.8,2.5,2.5,1086434282,,337,1,,28,4,0.002557708401176747
955,DH,1000,0.1,0.01,0.2,0.8,2.5,2.5,1086434282,,525,1,,37,5,0.004712072266385541
956,DH,1000,0.1,0.01,0.2,0.8,2.5,2.5,1086434282,,528,1,,27,3,0.0022582094890394467
957,DH,1000,0.1,0.01,0.2,0.8,2.5,2.5,1086434282,,930,1,,26,14,0.002645122686278902
958,DH,1000,0.1,0.01,0.2,0.8,2.5,2.5,1086434282,,292,1,,29,7,0.0034189848995641835
959,DH,1000,0.1,0.01,0.2,0.8,2.5,2.5,1086434282,,913,1,,35,6,0.0024004193362137578
960,DH,1000,0.1,0.01,0.2,0.8,2.5,2.5,1086434282,,336,1,,22,7,0.0021711442060319344
961,DH,1000,0.1,0.01,0.2,0.8,2.5,2.5,1086434282,,46,1,,31,7,0.0032149869814364304
962,DH,1000,0.1,0.01,0.2,0.8,2.5,2.5,1086434282,,157,1,,38,3,0.0032692295426797794
963,DH,1000,0.1,0.01,0.2,0.8,2.5,2.5,1086434282,,362,1,,23,8,0.001991971641230712
964,DH,1000,0.1,0.01,0.2,0.8,2.5,2.5,1086434282,,862,1,,36,10,0.002547686760954782
965,DH,1000,0.1,0.01,0.2,0.8,2.5,2.5,1086434282,,304,1,,32,5,0.0037363827562027895
966,DH,1000,0.1,0.01,0.2,0.8,2.5,2.5,1086434282,,58,1,,27,7,0.001930483825287459
967,DH,1000,0.1,0.01,0.2,0.8,2.5,2.5,1086434282,,699,1,,31,11,0.0034260418032820705
968,DH,1000,0.1,0.01,0.2,0.8,2.5,2.5,1086434282,,119,1,,30,10,0.001964047014201048
969,DH,1000,0.1,0.01,0.2,0.8,2.5,2.5,1086434282,,32,1,,32,5,0.004204433556917039
970,DH,1000,0.1,0.01,0.2,0.8,2.5,2.5,1086434282,,647,1,,30,2,0.0019465786742539077
971,DH,1000,0.1,0.01,0.2,0.8,2.5,2.5,1086434282,,459,1,,30,2,0.002170801939733084
972,DH,1000,0.1,0.01,0.2,0.8,2.5,2.5,1086434282,,5,1,,36,13,0.003264923751984556
973,DH,1000,0.1,0.01,0.2,0.8,2.5,2.5,1086434282,,307,1,,29,10,0.0031176161372088594
974,DH,1000,0.1,0.01,0.2,0.8,2.5,2.5,1086434282,,111,1,,35,7,0.0031886296760471632
975,DH,1000,0.1,0.01,0.2,0.8,2.5,2.5,1086434282,,729,1,,27,8,0.0022941651759424723
976,DH,1000,0.1,0.01,0.2,0.8,2.5,2.5,1086434282,,786,1,,23,13,0.00149324783010051
977,DH,1000,0.1,0.01,0.2,0.8,2.5,2.5,1086434282,,239,1,,25,7,0.002069850322073757
978,DH,1000,0.1,0.01,0.2,0.8,2.5,2.5,1086434282,,981,1,,35,45,0.0029778025296808243
979,DH,1000,0.1,0.01,0.2,0.8,2.5,2.5,1086434282,,71,1,,26,4,0.0031962697653654575
980,DH,1000,0.1,0.01,0.2,0.8,2.5,2.5,1086434282,,557,1,,27,7,0.0032598944078129047
981,DH,1000,0.1,0.01,0.2,0.8,2.5,2.5,1086434282,,454,1,,33,6,0.0036403141053886036
982,DH,1000,0.1,0.01,0.2,0.8,2.5,2.5,1086434282,,799,1,,40,7,0.004491381679119025
983,DH,1000,0.1,0.01,0.2,0.8,2.5,2.5,1086434282,,631,1,,31,10,0.002485227403492888
984,DH,1000,0.1,0.01,0.2,0.8,2.5,2.5,1086434282,,744,1,,24,27,0.0025337842552630306
985,DH,1000,0.1,0.01,0.2,0.8,2.5,2.5,1086434282,,466,1,,35,6,0.003403783065470187
986,DH,1000,0.1,0.01,0.2,0.8,2.5,2.5,1086434282,,441,1,,27,4,0.0018270396169041058
987,DH,1000,0.1,0.01,0.2,0.8,2.5,2.5,1086434282,,325,1,,30,12,0.002749716212565667
988,DH,1000,0.1,0.01,0.2,0.8,2.5,2.5,1086434282,,45,1,,44,6,0.0030002234098576203
989,DH,1000,0.1,0.01,0.2,0.8,2.5,2.5,1086434282,,997,1,,27,26,0.0030405806891339463
990,DH,1000,0.1,0.01,0.2,0.8,2.5,2.5,1086434282,,835,1,,25,20,0.0029406630276653106
991,DH,1000,0.1,0.01,0.2,0.8,2.5,2.5,1086434282,,781,1,,27,5,0.001781567662082091
992,DH,1000,0.1,0.01,0.2,0.8,2.5,2.5,1086434282,,390,1,,31,7,0.003096067960371668
993,DH,1000,0.1,0.01,0.2,0.8,2.5,2.5,1086434282,,530,1,,32,4,0.0032423202798444128
994,DH,1000,0.1,0.01,0.2,0.8,2.5,2.5,1086434282,,348,1,,27,6,0.0018284560681599447
995,DH,1000,0.1,0.01,0.2,0.8,2.5,2.5,1086434282,,703,1,,26,29,0.002052893368250644
996,DH,1000,0.1,0.01,0.2,0.8,2.5,2.5,1086434282,,156,1,,30,5,0.0033649636898442884
997,DH,1000,0.1,0.01,0.2,0.8,2.5,2.5,1086434282,,501,1,,32,19,0.0028931748917219824
998,DH,1000,0.1,0.01,0.2,0.8,2.5,2.5,1086434282,,881,1,,27,19,0.002367509613660583
999,DH,1000,0.1,0.01,0.2,0.8,2.5,2.5,1086434282,,381,1,,35,23,0.0030860154279826126
