,name,N,m,fm,h_MM,h_mm,tc,seed,network_id,node,label,degree,indegree,outdegree,pagerank
0,PATCH,1000,2,0.3,0.3,0.8,0.4,309057028,,302,0,4,,,0.0009689489041028955
1,PATCH,1000,2,0.3,0.3,0.8,0.4,309057028,,964,0,2,,,0.0005716185791226201
2,PATCH,1000,2,0.3,0.3,0.8,0.4,309057028,,636,0,2,,,0.000545723634707444
3,PATCH,1000,2,0.3,0.3,0.8,0.4,309057028,,440,0,2,,,0.00052909961137464
4,PATCH,1000,2,0.3,0.3,0.8,0.4,309057028,,402,0,3,,,0.000778586200870902
5,PATCH,1000,2,0.3,0.3,0.8,0.4,309057028,,536,0,4,,,0.0010715923980604172
6,PATCH,1000,2,0.3,0.3,0.8,0.4,309057028,,129,0,6,,,0.0014796591881870295
7,PATCH,1000,2,0.3,0.3,0.8,0.4,309057028,,985,0,2,,,0.0005720073958251732
8,PATCH,1000,2,0.3,0.3,0.8,0.4,309057028,,81,0,10,,,0.0023399105602957084
9,PATCH,1000,2,0.3,0.3,0.8,0.4,309057028,,551,0,2,,,0.000545879354951606
10,PATCH,1000,2,0.3,0.3,0.8,0.4,309057028,,764,0,2,,,0.0005856163063872427
11,PATCH,1000,2,0.3,0.3,0.8,0.4,309057028,,413,0,3,,,0.0007936831819372746
12,PATCH,1000,2,0.3,0.3,0.8,0.4,309057028,,617,0,4,,,0.0009746730793164924
13,PATCH,1000,2,0.3,0.3,0.8,0.4,309057028,,843,0,4,,,0.0011189570346949475
14,PATCH,1000,2,0.3,0.3,0.8,0.4,309057028,,270,0,3,,,0.0007549990958820402
15,PATCH,1000,2,0.3,0.3,0.8,0.4,309057028,,27,0,16,,,0.0035422008455360554
16,PATCH,1000,2,0.3,0.3,0.8,0.4,309057028,,277,0,2,,,0.0005421739706096741
17,PATCH,1000,2,0.3,0.3,0.8,0.4,309057028,,484,0,2,,,0.000554351066817469
18,PATCH,1000,2,0.3,0.3,0.8,0.4,309057028,,83,0,6,,,0.001367146180477531
19,PATCH,1000,2,0.3,0.3,0.8,0.4,309057028,,728,0,6,,,0.00156855404381633
20,PATCH,1000,2,0.3,0.3,0.8,0.4,309057028,,385,0,2,,,0.0005361246409555931
21,PATCH,1000,2,0.3,0.3,0.8,0.4,309057028,,773,0,3,,,0.0008659524788377335
22,PATCH,1000,2,0.3,0.3,0.8,0.4,309057028,,610,0,3,,,0.0008305156967973035
23,PATCH,1000,2,0.3,0.3,0.8,0.4,309057028,,154,0,4,,,0.0010149570985258539
24,PATCH,1000,2,0.3,0.3,0.8,0.4,309057028,,476,0,2,,,0.0005482393852964467
25,PATCH,1000,2,0.3,0.3,0.8,0.4,309057028,,793,0,3,,,0.0008103257026226095
26,PATCH,1000,2,0.3,0.3,0.8,0.4,309057028,,980,0,2,,,0.0005868034735221626
27,PATCH,1000,2,0.3,0.3,0.8,0.4,309057028,,317,0,4,,,0.0010624584745564049
28,PATCH,1000,2,0.3,0.3,0.8,0.4,309057028,,275,0,5,,,0.0012334111231196503
29,PATCH,1000,2,0.3,0.3,0.8,0.4,309057028,,880,0,3,,,0.0008154447964271203
30,PATCH,1000,2,0.3,0.3,0.8,0.4,309057028,,557,0,3,,,0.0008207652225112538
31,PATCH,1000,2,0.3,0.3,0.8,0.4,309057028,,836,0,2,,,0.0005622839963886695
32,PATCH,1000,2,0.3,0.3,0.8,0.4,309057028,,479,0,2,,,0.0005594244679248337
33,PATCH,1000,2,0.3,0.3,0.8,0.4,309057028,,995,0,2,,,0.0005600860243970958
34,PATCH,1000,2,0.3,0.3,0.8,0.4,309057028,,470,0,4,,,0.0010611772459508252
35,PATCH,1000,2,0.3,0.3,0.8,0.4,309057028,,791,0,4,,,0.0010902850240163324
36,PATCH,1000,2,0.3,0.3,0.8,0.4,309057028,,817,0,4,,,0.0010847850176040185
37,PATCH,1000,2,0.3,0.3,0.8,0.4,309057028,,52,0,4,,,0.0009169025201022467
38,PATCH,1000,2,0.3,0.3,0.8,0.4,309057028,,676,0,2,,,0.0005716287045083433
39,PATCH,1000,2,0.3,0.3,0.8,0.4,309057028,,998,0,2,,,0.0006103444310473987
40,PATCH,1000,2,0.3,0.3,0.8,0.4,309057028,,143,0,2,,,0.0005201711096804527
41,PATCH,1000,2,0.3,0.3,0.8,0.4,309057028,,822,0,2,,,0.000579735709956357
42,PATCH,1000,2,0.3,0.3,0.8,0.4,309057028,,662,0,3,,,0.0007890787426435719
43,PATCH,1000,2,0.3,0.3,0.8,0.4,309057028,,946,0,2,,,0.000573294339197927
44,PATCH,1000,2,0.3,0.3,0.8,0.4,309057028,,100,0,6,,,0.001434596797395583
45,PATCH,1000,2,0.3,0.3,0.8,0.4,309057028,,89,0,5,,,0.0012192645104974243
46,PATCH,1000,2,0.3,0.3,0.8,0.4,309057028,,652,0,2,,,0.0006083225525723141
47,PATCH,1000,2,0.3,0.3,0.8,0.4,309057028,,242,0,9,,,0.0021598368958598937
48,PATCH,1000,2,0.3,0.3,0.8,0.4,309057028,,856,0,2,,,0.0005588335720947086
49,PATCH,1000,2,0.3,0.3,0.8,0.4,309057028,,332,0,2,,,0.0005771185273371724
50,PATCH,1000,2,0.3,0.3,0.8,0.4,309057028,,961,0,2,,,0.000599205779588198
51,PATCH,1000,2,0.3,0.3,0.8,0.4,309057028,,999,0,2,,,0.0005810207754214322
52,PATCH,1000,2,0.3,0.3,0.8,0.4,309057028,,249,0,5,,,0.0012618595213515194
53,PATCH,1000,2,0.3,0.3,0.8,0.4,309057028,,469,0,2,,,0.0005312726040948819
54,PATCH,1000,2,0.3,0.3,0.8,0.4,309057028,,923,0,2,,,0.000564402126384276
55,PATCH,1000,2,0.3,0.3,0.8,0.4,309057028,,705,0,4,,,0.0010563693054811505
56,PATCH,1000,2,0.3,0.3,0.8,0.4,309057028,,797,0,2,,,0.0005642326378373738
57,PATCH,1000,2,0.3,0.3,0.8,0.4,309057028,,563,0,2,,,0.00057860881951171
58,PATCH,1000,2,0.3,0.3,0.8,0.4,309057028,,493,0,2,,,0.000618578606754962
59,PATCH,1000,2,0.3,0.3,0.8,0.4,309057028,,128,0,3,,,0.0007732362680938867
60,PATCH,1000,2,0.3,0.3,0.8,0.4,309057028,,225,0,4,,,0.0009988577551026969
61,PATCH,1000,2,0.3,0.3,0.8,0.4,309057028,,392,0,2,,,0.0005584398318659951
62,PATCH,1000,2,0.3,0.3,0.8,0.4,309057028,,227,0,4,,,0.0010049248280492426
63,PATCH,1000,2,0.3,0.3,0.8,0.4,309057028,,179,0,6,,,0.0014415572742377766
64,PATCH,1000,2,0.3,0.3,0.8,0.4,309057028,,736,0,3,,,0.0007916763233907179
65,PATCH,1000,2,0.3,0.3,0.8,0.4,309057028,,720,0,2,,,0.0005680491097351257
66,PATCH,1000,2,0.3,0.3,0.8,0.4,309057028,,325,0,5,,,0.0012295556967184195
67,PATCH,1000,2,0.3,0.3,0.8,0.4,309057028,,359,0,4,,,0.000988570591938586
68,PATCH,1000,2,0.3,0.3,0.8,0.4,309057028,,68,0,6,,,0.0014126464410707956
69,PATCH,1000,2,0.3,0.3,0.8,0.4,309057028,,387,0,3,,,0.0008202096782158201
70,PATCH,1000,2,0.3,0.3,0.8,0.4,309057028,,487,0,2,,,0.0005762539710799476
71,PATCH,1000,2,0.3,0.3,0.8,0.4,309057028,,671,0,2,,,0.0005821518826626568
72,PATCH,1000,2,0.3,0.3,0.8,0.4,309057028,,167,0,3,,,0.0007802252441445529
73,PATCH,1000,2,0.3,0.3,0.8,0.4,309057028,,663,0,2,,,0.0005597498352737294
74,PATCH,1000,2,0.3,0.3,0.8,0.4,309057028,,70,0,14,,,0.00314562130666996
75,PATCH,1000,2,0.3,0.3,0.8,0.4,309057028,,449,0,4,,,0.0010726647049482871
76,PATCH,1000,2,0.3,0.3,0.8,0.4,309057028,,152,0,2,,,0.0005421794493289323
77,PATCH,1000,2,0.3,0.3,0.8,0.4,309057028,,175,0,6,,,0.0014465676507967953
78,PATCH,1000,2,0.3,0.3,0.8,0.4,309057028,,692,0,2,,,0.0005622543356203722
79,PATCH,1000,2,0.3,0.3,0.8,0.4,309057028,,462,0,4,,,0.001007043744317978
80,PATCH,1000,2,0.3,0.3,0.8,0.4,309057028,,186,0,7,,,0.0016933406593968318
81,PATCH,1000,2,0.3,0.3,0.8,0.4,309057028,,678,0,2,,,0.0005277607633845513
82,PATCH,1000,2,0.3,0.3,0.8,0.4,309057028,,620,0,2,,,0.0005621563093475452
83,PATCH,1000,2,0.3,0.3,0.8,0.4,309057028,,868,0,2,,,0.0006103402334815882
84,PATCH,1000,2,0.3,0.3,0.8,0.4,309057028,,591,0,2,,,0.0005328901503513915
85,PATCH,1000,2,0.3,0.3,0.8,0.4,309057028,,342,0,3,,,0.0007915582160271785
86,PATCH,1000,2,0.3,0.3,0.8,0.4,309057028,,134,0,10,,,0.0022801424722856834
87,PATCH,1000,2,0.3,0.3,0.8,0.4,309057028,,48,0,11,,,0.0025094291664860555
88,PATCH,1000,2,0.3,0.3,0.8,0.4,309057028,,819,0,3,,,0.0008041249360311778
89,PATCH,1000,2,0.3,0.3,0.8,0.4,309057028,,243,0,4,,,0.0010246584519777132
90,PATCH,1000,2,0.3,0.3,0.8,0.4,309057028,,251,0,2,,,0.0005802953941414022
91,PATCH,1000,2,0.3,0.3,0.8,0.4,309057028,,898,0,3,,,0.0008691360351676195
92,PATCH,1000,2,0.3,0.3,0.8,0.4,309057028,,747,0,5,,,0.0012788493754419842
93,PATCH,1000,2,0.3,0.3,0.8,0.4,309057028,,170,0,3,,,0.0007663885521319553
94,PATCH,1000,2,0.3,0.3,0.8,0.4,309057028,,984,0,2,,,0.0005900564194625391
95,PATCH,1000,2,0.3,0.3,0.8,0.4,309057028,,218,0,6,,,0.0014558539421617503
96,PATCH,1000,2,0.3,0.3,0.8,0.4,309057028,,603,0,3,,,0.0007603466722439771
97,PATCH,1000,2,0.3,0.3,0.8,0.4,309057028,,973,0,2,,,0.0006129545821705171
98,PATCH,1000,2,0.3,0.3,0.8,0.4,309057028,,90,0,4,,,0.000983782176756437
99,PATCH,1000,2,0.3,0.3,0.8,0.4,309057028,,623,0,2,,,0.0005664781500306288
100,PATCH,1000,2,0.3,0.3,0.8,0.4,309057028,,229,0,2,,,0.0005194653560069202
101,PATCH,1000,2,0.3,0.3,0.8,0.4,309057028,,924,0,3,,,0.0008546254985356877
102,PATCH,1000,2,0.3,0.3,0.8,0.4,309057028,,730,0,4,,,0.000989168229552287
103,PATCH,1000,2,0.3,0.3,0.8,0.4,309057028,,519,0,2,,,0.0005834290126493213
104,PATCH,1000,2,0.3,0.3,0.8,0.4,309057028,,695,0,2,,,0.0005418999128691126
105,PATCH,1000,2,0.3,0.3,0.8,0.4,309057028,,991,0,2,,,0.0005854677574183961
106,PATCH,1000,2,0.3,0.3,0.8,0.4,309057028,,216,0,5,,,0.001221299604815402
107,PATCH,1000,2,0.3,0.3,0.8,0.4,309057028,,180,0,2,,,0.000569520789288991
108,PATCH,1000,2,0.3,0.3,0.8,0.4,309057028,,361,0,2,,,0.000545049194045361
109,PATCH,1000,2,0.3,0.3,0.8,0.4,309057028,,575,0,2,,,0.000532615493880103
110,PATCH,1000,2,0.3,0.3,0.8,0.4,309057028,,306,0,8,,,0.0019671470693970686
111,PATCH,1000,2,0.3,0.3,0.8,0.4,309057028,,136,0,5,,,0.0011768422321065375
112,PATCH,1000,2,0.3,0.3,0.8,0.4,309057028,,808,0,2,,,0.0005518720478512103
113,PATCH,1000,2,0.3,0.3,0.8,0.4,309057028,,56,0,6,,,0.0014064712076167166
114,PATCH,1000,2,0.3,0.3,0.8,0.4,309057028,,203,0,9,,,0.0021490165064516095
115,PATCH,1000,2,0.3,0.3,0.8,0.4,309057028,,351,0,2,,,0.0005608394398941932
116,PATCH,1000,2,0.3,0.3,0.8,0.4,309057028,,386,0,2,,,0.0005382840130345112
117,PATCH,1000,2,0.3,0.3,0.8,0.4,309057028,,989,0,2,,,0.0005775910630079302
118,PATCH,1000,2,0.3,0.3,0.8,0.4,309057028,,210,0,4,,,0.0009524731083212979
119,PATCH,1000,2,0.3,0.3,0.8,0.4,309057028,,628,0,2,,,0.0005286390618807079
120,PATCH,1000,2,0.3,0.3,0.8,0.4,309057028,,852,0,3,,,0.0008063505116355625
121,PATCH,1000,2,0.3,0.3,0.8,0.4,309057028,,915,0,2,,,0.0005945428813419426
122,PATCH,1000,2,0.3,0.3,0.8,0.4,309057028,,583,0,3,,,0.0007978387501107572
123,PATCH,1000,2,0.3,0.3,0.8,0.4,309057028,,109,0,6,,,0.0014590170604645576
124,PATCH,1000,2,0.3,0.3,0.8,0.4,309057028,,658,0,2,,,0.000532485508474349
125,PATCH,1000,2,0.3,0.3,0.8,0.4,309057028,,515,0,2,,,0.0005550470943768743
126,PATCH,1000,2,0.3,0.3,0.8,0.4,309057028,,438,0,2,,,0.0005694601325518336
127,PATCH,1000,2,0.3,0.3,0.8,0.4,309057028,,463,0,2,,,0.0005280893115873963
128,PATCH,1000,2,0.3,0.3,0.8,0.4,309057028,,882,0,2,,,0.0005287216383726792
129,PATCH,1000,2,0.3,0.3,0.8,0.4,309057028,,863,0,2,,,0.0005997832781381067
130,PATCH,1000,2,0.3,0.3,0.8,0.4,309057028,,398,0,4,,,0.001029686629624744
131,PATCH,1000,2,0.3,0.3,0.8,0.4,309057028,,376,0,4,,,0.001018168819863959
132,PATCH,1000,2,0.3,0.3,0.8,0.4,309057028,,153,0,7,,,0.0016781448529653012
133,PATCH,1000,2,0.3,0.3,0.8,0.4,309057028,,288,0,5,,,0.0012293884259506301
134,PATCH,1000,2,0.3,0.3,0.8,0.4,309057028,,848,0,2,,,0.0005200511986748156
135,PATCH,1000,2,0.3,0.3,0.8,0.4,309057028,,244,0,5,,,0.0012550835304213027
136,PATCH,1000,2,0.3,0.3,0.8,0.4,309057028,,144,0,4,,,0.0009718455393965288
137,PATCH,1000,2,0.3,0.3,0.8,0.4,309057028,,699,0,2,,,0.0005601212745804243
138,PATCH,1000,2,0.3,0.3,0.8,0.4,309057028,,618,0,3,,,0.0007802214311760955
139,PATCH,1000,2,0.3,0.3,0.8,0.4,309057028,,702,0,3,,,0.000795983081727764
140,PATCH,1000,2,0.3,0.3,0.8,0.4,309057028,,873,0,4,,,0.0010868567198739493
141,PATCH,1000,2,0.3,0.3,0.8,0.4,309057028,,956,0,2,,,0.0006124683440284835
142,PATCH,1000,2,0.3,0.3,0.8,0.4,309057028,,426,0,3,,,0.0008068516541785824
143,PATCH,1000,2,0.3,0.3,0.8,0.4,309057028,,944,0,2,,,0.0005790249638668335
144,PATCH,1000,2,0.3,0.3,0.8,0.4,309057028,,650,0,4,,,0.0010402032397877614
145,PATCH,1000,2,0.3,0.3,0.8,0.4,309057028,,681,0,2,,,0.0005993095679002532
146,PATCH,1000,2,0.3,0.3,0.8,0.4,309057028,,84,0,5,,,0.001204831318777251
147,PATCH,1000,2,0.3,0.3,0.8,0.4,309057028,,391,0,2,,,0.0005595768888875135
148,PATCH,1000,2,0.3,0.3,0.8,0.4,309057028,,104,0,8,,,0.0018116041167181123
149,PATCH,1000,2,0.3,0.3,0.8,0.4,309057028,,907,0,2,,,0.0005727025925325332
150,PATCH,1000,2,0.3,0.3,0.8,0.4,309057028,,869,0,2,,,0.0005690902194984333
151,PATCH,1000,2,0.3,0.3,0.8,0.4,309057028,,490,0,2,,,0.0006031082384017388
152,PATCH,1000,2,0.3,0.3,0.8,0.4,309057028,,261,0,2,,,0.0005296910818239179
153,PATCH,1000,2,0.3,0.3,0.8,0.4,309057028,,601,0,2,,,0.0005752850934969909
154,PATCH,1000,2,0.3,0.3,0.8,0.4,309057028,,255,0,3,,,0.0008091672486955151
155,PATCH,1000,2,0.3,0.3,0.8,0.4,309057028,,396,0,4,,,0.0010481167310649442
156,PATCH,1000,2,0.3,0.3,0.8,0.4,309057028,,893,0,2,,,0.0005273411666412882
157,PATCH,1000,2,0.3,0.3,0.8,0.4,309057028,,625,0,2,,,0.0005116976208781147
158,PATCH,1000,2,0.3,0.3,0.8,0.4,309057028,,993,0,2,,,0.000584589706719322
159,PATCH,1000,2,0.3,0.3,0.8,0.4,309057028,,626,0,3,,,0.0008112788857982098
160,PATCH,1000,2,0.3,0.3,0.8,0.4,309057028,,609,0,3,,,0.0008094410686514926
161,PATCH,1000,2,0.3,0.3,0.8,0.4,309057028,,310,0,3,,,0.0007839473018719772
162,PATCH,1000,2,0.3,0.3,0.8,0.4,309057028,,289,0,2,,,0.000556546145783194
163,PATCH,1000,2,0.3,0.3,0.8,0.4,309057028,,405,0,5,,,0.0012418701428374983
164,PATCH,1000,2,0.3,0.3,0.8,0.4,309057028,,733,0,3,,,0.0008182638340909486
165,PATCH,1000,2,0.3,0.3,0.8,0.4,309057028,,435,0,2,,,0.0005244370140955681
166,PATCH,1000,2,0.3,0.3,0.8,0.4,309057028,,785,0,2,,,0.0005452365717965379
167,PATCH,1000,2,0.3,0.3,0.8,0.4,309057028,,580,0,2,,,0.0005456844481779476
168,PATCH,1000,2,0.3,0.3,0.8,0.4,309057028,,276,0,5,,,0.0011980922570075077
169,PATCH,1000,2,0.3,0.3,0.8,0.4,309057028,,940,0,3,,,0.0007632235601271537
170,PATCH,1000,2,0.3,0.3,0.8,0.4,309057028,,79,0,9,,,0.0020641591658588374
171,PATCH,1000,2,0.3,0.3,0.8,0.4,309057028,,696,0,2,,,0.0005794282559466217
172,PATCH,1000,2,0.3,0.3,0.8,0.4,309057028,,917,0,2,,,0.0005635417079870551
173,PATCH,1000,2,0.3,0.3,0.8,0.4,309057028,,939,0,2,,,0.0005597925632248108
174,PATCH,1000,2,0.3,0.3,0.8,0.4,309057028,,313,0,8,,,0.0019337600982659053
175,PATCH,1000,2,0.3,0.3,0.8,0.4,309057028,,969,0,2,,,0.0005596187161267764
176,PATCH,1000,2,0.3,0.3,0.8,0.4,309057028,,947,0,2,,,0.0005509834044101033
177,PATCH,1000,2,0.3,0.3,0.8,0.4,309057028,,971,0,2,,,0.0005199232965333298
178,PATCH,1000,2,0.3,0.3,0.8,0.4,309057028,,542,0,2,,,0.0005787440457078896
179,PATCH,1000,2,0.3,0.3,0.8,0.4,309057028,,734,0,3,,,0.0007982024204510526
180,PATCH,1000,2,0.3,0.3,0.8,0.4,309057028,,418,0,2,,,0.0005657332150910255
181,PATCH,1000,2,0.3,0.3,0.8,0.4,309057028,,295,0,2,,,0.0005658563446924165
182,PATCH,1000,2,0.3,0.3,0.8,0.4,309057028,,921,0,2,,,0.0005698414679491967
183,PATCH,1000,2,0.3,0.3,0.8,0.4,309057028,,417,0,4,,,0.0010667318813224439
184,PATCH,1000,2,0.3,0.3,0.8,0.4,309057028,,85,0,2,,,0.0005484820635915451
185,PATCH,1000,2,0.3,0.3,0.8,0.4,309057028,,404,0,3,,,0.0007845719065971373
186,PATCH,1000,2,0.3,0.3,0.8,0.4,309057028,,424,0,3,,,0.0007765657523367403
187,PATCH,1000,2,0.3,0.3,0.8,0.4,309057028,,853,0,2,,,0.0006048446612726534
188,PATCH,1000,2,0.3,0.3,0.8,0.4,309057028,,159,0,5,,,0.0012024869323451366
189,PATCH,1000,2,0.3,0.3,0.8,0.4,309057028,,112,0,6,,,0.0013690772800600542
190,PATCH,1000,2,0.3,0.3,0.8,0.4,309057028,,890,0,2,,,0.0005369519989328486
191,PATCH,1000,2,0.3,0.3,0.8,0.4,309057028,,732,0,2,,,0.0006008761885611814
192,PATCH,1000,2,0.3,0.3,0.8,0.4,309057028,,53,0,8,,,0.001834032776214074
193,PATCH,1000,2,0.3,0.3,0.8,0.4,309057028,,155,0,4,,,0.000979914564986201
194,PATCH,1000,2,0.3,0.3,0.8,0.4,309057028,,567,0,2,,,0.000529038076717657
195,PATCH,1000,2,0.3,0.3,0.8,0.4,309057028,,962,0,2,,,0.0005301846600978947
196,PATCH,1000,2,0.3,0.3,0.8,0.4,309057028,,930,0,3,,,0.000844571691155914
197,PATCH,1000,2,0.3,0.3,0.8,0.4,309057028,,978,0,2,,,0.000613072210853243
198,PATCH,1000,2,0.3,0.3,0.8,0.4,309057028,,423,0,2,,,0.0005343400833725988
199,PATCH,1000,2,0.3,0.3,0.8,0.4,309057028,,809,0,3,,,0.0008054776713639028
200,PATCH,1000,2,0.3,0.3,0.8,0.4,309057028,,568,0,2,,,0.0005275203019785332
201,PATCH,1000,2,0.3,0.3,0.8,0.4,309057028,,390,0,4,,,0.0010059858630080162
202,PATCH,1000,2,0.3,0.3,0.8,0.4,309057028,,370,0,5,,,0.00130037928591574
203,PATCH,1000,2,0.3,0.3,0.8,0.4,309057028,,23,0,4,,,0.0009748585101697243
204,PATCH,1000,2,0.3,0.3,0.8,0.4,309057028,,382,0,4,,,0.001009702593558205
205,PATCH,1000,2,0.3,0.3,0.8,0.4,309057028,,813,0,4,,,0.0010330266109614833
206,PATCH,1000,2,0.3,0.3,0.8,0.4,309057028,,566,0,2,,,0.0005376273836695379
207,PATCH,1000,2,0.3,0.3,0.8,0.4,309057028,,108,0,2,,,0.000523603302726488
208,PATCH,1000,2,0.3,0.3,0.8,0.4,309057028,,394,0,3,,,0.0007890342374882724
209,PATCH,1000,2,0.3,0.3,0.8,0.4,309057028,,655,0,2,,,0.0005783543985093023
210,PATCH,1000,2,0.3,0.3,0.8,0.4,309057028,,920,0,2,,,0.0006071460437861473
211,PATCH,1000,2,0.3,0.3,0.8,0.4,309057028,,173,0,3,,,0.000755206569288965
212,PATCH,1000,2,0.3,0.3,0.8,0.4,309057028,,403,0,2,,,0.0005803594779609922
213,PATCH,1000,2,0.3,0.3,0.8,0.4,309057028,,559,0,3,,,0.0007978144865794188
214,PATCH,1000,2,0.3,0.3,0.8,0.4,309057028,,904,0,2,,,0.0006015350234621387
215,PATCH,1000,2,0.3,0.3,0.8,0.4,309057028,,761,0,2,,,0.000538349417183081
216,PATCH,1000,2,0.3,0.3,0.8,0.4,309057028,,543,0,2,,,0.0005227138813167934
217,PATCH,1000,2,0.3,0.3,0.8,0.4,309057028,,522,0,4,,,0.0010205501946112408
218,PATCH,1000,2,0.3,0.3,0.8,0.4,309057028,,831,0,3,,,0.0007913383711610139
219,PATCH,1000,2,0.3,0.3,0.8,0.4,309057028,,378,0,3,,,0.0007732623555863307
220,PATCH,1000,2,0.3,0.3,0.8,0.4,309057028,,119,0,4,,,0.0009841458137076042
221,PATCH,1000,2,0.3,0.3,0.8,0.4,309057028,,60,0,13,,,0.002984371567325009
222,PATCH,1000,2,0.3,0.3,0.8,0.4,309057028,,763,0,2,,,0.0005860222184904873
223,PATCH,1000,2,0.3,0.3,0.8,0.4,309057028,,69,0,7,,,0.0016753867575830645
224,PATCH,1000,2,0.3,0.3,0.8,0.4,309057028,,145,0,11,,,0.0024843889821771718
225,PATCH,1000,2,0.3,0.3,0.8,0.4,309057028,,842,0,2,,,0.0005972463136363384
226,PATCH,1000,2,0.3,0.3,0.8,0.4,309057028,,553,0,2,,,0.0005333114043503877
227,PATCH,1000,2,0.3,0.3,0.8,0.4,309057028,,724,0,2,,,0.0005528923044056448
228,PATCH,1000,2,0.3,0.3,0.8,0.4,309057028,,766,0,2,,,0.0005671344490204004
229,PATCH,1000,2,0.3,0.3,0.8,0.4,309057028,,627,0,2,,,0.0005756303362104633
230,PATCH,1000,2,0.3,0.3,0.8,0.4,309057028,,76,0,7,,,0.0015879369090871808
231,PATCH,1000,2,0.3,0.3,0.8,0.4,309057028,,931,0,2,,,0.0005416754268958273
232,PATCH,1000,2,0.3,0.3,0.8,0.4,309057028,,19,0,5,,,0.0012242847957721053
233,PATCH,1000,2,0.3,0.3,0.8,0.4,309057028,,241,0,2,,,0.0005183432090008335
234,PATCH,1000,2,0.3,0.3,0.8,0.4,309057028,,169,0,8,,,0.0018273469169787307
235,PATCH,1000,2,0.3,0.3,0.8,0.4,309057028,,529,0,2,,,0.0005388804108770144
236,PATCH,1000,2,0.3,0.3,0.8,0.4,309057028,,101,0,5,,,0.0012067195634794625
237,PATCH,1000,2,0.3,0.3,0.8,0.4,309057028,,507,0,2,,,0.0005567635207455463
238,PATCH,1000,2,0.3,0.3,0.8,0.4,309057028,,827,0,4,,,0.0010745432106568098
239,PATCH,1000,2,0.3,0.3,0.8,0.4,309057028,,450,0,3,,,0.0008184675418399476
240,PATCH,1000,2,0.3,0.3,0.8,0.4,309057028,,254,0,6,,,0.0014936224238253524
241,PATCH,1000,2,0.3,0.3,0.8,0.4,309057028,,174,0,8,,,0.0019213523000149028
242,PATCH,1000,2,0.3,0.3,0.8,0.4,309057028,,599,0,2,,,0.0005534441229857505
243,PATCH,1000,2,0.3,0.3,0.8,0.4,309057028,,572,0,2,,,0.0005506804684251785
244,PATCH,1000,2,0.3,0.3,0.8,0.4,309057028,,75,0,5,,,0.0012362030955785322
245,PATCH,1000,2,0.3,0.3,0.8,0.4,309057028,,26,0,7,,,0.0016367175336727301
246,PATCH,1000,2,0.3,0.3,0.8,0.4,309057028,,578,0,3,,,0.0007617056169141525
247,PATCH,1000,2,0.3,0.3,0.8,0.4,309057028,,639,0,2,,,0.0005545208069570684
248,PATCH,1000,2,0.3,0.3,0.8,0.4,309057028,,264,0,3,,,0.000748809599233642
249,PATCH,1000,2,0.3,0.3,0.8,0.4,309057028,,535,0,3,,,0.0008315122189960156
250,PATCH,1000,2,0.3,0.3,0.8,0.4,309057028,,157,0,4,,,0.0009917795062293114
251,PATCH,1000,2,0.3,0.3,0.8,0.4,309057028,,305,0,3,,,0.0007850847568290372
252,PATCH,1000,2,0.3,0.3,0.8,0.4,309057028,,91,0,11,,,0.0025200844560977977
253,PATCH,1000,2,0.3,0.3,0.8,0.4,309057028,,8,0,57,,,0.012388227524418946
254,PATCH,1000,2,0.3,0.3,0.8,0.4,309057028,,431,0,2,,,0.0005163775418360935
255,PATCH,1000,2,0.3,0.3,0.8,0.4,309057028,,380,0,2,,,0.0005698409178123895
256,PATCH,1000,2,0.3,0.3,0.8,0.4,309057028,,680,0,2,,,0.0005742226795190696
257,PATCH,1000,2,0.3,0.3,0.8,0.4,309057028,,412,0,2,,,0.0005420204246783483
258,PATCH,1000,2,0.3,0.3,0.8,0.4,309057028,,486,0,2,,,0.0005380216516134714
259,PATCH,1000,2,0.3,0.3,0.8,0.4,309057028,,953,0,2,,,0.0005716280597035275
260,PATCH,1000,2,0.3,0.3,0.8,0.4,309057028,,505,0,3,,,0.000836344742534093
261,PATCH,1000,2,0.3,0.3,0.8,0.4,309057028,,204,0,3,,,0.0007582442175753841
262,PATCH,1000,2,0.3,0.3,0.8,0.4,309057028,,356,0,2,,,0.0005655490383479071
263,PATCH,1000,2,0.3,0.3,0.8,0.4,309057028,,77,0,2,,,0.0005208181673043581
264,PATCH,1000,2,0.3,0.3,0.8,0.4,309057028,,805,0,7,,,0.0017119937274247237
265,PATCH,1000,2,0.3,0.3,0.8,0.4,309057028,,714,0,2,,,0.00056472502131955
266,PATCH,1000,2,0.3,0.3,0.8,0.4,309057028,,499,0,5,,,0.0012477805622081852
267,PATCH,1000,2,0.3,0.3,0.8,0.4,309057028,,686,0,2,,,0.0005411897409357124
268,PATCH,1000,2,0.3,0.3,0.8,0.4,309057028,,828,0,2,,,0.0005515781827004757
269,PATCH,1000,2,0.3,0.3,0.8,0.4,309057028,,211,0,2,,,0.0005381656551688877
270,PATCH,1000,2,0.3,0.3,0.8,0.4,309057028,,787,0,3,,,0.0008013200802293237
271,PATCH,1000,2,0.3,0.3,0.8,0.4,309057028,,20,0,28,,,0.006078934564951652
272,PATCH,1000,2,0.3,0.3,0.8,0.4,309057028,,162,0,4,,,0.0009697131988904373
273,PATCH,1000,2,0.3,0.3,0.8,0.4,309057028,,867,0,3,,,0.0007768287813532288
274,PATCH,1000,2,0.3,0.3,0.8,0.4,309057028,,329,0,5,,,0.0012604110161884429
275,PATCH,1000,2,0.3,0.3,0.8,0.4,309057028,,902,0,2,,,0.0006145911479141849
276,PATCH,1000,2,0.3,0.3,0.8,0.4,309057028,,777,0,2,,,0.0005599717417951261
277,PATCH,1000,2,0.3,0.3,0.8,0.4,309057028,,710,0,3,,,0.0007714688883855865
278,PATCH,1000,2,0.3,0.3,0.8,0.4,309057028,,185,0,8,,,0.0018894713653054337
279,PATCH,1000,2,0.3,0.3,0.8,0.4,309057028,,312,0,4,,,0.0010541286528199926
280,PATCH,1000,2,0.3,0.3,0.8,0.4,309057028,,514,0,8,,,0.0020375164074821215
281,PATCH,1000,2,0.3,0.3,0.8,0.4,309057028,,796,0,2,,,0.0005759658108378498
282,PATCH,1000,2,0.3,0.3,0.8,0.4,309057028,,986,0,2,,,0.0005646062928009043
283,PATCH,1000,2,0.3,0.3,0.8,0.4,309057028,,18,0,9,,,0.002013289694615099
284,PATCH,1000,2,0.3,0.3,0.8,0.4,309057028,,707,0,2,,,0.000594753508959358
285,PATCH,1000,2,0.3,0.3,0.8,0.4,309057028,,126,0,4,,,0.0009507549504410796
286,PATCH,1000,2,0.3,0.3,0.8,0.4,309057028,,268,0,2,,,0.0005152089344025694
287,PATCH,1000,2,0.3,0.3,0.8,0.4,309057028,,414,0,3,,,0.0007812819962597349
288,PATCH,1000,2,0.3,0.3,0.8,0.4,309057028,,520,0,2,,,0.0005643464786818227
289,PATCH,1000,2,0.3,0.3,0.8,0.4,309057028,,340,0,3,,,0.000767925874572482
290,PATCH,1000,2,0.3,0.3,0.8,0.4,309057028,,709,0,3,,,0.0007791479714595923
291,PATCH,1000,2,0.3,0.3,0.8,0.4,309057028,,7,0,10,,,0.0022348041110382827
292,PATCH,1000,2,0.3,0.3,0.8,0.4,309057028,,326,0,2,,,0.0005748604701973009
293,PATCH,1000,2,0.3,0.3,0.8,0.4,309057028,,677,0,4,,,0.0009633381313577608
294,PATCH,1000,2,0.3,0.3,0.8,0.4,309057028,,751,0,4,,,0.0010378359938099289
295,PATCH,1000,2,0.3,0.3,0.8,0.4,309057028,,190,0,4,,,0.0010027056341323677
296,PATCH,1000,2,0.3,0.3,0.8,0.4,309057028,,223,0,3,,,0.0008111922670333533
297,PATCH,1000,2,0.3,0.3,0.8,0.4,309057028,,489,0,2,,,0.000581977139716466
298,PATCH,1000,2,0.3,0.3,0.8,0.4,309057028,,909,0,2,,,0.0005547178837027455
299,PATCH,1000,2,0.3,0.3,0.8,0.4,309057028,,899,0,2,,,0.0005835900033566348
300,PATCH,1000,2,0.3,0.3,0.8,0.4,309057028,,105,0,15,,,0.0033724246882860624
301,PATCH,1000,2,0.3,0.3,0.8,0.4,309057028,,25,0,17,,,0.003737900059501782
302,PATCH,1000,2,0.3,0.3,0.8,0.4,309057028,,96,0,5,,,0.0012484491926934805
303,PATCH,1000,2,0.3,0.3,0.8,0.4,309057028,,455,0,3,,,0.0008308196068854988
304,PATCH,1000,2,0.3,0.3,0.8,0.4,309057028,,120,0,8,,,0.0018211076376120521
305,PATCH,1000,2,0.3,0.3,0.8,0.4,309057028,,774,0,4,,,0.0010402866908030416
306,PATCH,1000,2,0.3,0.3,0.8,0.4,309057028,,11,0,39,,,0.008272378463090244
307,PATCH,1000,2,0.3,0.3,0.8,0.4,309057028,,954,0,2,,,0.0005587268801643338
308,PATCH,1000,2,0.3,0.3,0.8,0.4,309057028,,45,0,11,,,0.0025175280109996914
309,PATCH,1000,2,0.3,0.3,0.8,0.4,309057028,,388,0,3,,,0.0008112867519941017
310,PATCH,1000,2,0.3,0.3,0.8,0.4,309057028,,347,0,2,,,0.0005503180342608283
311,PATCH,1000,2,0.3,0.3,0.8,0.4,309057028,,875,0,3,,,0.0008698028509862977
312,PATCH,1000,2,0.3,0.3,0.8,0.4,309057028,,525,0,2,,,0.000523815246085754
313,PATCH,1000,2,0.3,0.3,0.8,0.4,309057028,,731,0,3,,,0.0007651212921133939
314,PATCH,1000,2,0.3,0.3,0.8,0.4,309057028,,408,0,4,,,0.0010331953360867134
315,PATCH,1000,2,0.3,0.3,0.8,0.4,309057028,,95,0,9,,,0.0020573084328017583
316,PATCH,1000,2,0.3,0.3,0.8,0.4,309057028,,674,0,3,,,0.0007787904832096328
317,PATCH,1000,2,0.3,0.3,0.8,0.4,309057028,,752,0,3,,,0.0007972808255266955
318,PATCH,1000,2,0.3,0.3,0.8,0.4,309057028,,900,0,2,,,0.0005758609476374491
319,PATCH,1000,2,0.3,0.3,0.8,0.4,309057028,,858,0,2,,,0.000608200259115234
320,PATCH,1000,2,0.3,0.3,0.8,0.4,309057028,,661,0,2,,,0.0005594716061680074
321,PATCH,1000,2,0.3,0.3,0.8,0.4,309057028,,838,0,2,,,0.000597157410897385
322,PATCH,1000,2,0.3,0.3,0.8,0.4,309057028,,913,0,2,,,0.0006086661846644849
323,PATCH,1000,2,0.3,0.3,0.8,0.4,309057028,,350,0,4,,,0.0010389873835820543
324,PATCH,1000,2,0.3,0.3,0.8,0.4,309057028,,274,0,4,,,0.0010209549709178838
325,PATCH,1000,2,0.3,0.3,0.8,0.4,309057028,,395,0,7,,,0.0017380107020177492
326,PATCH,1000,2,0.3,0.3,0.8,0.4,309057028,,219,0,3,,,0.0007439746274255062
327,PATCH,1000,2,0.3,0.3,0.8,0.4,309057028,,792,0,2,,,0.0005664781500306288
328,PATCH,1000,2,0.3,0.3,0.8,0.4,309057028,,477,0,3,,,0.0007934890783675894
329,PATCH,1000,2,0.3,0.3,0.8,0.4,309057028,,97,0,3,,,0.0007937855889737706
330,PATCH,1000,2,0.3,0.3,0.8,0.4,309057028,,497,0,4,,,0.0010514667536131533
331,PATCH,1000,2,0.3,0.3,0.8,0.4,309057028,,345,0,2,,,0.0005499065008030406
332,PATCH,1000,2,0.3,0.3,0.8,0.4,309057028,,997,0,2,,,0.0005817745159677615
333,PATCH,1000,2,0.3,0.3,0.8,0.4,309057028,,826,0,3,,,0.0008279453886505093
334,PATCH,1000,2,0.3,0.3,0.8,0.4,309057028,,42,0,11,,,0.002451661658248078
335,PATCH,1000,2,0.3,0.3,0.8,0.4,309057028,,564,0,2,,,0.0005603681926112884
336,PATCH,1000,2,0.3,0.3,0.8,0.4,309057028,,755,0,3,,,0.0007736897463547871
337,PATCH,1000,2,0.3,0.3,0.8,0.4,309057028,,518,0,2,,,0.0005657177679292939
338,PATCH,1000,2,0.3,0.3,0.8,0.4,309057028,,36,0,2,,,0.0005130506607220112
339,PATCH,1000,2,0.3,0.3,0.8,0.4,309057028,,383,0,4,,,0.001041760586002388
340,PATCH,1000,2,0.3,0.3,0.8,0.4,309057028,,338,0,3,,,0.0008189414027736366
341,PATCH,1000,2,0.3,0.3,0.8,0.4,309057028,,517,0,2,,,0.0005832140136651287
342,PATCH,1000,2,0.3,0.3,0.8,0.4,309057028,,64,0,2,,,0.0005336326551316516
343,PATCH,1000,2,0.3,0.3,0.8,0.4,309057028,,881,0,2,,,0.0005366354551896762
344,PATCH,1000,2,0.3,0.3,0.8,0.4,309057028,,447,0,3,,,0.0007749657997350992
345,PATCH,1000,2,0.3,0.3,0.8,0.4,309057028,,612,0,2,,,0.000578517326385765
346,PATCH,1000,2,0.3,0.3,0.8,0.4,309057028,,10,0,23,,,0.005032673202864817
347,PATCH,1000,2,0.3,0.3,0.8,0.4,309057028,,594,0,2,,,0.0005512778244766082
348,PATCH,1000,2,0.3,0.3,0.8,0.4,309057028,,451,0,2,,,0.0005468203373442559
349,PATCH,1000,2,0.3,0.3,0.8,0.4,309057028,,475,0,2,,,0.0005443776210562619
350,PATCH,1000,2,0.3,0.3,0.8,0.4,309057028,,441,0,3,,,0.0008520014007073694
351,PATCH,1000,2,0.3,0.3,0.8,0.4,309057028,,333,0,3,,,0.0007675218004334816
352,PATCH,1000,2,0.3,0.3,0.8,0.4,309057028,,716,0,4,,,0.0009967990166808343
353,PATCH,1000,2,0.3,0.3,0.8,0.4,309057028,,368,0,2,,,0.0005453773876367817
354,PATCH,1000,2,0.3,0.3,0.8,0.4,309057028,,158,0,10,,,0.002354091725649857
355,PATCH,1000,2,0.3,0.3,0.8,0.4,309057028,,648,0,3,,,0.0008464948566762582
356,PATCH,1000,2,0.3,0.3,0.8,0.4,309057028,,86,0,10,,,0.002325088745362752
357,PATCH,1000,2,0.3,0.3,0.8,0.4,309057028,,611,0,2,,,0.0005860880170383732
358,PATCH,1000,2,0.3,0.3,0.8,0.4,309057028,,150,0,11,,,0.002547969047183291
359,PATCH,1000,2,0.3,0.3,0.8,0.4,309057028,,821,0,2,,,0.0005395728800100056
360,PATCH,1000,2,0.3,0.3,0.8,0.4,309057028,,845,0,2,,,0.0005751090821107723
361,PATCH,1000,2,0.3,0.3,0.8,0.4,309057028,,107,0,8,,,0.001777252126409005
362,PATCH,1000,2,0.3,0.3,0.8,0.4,309057028,,584,0,3,,,0.0008194653386045272
363,PATCH,1000,2,0.3,0.3,0.8,0.4,309057028,,224,0,2,,,0.000518641868195875
364,PATCH,1000,2,0.3,0.3,0.8,0.4,309057028,,587,0,3,,,0.0008302915740613973
365,PATCH,1000,2,0.3,0.3,0.8,0.4,309057028,,874,0,3,,,0.0007882874004176324
366,PATCH,1000,2,0.3,0.3,0.8,0.4,309057028,,234,0,6,,,0.00149514598474077
367,PATCH,1000,2,0.3,0.3,0.8,0.4,309057028,,366,0,2,,,0.0005650853627620679
368,PATCH,1000,2,0.3,0.3,0.8,0.4,309057028,,362,0,7,,,0.0017582571383305816
369,PATCH,1000,2,0.3,0.3,0.8,0.4,309057028,,474,0,4,,,0.0010899799693407115
370,PATCH,1000,2,0.3,0.3,0.8,0.4,309057028,,258,0,2,,,0.0005359153620327922
371,PATCH,1000,2,0.3,0.3,0.8,0.4,309057028,,207,0,6,,,0.0014759528439222383
372,PATCH,1000,2,0.3,0.3,0.8,0.4,309057028,,718,0,2,,,0.0005497243476650267
373,PATCH,1000,2,0.3,0.3,0.8,0.4,309057028,,320,0,4,,,0.0009936805282996267
374,PATCH,1000,2,0.3,0.3,0.8,0.4,309057028,,637,0,2,,,0.0005445489933213024
375,PATCH,1000,2,0.3,0.3,0.8,0.4,309057028,,436,0,3,,,0.0007829121693299624
376,PATCH,1000,2,0.3,0.3,0.8,0.4,309057028,,689,0,2,,,0.0005444389549806462
377,PATCH,1000,2,0.3,0.3,0.8,0.4,309057028,,9,0,37,,,0.008034071993388273
378,PATCH,1000,2,0.3,0.3,0.8,0.4,309057028,,844,0,2,,,0.0005843008770926352
379,PATCH,1000,2,0.3,0.3,0.8,0.4,309057028,,715,0,3,,,0.0007921237054231691
380,PATCH,1000,2,0.3,0.3,0.8,0.4,309057028,,952,0,2,,,0.0005378730119130256
381,PATCH,1000,2,0.3,0.3,0.8,0.4,309057028,,297,0,5,,,0.001233984243143982
382,PATCH,1000,2,0.3,0.3,0.8,0.4,309057028,,996,0,2,,,0.000509593626704079
383,PATCH,1000,2,0.3,0.3,0.8,0.4,309057028,,884,0,2,,,0.0006062335103618417
384,PATCH,1000,2,0.3,0.3,0.8,0.4,309057028,,49,0,5,,,0.0011520382916590571
385,PATCH,1000,2,0.3,0.3,0.8,0.4,309057028,,495,0,2,,,0.0005664757820888717
386,PATCH,1000,2,0.3,0.3,0.8,0.4,309057028,,754,0,2,,,0.0005918852852051112
387,PATCH,1000,2,0.3,0.3,0.8,0.4,309057028,,888,0,2,,,0.0005797122215237849
388,PATCH,1000,2,0.3,0.3,0.8,0.4,309057028,,866,0,3,,,0.0008282195854422592
389,PATCH,1000,2,0.3,0.3,0.8,0.4,309057028,,948,0,2,,,0.0005472377882174582
390,PATCH,1000,2,0.3,0.3,0.8,0.4,309057028,,790,0,3,,,0.0007828446280777605
391,PATCH,1000,2,0.3,0.3,0.8,0.4,309057028,,239,0,5,,,0.0011972332453074356
392,PATCH,1000,2,0.3,0.3,0.8,0.4,309057028,,737,0,2,,,0.000509593626704079
393,PATCH,1000,2,0.3,0.3,0.8,0.4,309057028,,982,0,2,,,0.0006103444310473987
394,PATCH,1000,2,0.3,0.3,0.8,0.4,309057028,,141,0,3,,,0.0007505691064030924
395,PATCH,1000,2,0.3,0.3,0.8,0.4,309057028,,147,0,6,,,0.001472652714936331
396,PATCH,1000,2,0.3,0.3,0.8,0.4,309057028,,334,0,2,,,0.0005489167735062997
397,PATCH,1000,2,0.3,0.3,0.8,0.4,309057028,,963,0,2,,,0.0005302586388616732
398,PATCH,1000,2,0.3,0.3,0.8,0.4,309057028,,632,0,2,,,0.0005655087827456741
399,PATCH,1000,2,0.3,0.3,0.8,0.4,309057028,,631,0,2,,,0.0005882050664543266
400,PATCH,1000,2,0.3,0.3,0.8,0.4,309057028,,574,0,2,,,0.0005527689382813796
401,PATCH,1000,2,0.3,0.3,0.8,0.4,309057028,,770,0,3,,,0.0007421408282844219
402,PATCH,1000,2,0.3,0.3,0.8,0.4,309057028,,272,0,3,,,0.0007876958190652831
403,PATCH,1000,2,0.3,0.3,0.8,0.4,309057028,,496,0,2,,,0.00052993030367159
404,PATCH,1000,2,0.3,0.3,0.8,0.4,309057028,,421,0,2,,,0.0005579241296303609
405,PATCH,1000,2,0.3,0.3,0.8,0.4,309057028,,374,0,6,,,0.0014577910141218154
406,PATCH,1000,2,0.3,0.3,0.8,0.4,309057028,,879,0,2,,,0.0005868034735221626
407,PATCH,1000,2,0.3,0.3,0.8,0.4,309057028,,430,0,2,,,0.0005536300838939967
408,PATCH,1000,2,0.3,0.3,0.8,0.4,309057028,,221,0,3,,,0.0008077753384645853
409,PATCH,1000,2,0.3,0.3,0.8,0.4,309057028,,750,0,2,,,0.000577223047915095
410,PATCH,1000,2,0.3,0.3,0.8,0.4,309057028,,765,0,2,,,0.0005127071143028685
411,PATCH,1000,2,0.3,0.3,0.8,0.4,309057028,,573,0,2,,,0.0005664781500306288
412,PATCH,1000,2,0.3,0.3,0.8,0.4,309057028,,208,0,5,,,0.0012410168268764362
413,PATCH,1000,2,0.3,0.3,0.8,0.4,309057028,,685,0,2,,,0.000595071415742778
414,PATCH,1000,2,0.3,0.3,0.8,0.4,309057028,,788,0,2,,,0.0005658569198041976
415,PATCH,1000,2,0.3,0.3,0.8,0.4,309057028,,533,0,2,,,0.0005444933611510111
416,PATCH,1000,2,0.3,0.3,0.8,0.4,309057028,,381,0,2,,,0.0005423195909784166
417,PATCH,1000,2,0.3,0.3,0.8,0.4,309057028,,901,0,2,,,0.0005532234052676402
418,PATCH,1000,2,0.3,0.3,0.8,0.4,309057028,,443,0,2,,,0.0005214615226230361
419,PATCH,1000,2,0.3,0.3,0.8,0.4,309057028,,687,0,2,,,0.0005282195176114607
420,PATCH,1000,2,0.3,0.3,0.8,0.4,309057028,,121,0,9,,,0.002159561741173873
421,PATCH,1000,2,0.3,0.3,0.8,0.4,309057028,,711,0,5,,,0.001324310468129709
422,PATCH,1000,2,0.3,0.3,0.8,0.4,309057028,,196,0,5,,,0.0012681963535102689
423,PATCH,1000,2,0.3,0.3,0.8,0.4,309057028,,110,0,6,,,0.0014346702564531696
424,PATCH,1000,2,0.3,0.3,0.8,0.4,309057028,,621,0,2,,,0.000583779936722202
425,PATCH,1000,2,0.3,0.3,0.8,0.4,309057028,,41,0,8,,,0.0017931552675197469
426,PATCH,1000,2,0.3,0.3,0.8,0.4,309057028,,407,0,5,,,0.0012369246030589762
427,PATCH,1000,2,0.3,0.3,0.8,0.4,309057028,,22,0,13,,,0.0029398626967904844
428,PATCH,1000,2,0.3,0.3,0.8,0.4,309057028,,256,0,2,,,0.0005289507717345617
429,PATCH,1000,2,0.3,0.3,0.8,0.4,309057028,,825,0,2,,,0.0005460643680266956
430,PATCH,1000,2,0.3,0.3,0.8,0.4,309057028,,74,0,8,,,0.0018666656795024864
431,PATCH,1000,2,0.3,0.3,0.8,0.4,309057028,,877,0,3,,,0.0008305138944025949
432,PATCH,1000,2,0.3,0.3,0.8,0.4,309057028,,355,0,4,,,0.001045144153373465
433,PATCH,1000,2,0.3,0.3,0.8,0.4,309057028,,371,0,2,,,0.0005611297680849154
434,PATCH,1000,2,0.3,0.3,0.8,0.4,309057028,,123,0,7,,,0.0016965392360714416
435,PATCH,1000,2,0.3,0.3,0.8,0.4,309057028,,464,0,2,,,0.0005606502818444084
436,PATCH,1000,2,0.3,0.3,0.8,0.4,309057028,,908,0,2,,,0.0005637146316959273
437,PATCH,1000,2,0.3,0.3,0.8,0.4,309057028,,206,0,5,,,0.0012055196501887075
438,PATCH,1000,2,0.3,0.3,0.8,0.4,309057028,,181,0,10,,,0.0023278429699855785
439,PATCH,1000,2,0.3,0.3,0.8,0.4,309057028,,832,0,3,,,0.0008377908152795156
440,PATCH,1000,2,0.3,0.3,0.8,0.4,309057028,,510,0,3,,,0.0007618766799176344
441,PATCH,1000,2,0.3,0.3,0.8,0.4,309057028,,301,0,3,,,0.0008018054148309751
442,PATCH,1000,2,0.3,0.3,0.8,0.4,309057028,,375,0,3,,,0.000794672793441175
443,PATCH,1000,2,0.3,0.3,0.8,0.4,309057028,,794,0,2,,,0.0005204567439505348
444,PATCH,1000,2,0.3,0.3,0.8,0.4,309057028,,613,0,2,,,0.000557494424908916
445,PATCH,1000,2,0.3,0.3,0.8,0.4,309057028,,13,0,5,,,0.0011632281272509664
446,PATCH,1000,2,0.3,0.3,0.8,0.4,309057028,,719,0,2,,,0.0005339790569965255
447,PATCH,1000,2,0.3,0.3,0.8,0.4,309057028,,816,0,3,,,0.000813594479962034
448,PATCH,1000,2,0.3,0.3,0.8,0.4,309057028,,127,0,3,,,0.0007386096950761585
449,PATCH,1000,2,0.3,0.3,0.8,0.4,309057028,,704,0,2,,,0.0005233474872604494
450,PATCH,1000,2,0.3,0.3,0.8,0.4,309057028,,444,0,2,,,0.0005670666174607542
451,PATCH,1000,2,0.3,0.3,0.8,0.4,309057028,,784,0,2,,,0.0005572386945362243
452,PATCH,1000,2,0.3,0.3,0.8,0.4,309057028,,523,0,2,,,0.0005396160061129039
453,PATCH,1000,2,0.3,0.3,0.8,0.4,309057028,,113,0,4,,,0.0009904332040229884
454,PATCH,1000,2,0.3,0.3,0.8,0.4,309057028,,50,0,8,,,0.0017821443261493133
455,PATCH,1000,2,0.3,0.3,0.8,0.4,309057028,,138,0,2,,,0.0005285488412580183
456,PATCH,1000,2,0.3,0.3,0.8,0.4,309057028,,537,0,4,,,0.001076888837426286
457,PATCH,1000,2,0.3,0.3,0.8,0.4,309057028,,122,0,6,,,0.00146855635412493
458,PATCH,1000,2,0.3,0.3,0.8,0.4,309057028,,178,0,4,,,0.0009807810713353031
459,PATCH,1000,2,0.3,0.3,0.8,0.4,309057028,,524,0,2,,,0.0005793284291130323
460,PATCH,1000,2,0.3,0.3,0.8,0.4,309057028,,328,0,2,,,0.0005259484440512759
461,PATCH,1000,2,0.3,0.3,0.8,0.4,309057028,,2,0,81,,,0.01706403647787339
462,PATCH,1000,2,0.3,0.3,0.8,0.4,309057028,,286,0,4,,,0.0010186961575507462
463,PATCH,1000,2,0.3,0.3,0.8,0.4,309057028,,231,0,2,,,0.0005337262338568602
464,PATCH,1000,2,0.3,0.3,0.8,0.4,309057028,,213,0,2,,,0.0005503301156529834
465,PATCH,1000,2,0.3,0.3,0.8,0.4,309057028,,43,0,4,,,0.0009587996639002629
466,PATCH,1000,2,0.3,0.3,0.8,0.4,309057028,,746,0,3,,,0.0007835299829420621
467,PATCH,1000,2,0.3,0.3,0.8,0.4,309057028,,672,0,2,,,0.0005528881184171744
468,PATCH,1000,2,0.3,0.3,0.8,0.4,309057028,,148,0,4,,,0.000949250682397489
469,PATCH,1000,2,0.3,0.3,0.8,0.4,309057028,,585,0,3,,,0.0007637606100654885
470,PATCH,1000,2,0.3,0.3,0.8,0.4,309057028,,341,0,5,,,0.001252367177046153
471,PATCH,1000,2,0.3,0.3,0.8,0.4,309057028,,508,0,2,,,0.0005434716911564353
472,PATCH,1000,2,0.3,0.3,0.8,0.4,309057028,,534,0,3,,,0.0007763058437833026
473,PATCH,1000,2,0.3,0.3,0.8,0.4,309057028,,903,0,2,,,0.0005527074046745023
474,PATCH,1000,2,0.3,0.3,0.8,0.4,309057028,,473,0,5,,,0.0013087336320588558
475,PATCH,1000,2,0.3,0.3,0.8,0.4,309057028,,319,0,3,,,0.0007536292302422782
476,PATCH,1000,2,0.3,0.3,0.8,0.4,309057028,,862,0,2,,,0.0005952073442739961
477,PATCH,1000,2,0.3,0.3,0.8,0.4,309057028,,280,0,3,,,0.0007342699801941332
478,PATCH,1000,2,0.3,0.3,0.8,0.4,309057028,,59,0,16,,,0.0036592929582385594
479,PATCH,1000,2,0.3,0.3,0.8,0.4,309057028,,539,0,2,,,0.0005345160369524533
480,PATCH,1000,2,0.3,0.3,0.8,0.4,309057028,,812,0,2,,,0.0005649548260710665
481,PATCH,1000,2,0.3,0.3,0.8,0.4,309057028,,393,0,4,,,0.001064484934199558
482,PATCH,1000,2,0.3,0.3,0.8,0.4,309057028,,712,0,2,,,0.0005801664096881643
483,PATCH,1000,2,0.3,0.3,0.8,0.4,309057028,,775,0,3,,,0.0007644543017196084
484,PATCH,1000,2,0.3,0.3,0.8,0.4,309057028,,358,0,3,,,0.0008083972962074243
485,PATCH,1000,2,0.3,0.3,0.8,0.4,309057028,,237,0,2,,,0.000517246463091347
486,PATCH,1000,2,0.3,0.3,0.8,0.4,309057028,,461,0,4,,,0.001078537514320864
487,PATCH,1000,2,0.3,0.3,0.8,0.4,309057028,,795,0,3,,,0.0007693725957926563
488,PATCH,1000,2,0.3,0.3,0.8,0.4,309057028,,271,0,2,,,0.0005507963034873499
489,PATCH,1000,2,0.3,0.3,0.8,0.4,309057028,,61,0,12,,,0.002742773891366351
490,PATCH,1000,2,0.3,0.3,0.8,0.4,309057028,,247,0,3,,,0.000798372203201161
491,PATCH,1000,2,0.3,0.3,0.8,0.4,309057028,,981,0,2,,,0.0005405785288080588
492,PATCH,1000,2,0.3,0.3,0.8,0.4,309057028,,348,0,5,,,0.0012616303990084013
493,PATCH,1000,2,0.3,0.3,0.8,0.4,309057028,,544,0,4,,,0.0010806904866042287
494,PATCH,1000,2,0.3,0.3,0.8,0.4,309057028,,285,0,4,,,0.0010069025321207904
495,PATCH,1000,2,0.3,0.3,0.8,0.4,309057028,,955,0,4,,,0.001121732146338524
496,PATCH,1000,2,0.3,0.3,0.8,0.4,309057028,,193,0,3,,,0.000762482621919952
497,PATCH,1000,2,0.3,0.3,0.8,0.4,309057028,,353,0,2,,,0.0005464088719750621
498,PATCH,1000,2,0.3,0.3,0.8,0.4,309057028,,92,0,11,,,0.002581767096666816
499,PATCH,1000,2,0.3,0.3,0.8,0.4,309057028,,161,0,8,,,0.0018601850651977512
500,PATCH,1000,2,0.3,0.3,0.8,0.4,309057028,,756,0,3,,,0.0007489776459855802
501,PATCH,1000,2,0.3,0.3,0.8,0.4,309057028,,429,0,4,,,0.0010362387749585718
502,PATCH,1000,2,0.3,0.3,0.8,0.4,309057028,,472,0,2,,,0.0005776139630400949
503,PATCH,1000,2,0.3,0.3,0.8,0.4,309057028,,605,0,2,,,0.0005701445436976545
504,PATCH,1000,2,0.3,0.3,0.8,0.4,309057028,,139,0,3,,,0.0007617597830100191
505,PATCH,1000,2,0.3,0.3,0.8,0.4,309057028,,701,0,3,,,0.0007970257288033244
506,PATCH,1000,2,0.3,0.3,0.8,0.4,309057028,,201,0,2,,,0.0005563400137082275
507,PATCH,1000,2,0.3,0.3,0.8,0.4,309057028,,547,0,2,,,0.0005403311500685577
508,PATCH,1000,2,0.3,0.3,0.8,0.4,309057028,,942,0,2,,,0.0005621649793084365
509,PATCH,1000,2,0.3,0.3,0.8,0.4,309057028,,976,0,2,,,0.0005736575082205607
510,PATCH,1000,2,0.3,0.3,0.8,0.4,309057028,,299,0,2,,,0.000522136720233544
511,PATCH,1000,2,0.3,0.3,0.8,0.4,309057028,,111,0,2,,,0.0005218194833967157
512,PATCH,1000,2,0.3,0.3,0.8,0.4,309057028,,125,0,4,,,0.0010325331216701117
513,PATCH,1000,2,0.3,0.3,0.8,0.4,309057028,,1,0,22,,,0.004615184116563398
514,PATCH,1000,2,0.3,0.3,0.8,0.4,309057028,,415,0,2,,,0.0005783579902538317
515,PATCH,1000,2,0.3,0.3,0.8,0.4,309057028,,379,0,3,,,0.000817482497617409
516,PATCH,1000,2,0.3,0.3,0.8,0.4,309057028,,132,0,7,,,0.0017138120628092134
517,PATCH,1000,2,0.3,0.3,0.8,0.4,309057028,,39,0,4,,,0.0009659907751713533
518,PATCH,1000,2,0.3,0.3,0.8,0.4,309057028,,758,0,7,,,0.001762082450600026
519,PATCH,1000,2,0.3,0.3,0.8,0.4,309057028,,406,0,3,,,0.000766720721264894
520,PATCH,1000,2,0.3,0.3,0.8,0.4,309057028,,936,0,6,,,0.0015668917524563593
521,PATCH,1000,2,0.3,0.3,0.8,0.4,309057028,,937,0,3,,,0.0008188147503411863
522,PATCH,1000,2,0.3,0.3,0.8,0.4,309057028,,99,0,9,,,0.002151770678730735
523,PATCH,1000,2,0.3,0.3,0.8,0.4,309057028,,291,0,2,,,0.0005488221972948444
524,PATCH,1000,2,0.3,0.3,0.8,0.4,309057028,,439,0,5,,,0.0012429090326723335
525,PATCH,1000,2,0.3,0.3,0.8,0.4,309057028,,697,0,2,,,0.0006107805693028034
526,PATCH,1000,2,0.3,0.3,0.8,0.4,309057028,,589,0,4,,,0.0009837743619919184
527,PATCH,1000,2,0.3,0.3,0.8,0.4,309057028,,927,0,2,,,0.0006018909309463416
528,PATCH,1000,2,0.3,0.3,0.8,0.4,309057028,,799,0,2,,,0.0005687120497603156
529,PATCH,1000,2,0.3,0.3,0.8,0.4,309057028,,521,0,3,,,0.0007947367422542571
530,PATCH,1000,2,0.3,0.3,0.8,0.4,309057028,,102,0,10,,,0.002251643549934846
531,PATCH,1000,2,0.3,0.3,0.8,0.4,309057028,,666,0,3,,,0.0007529924294711419
532,PATCH,1000,2,0.3,0.3,0.8,0.4,309057028,,659,0,2,,,0.0005606650676495698
533,PATCH,1000,2,0.3,0.3,0.8,0.4,309057028,,192,0,7,,,0.0017336176058707496
534,PATCH,1000,2,0.3,0.3,0.8,0.4,309057028,,935,0,2,,,0.0006278717145734652
535,PATCH,1000,2,0.3,0.3,0.8,0.4,309057028,,556,0,3,,,0.0007743933948857861
536,PATCH,1000,2,0.3,0.3,0.8,0.4,309057028,,15,0,20,,,0.004393623132088404
537,PATCH,1000,2,0.3,0.3,0.8,0.4,309057028,,367,0,3,,,0.0007788135885722343
538,PATCH,1000,2,0.3,0.3,0.8,0.4,309057028,,293,0,2,,,0.0005287216383726792
539,PATCH,1000,2,0.3,0.3,0.8,0.4,309057028,,762,0,2,,,0.0005527489802264683
540,PATCH,1000,2,0.3,0.3,0.8,0.4,309057028,,273,0,2,,,0.0005365770273407273
541,PATCH,1000,2,0.3,0.3,0.8,0.4,309057028,,57,0,5,,,0.001250703304493019
542,PATCH,1000,2,0.3,0.3,0.8,0.4,309057028,,55,0,3,,,0.0007646139011696227
543,PATCH,1000,2,0.3,0.3,0.8,0.4,309057028,,164,0,4,,,0.0010001700147104673
544,PATCH,1000,2,0.3,0.3,0.8,0.4,309057028,,860,0,2,,,0.0005486513371415187
545,PATCH,1000,2,0.3,0.3,0.8,0.4,309057028,,373,0,3,,,0.0007959410275823879
546,PATCH,1000,2,0.3,0.3,0.8,0.4,309057028,,188,0,9,,,0.0021662304636399093
547,PATCH,1000,2,0.3,0.3,0.8,0.4,309057028,,892,0,2,,,0.0005642288122345576
548,PATCH,1000,2,0.3,0.3,0.8,0.4,309057028,,670,0,2,,,0.0005639518302797289
549,PATCH,1000,2,0.3,0.3,0.8,0.4,309057028,,804,0,3,,,0.0008033629198444801
550,PATCH,1000,2,0.3,0.3,0.8,0.4,309057028,,729,0,3,,,0.0008626617583795431
551,PATCH,1000,2,0.3,0.3,0.8,0.4,309057028,,633,0,3,,,0.0008345583688601136
552,PATCH,1000,2,0.3,0.3,0.8,0.4,309057028,,975,0,2,,,0.0005886979534639753
553,PATCH,1000,2,0.3,0.3,0.8,0.4,309057028,,698,0,2,,,0.0005553291126283717
554,PATCH,1000,2,0.3,0.3,0.8,0.4,309057028,,480,0,3,,,0.000794707087518259
555,PATCH,1000,2,0.3,0.3,0.8,0.4,309057028,,114,0,6,,,0.0014418770123975986
556,PATCH,1000,2,0.3,0.3,0.8,0.4,309057028,,214,0,3,,,0.0007574092444692913
557,PATCH,1000,2,0.3,0.3,0.8,0.4,309057028,,549,0,2,,,0.0005463412175531245
558,PATCH,1000,2,0.3,0.3,0.8,0.4,309057028,,171,0,3,,,0.0007408826906875425
559,PATCH,1000,2,0.3,0.3,0.8,0.4,309057028,,160,0,3,,,0.0007720080790037933
560,PATCH,1000,2,0.3,0.3,0.8,0.4,309057028,,706,0,4,,,0.000978480050574486
561,PATCH,1000,2,0.3,0.3,0.8,0.4,309057028,,492,0,2,,,0.0005954994772221135
562,PATCH,1000,2,0.3,0.3,0.8,0.4,309057028,,434,0,2,,,0.0005518675078212802
563,PATCH,1000,2,0.3,0.3,0.8,0.4,309057028,,117,0,6,,,0.00142656263081829
564,PATCH,1000,2,0.3,0.3,0.8,0.4,309057028,,222,0,3,,,0.0007938941085857692
565,PATCH,1000,2,0.3,0.3,0.8,0.4,309057028,,485,0,2,,,0.0005208487802467682
566,PATCH,1000,2,0.3,0.3,0.8,0.4,309057028,,205,0,3,,,0.0007704672278174702
567,PATCH,1000,2,0.3,0.3,0.8,0.4,309057028,,717,0,4,,,0.0010686672905924842
568,PATCH,1000,2,0.3,0.3,0.8,0.4,309057028,,811,0,3,,,0.0007951119738102655
569,PATCH,1000,2,0.3,0.3,0.8,0.4,309057028,,135,0,3,,,0.0007295259923478098
570,PATCH,1000,2,0.3,0.3,0.8,0.4,309057028,,483,0,3,,,0.0008262723159037275
571,PATCH,1000,2,0.3,0.3,0.8,0.4,309057028,,865,0,2,,,0.0005464714319617282
572,PATCH,1000,2,0.3,0.3,0.8,0.4,309057028,,410,0,3,,,0.0007944926229721896
573,PATCH,1000,2,0.3,0.3,0.8,0.4,309057028,,279,0,2,,,0.0005470124397158742
574,PATCH,1000,2,0.3,0.3,0.8,0.4,309057028,,958,0,2,,,0.0006004115196724985
575,PATCH,1000,2,0.3,0.3,0.8,0.4,309057028,,700,0,2,,,0.0005783931798966353
576,PATCH,1000,2,0.3,0.3,0.8,0.4,309057028,,488,0,3,,,0.0007563395850663932
577,PATCH,1000,2,0.3,0.3,0.8,0.4,309057028,,802,0,2,,,0.000589286987651618
578,PATCH,1000,2,0.3,0.3,0.8,0.4,309057028,,220,0,3,,,0.0007737352994199995
579,PATCH,1000,2,0.3,0.3,0.8,0.4,309057028,,452,0,2,,,0.0005369138496934909
580,PATCH,1000,2,0.3,0.3,0.8,0.4,309057028,,966,0,2,,,0.0006075714698001604
581,PATCH,1000,2,0.3,0.3,0.8,0.4,309057028,,425,0,2,,,0.0005553924766021814
582,PATCH,1000,2,0.3,0.3,0.8,0.4,309057028,,644,0,2,,,0.0005593869747769245
583,PATCH,1000,2,0.3,0.3,0.8,0.4,309057028,,780,0,2,,,0.000602666133519969
584,PATCH,1000,2,0.3,0.3,0.8,0.4,309057028,,657,0,2,,,0.000557288669952645
585,PATCH,1000,2,0.3,0.3,0.8,0.4,309057028,,629,0,3,,,0.0007741777199341687
586,PATCH,1000,2,0.3,0.3,0.8,0.4,309057028,,679,0,2,,,0.0005639263823540202
587,PATCH,1000,2,0.3,0.3,0.8,0.4,309057028,,760,0,3,,,0.0007873074911975085
588,PATCH,1000,2,0.3,0.3,0.8,0.4,309057028,,32,0,22,,,0.004779010482188945
589,PATCH,1000,2,0.3,0.3,0.8,0.4,309057028,,466,0,4,,,0.0010132922756045607
590,PATCH,1000,2,0.3,0.3,0.8,0.4,309057028,,24,0,15,,,0.0033454380733309694
591,PATCH,1000,2,0.3,0.3,0.8,0.4,309057028,,776,0,3,,,0.0007890839472856919
592,PATCH,1000,2,0.3,0.3,0.8,0.4,309057028,,230,0,5,,,0.0012274648232197382
593,PATCH,1000,2,0.3,0.3,0.8,0.4,309057028,,771,0,3,,,0.0007738544275119238
594,PATCH,1000,2,0.3,0.3,0.8,0.4,309057028,,360,0,7,,,0.0017225456313638132
595,PATCH,1000,2,0.3,0.3,0.8,0.4,309057028,,269,0,2,,,0.0005712638553635597
596,PATCH,1000,2,0.3,0.3,0.8,0.4,309057028,,906,0,2,,,0.0006059486013523163
597,PATCH,1000,2,0.3,0.3,0.8,0.4,309057028,,457,0,3,,,0.0007728521339072588
598,PATCH,1000,2,0.3,0.3,0.8,0.4,309057028,,397,0,2,,,0.0005141666470094476
599,PATCH,1000,2,0.3,0.3,0.8,0.4,309057028,,199,0,7,,,0.0017107381260959864
600,PATCH,1000,2,0.3,0.3,0.8,0.4,309057028,,742,0,2,,,0.0005842128886680875
601,PATCH,1000,2,0.3,0.3,0.8,0.4,309057028,,321,0,2,,,0.0005649314581147204
602,PATCH,1000,2,0.3,0.3,0.8,0.4,309057028,,315,0,4,,,0.001005311400622555
603,PATCH,1000,2,0.3,0.3,0.8,0.4,309057028,,116,0,2,,,0.0005263415853981027
604,PATCH,1000,2,0.3,0.3,0.8,0.4,309057028,,389,0,2,,,0.0005520448102639676
605,PATCH,1000,2,0.3,0.3,0.8,0.4,309057028,,287,0,2,,,0.0005287216383726792
606,PATCH,1000,2,0.3,0.3,0.8,0.4,309057028,,554,0,5,,,0.0012838159206630495
607,PATCH,1000,2,0.3,0.3,0.8,0.4,309057028,,183,0,2,,,0.0005271265254021574
608,PATCH,1000,2,0.3,0.3,0.8,0.4,309057028,,401,0,2,,,0.0005483945844156143
609,PATCH,1000,2,0.3,0.3,0.8,0.4,309057028,,337,0,2,,,0.0005311281785428746
610,PATCH,1000,2,0.3,0.3,0.8,0.4,309057028,,841,0,3,,,0.0008035169874022353
611,PATCH,1000,2,0.3,0.3,0.8,0.4,309057028,,365,0,3,,,0.0007890844394951524
612,PATCH,1000,2,0.3,0.3,0.8,0.4,309057028,,810,0,4,,,0.0011121782888412022
613,PATCH,1000,2,0.3,0.3,0.8,0.4,309057028,,71,0,5,,,0.0011673720450031543
614,PATCH,1000,2,0.3,0.3,0.8,0.4,309057028,,73,0,8,,,0.0018807280504190046
615,PATCH,1000,2,0.3,0.3,0.8,0.4,309057028,,743,0,4,,,0.0010509091102958675
616,PATCH,1000,2,0.3,0.3,0.8,0.4,309057028,,311,0,3,,,0.0008255555523335293
617,PATCH,1000,2,0.3,0.3,0.8,0.4,309057028,,970,0,2,,,0.0005263730873828303
618,PATCH,1000,2,0.3,0.3,0.8,0.4,309057028,,513,0,3,,,0.0008175969481617657
619,PATCH,1000,2,0.3,0.3,0.8,0.4,309057028,,40,0,13,,,0.0028948118886055543
620,PATCH,1000,2,0.3,0.3,0.8,0.4,309057028,,945,0,2,,,0.0005640527423758381
621,PATCH,1000,2,0.3,0.3,0.8,0.4,309057028,,745,0,4,,,0.001033332588648528
622,PATCH,1000,2,0.3,0.3,0.8,0.4,309057028,,202,0,3,,,0.0007890049199172881
623,PATCH,1000,2,0.3,0.3,0.8,0.4,309057028,,749,0,5,,,0.0012683243842159099
624,PATCH,1000,2,0.3,0.3,0.8,0.4,309057028,,630,0,2,,,0.0005195715858345231
625,PATCH,1000,2,0.3,0.3,0.8,0.4,309057028,,330,0,6,,,0.0014756059213700634
626,PATCH,1000,2,0.3,0.3,0.8,0.4,309057028,,614,0,2,,,0.0005150429151696746
627,PATCH,1000,2,0.3,0.3,0.8,0.4,309057028,,846,0,3,,,0.0008013760204322839
628,PATCH,1000,2,0.3,0.3,0.8,0.4,309057028,,744,0,5,,,0.0012791651257820355
629,PATCH,1000,2,0.3,0.3,0.8,0.4,309057028,,481,0,2,,,0.0005493604006086103
630,PATCH,1000,2,0.3,0.3,0.8,0.4,309057028,,282,0,8,,,0.0019092141284407678
631,PATCH,1000,2,0.3,0.3,0.8,0.4,309057028,,357,0,2,,,0.0005267608728541174
632,PATCH,1000,2,0.3,0.3,0.8,0.4,309057028,,560,0,2,,,0.0005318703355888259
633,PATCH,1000,2,0.3,0.3,0.8,0.4,309057028,,778,0,2,,,0.0005383389781322199
634,PATCH,1000,2,0.3,0.3,0.8,0.4,309057028,,491,0,5,,,0.0012051722449439284
635,PATCH,1000,2,0.3,0.3,0.8,0.4,309057028,,46,0,3,,,0.0007734190592167133
636,PATCH,1000,2,0.3,0.3,0.8,0.4,309057028,,253,0,2,,,0.0005130425596960285
637,PATCH,1000,2,0.3,0.3,0.8,0.4,309057028,,740,0,2,,,0.0005520547170981797
638,PATCH,1000,2,0.3,0.3,0.8,0.4,309057028,,933,0,2,,,0.0005539488232879365
639,PATCH,1000,2,0.3,0.3,0.8,0.4,309057028,,979,0,2,,,0.0005524209253535768
640,PATCH,1000,2,0.3,0.3,0.8,0.4,309057028,,818,0,3,,,0.0007782777866188875
641,PATCH,1000,2,0.3,0.3,0.8,0.4,309057028,,634,0,2,,,0.0005678332693802813
642,PATCH,1000,2,0.3,0.3,0.8,0.4,309057028,,21,0,14,,,0.0030804464036823776
643,PATCH,1000,2,0.3,0.3,0.8,0.4,309057028,,870,0,2,,,0.0005250985604024573
644,PATCH,1000,2,0.3,0.3,0.8,0.4,309057028,,565,0,2,,,0.0005695271404342751
645,PATCH,1000,2,0.3,0.3,0.8,0.4,309057028,,814,0,2,,,0.0005555804125534224
646,PATCH,1000,2,0.3,0.3,0.8,0.4,309057028,,238,0,9,,,0.002167058013636843
647,PATCH,1000,2,0.3,0.3,0.8,0.4,309057028,,324,0,2,,,0.0005826313113653731
648,PATCH,1000,2,0.3,0.3,0.8,0.4,309057028,,897,0,2,,,0.0005781898481100651
649,PATCH,1000,2,0.3,0.3,0.8,0.4,309057028,,146,0,8,,,0.001991439392684758
650,PATCH,1000,2,0.3,0.3,0.8,0.4,309057028,,262,0,3,,,0.0008078168233339585
651,PATCH,1000,2,0.3,0.3,0.8,0.4,309057028,,504,0,3,,,0.0008142396480777192
652,PATCH,1000,2,0.3,0.3,0.8,0.4,309057028,,668,0,2,,,0.0005733968463928193
653,PATCH,1000,2,0.3,0.3,0.8,0.4,309057028,,649,0,2,,,0.000564975853379243
654,PATCH,1000,2,0.3,0.3,0.8,0.4,309057028,,115,0,8,,,0.0018671173360828809
655,PATCH,1000,2,0.3,0.3,0.8,0.4,309057028,,532,0,3,,,0.0007956759089267061
656,PATCH,1000,2,0.3,0.3,0.8,0.4,309057028,,400,0,2,,,0.0005701194767309203
657,PATCH,1000,2,0.3,0.3,0.8,0.4,309057028,,683,0,2,,,0.0005475868485065458
658,PATCH,1000,2,0.3,0.3,0.8,0.4,309057028,,235,0,8,,,0.001881310550138689
659,PATCH,1000,2,0.3,0.3,0.8,0.4,309057028,,29,0,17,,,0.003796469038134323
660,PATCH,1000,2,0.3,0.3,0.8,0.4,309057028,,267,0,5,,,0.0012826726006025322
661,PATCH,1000,2,0.3,0.3,0.8,0.4,309057028,,189,0,8,,,0.0019151893337582097
662,PATCH,1000,2,0.3,0.3,0.8,0.4,309057028,,859,0,3,,,0.0008636435660605482
663,PATCH,1000,2,0.3,0.3,0.8,0.4,309057028,,465,0,2,,,0.0005515889030275528
664,PATCH,1000,2,0.3,0.3,0.8,0.4,309057028,,593,0,3,,,0.0007683733823750841
665,PATCH,1000,2,0.3,0.3,0.8,0.4,309057028,,803,0,2,,,0.0005613285429833266
666,PATCH,1000,2,0.3,0.3,0.8,0.4,309057028,,498,0,5,,,0.0012934481412363978
667,PATCH,1000,2,0.3,0.3,0.8,0.4,309057028,,44,0,9,,,0.0020655695807306968
668,PATCH,1000,2,0.3,0.3,0.8,0.4,309057028,,919,0,2,,,0.0005375716412339795
669,PATCH,1000,2,0.3,0.3,0.8,0.4,309057028,,217,0,2,,,0.0005414308217831981
670,PATCH,1000,2,0.3,0.3,0.8,0.4,309057028,,501,0,2,,,0.0005486452087169045
671,PATCH,1000,2,0.3,0.3,0.8,0.4,309057028,,460,0,2,,,0.0005421380200925241
672,PATCH,1000,2,0.3,0.3,0.8,0.4,309057028,,688,0,2,,,0.0005425374871430851
673,PATCH,1000,2,0.3,0.3,0.8,0.4,309057028,,511,0,2,,,0.0005838491768703822
674,PATCH,1000,2,0.3,0.3,0.8,0.4,309057028,,292,0,2,,,0.0005259555608713077
675,PATCH,1000,2,0.3,0.3,0.8,0.4,309057028,,428,0,4,,,0.0009558671082882736
676,PATCH,1000,2,0.3,0.3,0.8,0.4,309057028,,949,0,2,,,0.000612324954177864
677,PATCH,1000,2,0.3,0.3,0.8,0.4,309057028,,779,0,2,,,0.0006147405276424469
678,PATCH,1000,2,0.3,0.3,0.8,0.4,309057028,,87,0,4,,,0.0009896210271079608
679,PATCH,1000,2,0.3,0.3,0.8,0.4,309057028,,694,0,2,,,0.0005787872361539569
680,PATCH,1000,2,0.3,0.3,0.8,0.4,309057028,,294,0,5,,,0.0012341897722382331
681,PATCH,1000,2,0.3,0.3,0.8,0.4,309057028,,682,0,4,,,0.0010051383414343802
682,PATCH,1000,2,0.3,0.3,0.8,0.4,309057028,,926,0,2,,,0.000598327552098313
683,PATCH,1000,2,0.3,0.3,0.8,0.4,309057028,,987,0,2,,,0.000579338127608777
684,PATCH,1000,2,0.3,0.3,0.8,0.4,309057028,,133,0,4,,,0.0010296206743898259
685,PATCH,1000,2,0.3,0.3,0.8,0.4,309057028,,721,0,5,,,0.0013127005526454882
686,PATCH,1000,2,0.3,0.3,0.8,0.4,309057028,,640,0,3,,,0.0007737421008589372
687,PATCH,1000,2,0.3,0.3,0.8,0.4,309057028,,260,0,3,,,0.0007718884282968009
688,PATCH,1000,2,0.3,0.3,0.8,0.4,309057028,,590,0,3,,,0.0007710660323610323
689,PATCH,1000,2,0.3,0.3,0.8,0.4,309057028,,307,0,5,,,0.001273553656110974
690,PATCH,1000,2,0.3,0.3,0.8,0.4,309057028,,459,0,7,,,0.0017592577300718005
691,PATCH,1000,2,0.3,0.3,0.8,0.4,309057028,,965,0,2,,,0.0006162129261415004
692,PATCH,1000,2,0.3,0.3,0.8,0.4,309057028,,3,0,6,,,0.0013554281814181933
693,PATCH,1000,2,0.3,0.3,0.8,0.4,309057028,,284,0,3,,,0.0008033886935947503
694,PATCH,1000,2,0.3,0.3,0.8,0.4,309057028,,16,0,34,,,0.007345602787068425
695,PATCH,1000,2,0.3,0.3,0.8,0.4,309057028,,738,0,2,,,0.0006156474166750506
696,PATCH,1000,2,0.3,0.3,0.8,0.4,309057028,,667,0,3,,,0.0008161189333073787
697,PATCH,1000,2,0.3,0.3,0.8,0.4,309057028,,363,0,2,,,0.0005636742084644942
698,PATCH,1000,2,0.3,0.3,0.8,0.4,309057028,,458,0,2,,,0.0005478331143943819
699,PATCH,1000,2,0.3,0.3,0.8,0.4,309057028,,6,0,35,,,0.007433447561568883
700,PATCH,1000,2,0.3,0.3,0.8,0.4,309057028,,552,1,4,,,0.0010127457919758202
701,PATCH,1000,2,0.3,0.3,0.8,0.4,309057028,,664,1,2,,,0.0005970019422318927
702,PATCH,1000,2,0.3,0.3,0.8,0.4,309057028,,616,1,3,,,0.000843599788984487
703,PATCH,1000,2,0.3,0.3,0.8,0.4,309057028,,427,1,7,,,0.0017142471597319908
704,PATCH,1000,2,0.3,0.3,0.8,0.4,309057028,,478,1,3,,,0.0007456753445659028
705,PATCH,1000,2,0.3,0.3,0.8,0.4,309057028,,94,1,2,,,0.0005137956744892187
706,PATCH,1000,2,0.3,0.3,0.8,0.4,309057028,,922,1,3,,,0.0008524723028086184
707,PATCH,1000,2,0.3,0.3,0.8,0.4,309057028,,278,1,3,,,0.0007953311682368122
708,PATCH,1000,2,0.3,0.3,0.8,0.4,309057028,,872,1,2,,,0.0005427055470927428
709,PATCH,1000,2,0.3,0.3,0.8,0.4,309057028,,588,1,2,,,0.0005791922284049789
710,PATCH,1000,2,0.3,0.3,0.8,0.4,309057028,,323,1,6,,,0.0014115050844728256
711,PATCH,1000,2,0.3,0.3,0.8,0.4,309057028,,82,1,7,,,0.0016636383869006247
712,PATCH,1000,2,0.3,0.3,0.8,0.4,309057028,,228,1,3,,,0.0007959014838490641
713,PATCH,1000,2,0.3,0.3,0.8,0.4,309057028,,833,1,5,,,0.0013233186911565573
714,PATCH,1000,2,0.3,0.3,0.8,0.4,309057028,,548,1,2,,,0.0005279594419298767
715,PATCH,1000,2,0.3,0.3,0.8,0.4,309057028,,723,1,2,,,0.0005961296138606356
716,PATCH,1000,2,0.3,0.3,0.8,0.4,309057028,,929,1,3,,,0.0008882769522708186
717,PATCH,1000,2,0.3,0.3,0.8,0.4,309057028,,824,1,4,,,0.0010868847720762378
718,PATCH,1000,2,0.3,0.3,0.8,0.4,309057028,,98,1,2,,,0.0005150656637889996
719,PATCH,1000,2,0.3,0.3,0.8,0.4,309057028,,912,1,2,,,0.0005609828241586905
720,PATCH,1000,2,0.3,0.3,0.8,0.4,309057028,,37,1,5,,,0.0011475148039315811
721,PATCH,1000,2,0.3,0.3,0.8,0.4,309057028,,503,1,2,,,0.0005243115497135767
722,PATCH,1000,2,0.3,0.3,0.8,0.4,309057028,,861,1,2,,,0.0005537906734083859
723,PATCH,1000,2,0.3,0.3,0.8,0.4,309057028,,596,1,2,,,0.0005622987275731967
724,PATCH,1000,2,0.3,0.3,0.8,0.4,309057028,,619,1,2,,,0.0005541481925931196
725,PATCH,1000,2,0.3,0.3,0.8,0.4,309057028,,624,1,2,,,0.000554425275834174
726,PATCH,1000,2,0.3,0.3,0.8,0.4,309057028,,263,1,4,,,0.0010215282050472516
727,PATCH,1000,2,0.3,0.3,0.8,0.4,309057028,,468,1,2,,,0.0005578403368719758
728,PATCH,1000,2,0.3,0.3,0.8,0.4,309057028,,597,1,3,,,0.0008183601751871933
729,PATCH,1000,2,0.3,0.3,0.8,0.4,309057028,,801,1,3,,,0.0007711063967499391
730,PATCH,1000,2,0.3,0.3,0.8,0.4,309057028,,928,1,3,,,0.0007959511782821377
731,PATCH,1000,2,0.3,0.3,0.8,0.4,309057028,,569,1,2,,,0.0005912822566907121
732,PATCH,1000,2,0.3,0.3,0.8,0.4,309057028,,837,1,3,,,0.0008199713536890143
733,PATCH,1000,2,0.3,0.3,0.8,0.4,309057028,,622,1,2,,,0.0005783651324488871
734,PATCH,1000,2,0.3,0.3,0.8,0.4,309057028,,798,1,4,,,0.0010819442007318095
735,PATCH,1000,2,0.3,0.3,0.8,0.4,309057028,,184,1,3,,,0.0008037277731034421
736,PATCH,1000,2,0.3,0.3,0.8,0.4,309057028,,878,1,2,,,0.0005839306371701096
737,PATCH,1000,2,0.3,0.3,0.8,0.4,309057028,,983,1,2,,,0.0005839297036779646
738,PATCH,1000,2,0.3,0.3,0.8,0.4,309057028,,298,1,7,,,0.0016753098895114095
739,PATCH,1000,2,0.3,0.3,0.8,0.4,309057028,,526,1,2,,,0.0005679971987494569
740,PATCH,1000,2,0.3,0.3,0.8,0.4,309057028,,691,1,2,,,0.0006112674916432419
741,PATCH,1000,2,0.3,0.3,0.8,0.4,309057028,,911,1,2,,,0.0005566102699423251
742,PATCH,1000,2,0.3,0.3,0.8,0.4,309057028,,130,1,2,,,0.000523587730113858
743,PATCH,1000,2,0.3,0.3,0.8,0.4,309057028,,820,1,3,,,0.0008072802960090977
744,PATCH,1000,2,0.3,0.3,0.8,0.4,309057028,,51,1,10,,,0.0022439867156951155
745,PATCH,1000,2,0.3,0.3,0.8,0.4,309057028,,934,1,2,,,0.0005844028496313033
746,PATCH,1000,2,0.3,0.3,0.8,0.4,309057028,,327,1,2,,,0.0005450935456963696
747,PATCH,1000,2,0.3,0.3,0.8,0.4,309057028,,643,1,2,,,0.0006156755676944172
748,PATCH,1000,2,0.3,0.3,0.8,0.4,309057028,,0,1,26,,,0.005548773182610016
749,PATCH,1000,2,0.3,0.3,0.8,0.4,309057028,,5,1,38,,,0.008271327863739191
750,PATCH,1000,2,0.3,0.3,0.8,0.4,309057028,,725,1,3,,,0.0007947563538848144
751,PATCH,1000,2,0.3,0.3,0.8,0.4,309057028,,727,1,2,,,0.0005605623033184761
752,PATCH,1000,2,0.3,0.3,0.8,0.4,309057028,,399,1,3,,,0.0007845511952624634
753,PATCH,1000,2,0.3,0.3,0.8,0.4,309057028,,290,1,5,,,0.0012591186808891004
754,PATCH,1000,2,0.3,0.3,0.8,0.4,309057028,,914,1,2,,,0.0005794627074941227
755,PATCH,1000,2,0.3,0.3,0.8,0.4,309057028,,581,1,2,,,0.0005410130084296883
756,PATCH,1000,2,0.3,0.3,0.8,0.4,309057028,,191,1,2,,,0.0005232807600277313
757,PATCH,1000,2,0.3,0.3,0.8,0.4,309057028,,772,1,2,,,0.0005502587324647168
758,PATCH,1000,2,0.3,0.3,0.8,0.4,309057028,,197,1,3,,,0.0007946299329618225
759,PATCH,1000,2,0.3,0.3,0.8,0.4,309057028,,432,1,2,,,0.0005774368478761122
760,PATCH,1000,2,0.3,0.3,0.8,0.4,309057028,,726,1,2,,,0.000589195314118293
761,PATCH,1000,2,0.3,0.3,0.8,0.4,309057028,,540,1,3,,,0.0008081008920150839
762,PATCH,1000,2,0.3,0.3,0.8,0.4,309057028,,281,1,2,,,0.0005537189948173928
763,PATCH,1000,2,0.3,0.3,0.8,0.4,309057028,,684,1,2,,,0.0005541796185542468
764,PATCH,1000,2,0.3,0.3,0.8,0.4,309057028,,163,1,6,,,0.0014259565042989346
765,PATCH,1000,2,0.3,0.3,0.8,0.4,309057028,,422,1,2,,,0.0005341768338785004
766,PATCH,1000,2,0.3,0.3,0.8,0.4,309057028,,932,1,2,,,0.000574182449709686
767,PATCH,1000,2,0.3,0.3,0.8,0.4,309057028,,212,1,6,,,0.0014131179468183765
768,PATCH,1000,2,0.3,0.3,0.8,0.4,309057028,,693,1,3,,,0.0007942365551523117
769,PATCH,1000,2,0.3,0.3,0.8,0.4,309057028,,615,1,2,,,0.000525089263897945
770,PATCH,1000,2,0.3,0.3,0.8,0.4,309057028,,690,1,2,,,0.0005410248744395219
771,PATCH,1000,2,0.3,0.3,0.8,0.4,309057028,,118,1,11,,,0.0025511477389002966
772,PATCH,1000,2,0.3,0.3,0.8,0.4,309057028,,200,1,4,,,0.0009996686187393616
773,PATCH,1000,2,0.3,0.3,0.8,0.4,309057028,,124,1,10,,,0.002318371731179997
774,PATCH,1000,2,0.3,0.3,0.8,0.4,309057028,,571,1,3,,,0.0007867184936838404
775,PATCH,1000,2,0.3,0.3,0.8,0.4,309057028,,257,1,3,,,0.000738773132725854
776,PATCH,1000,2,0.3,0.3,0.8,0.4,309057028,,409,1,4,,,0.0009646744797711914
777,PATCH,1000,2,0.3,0.3,0.8,0.4,309057028,,815,1,4,,,0.0010877710343737538
778,PATCH,1000,2,0.3,0.3,0.8,0.4,309057028,,318,1,5,,,0.0011815485889875045
779,PATCH,1000,2,0.3,0.3,0.8,0.4,309057028,,509,1,3,,,0.0008122229124816836
780,PATCH,1000,2,0.3,0.3,0.8,0.4,309057028,,606,1,4,,,0.0010523210469846592
781,PATCH,1000,2,0.3,0.3,0.8,0.4,309057028,,283,1,4,,,0.0010146755519562386
782,PATCH,1000,2,0.3,0.3,0.8,0.4,309057028,,823,1,3,,,0.0008299411956936312
783,PATCH,1000,2,0.3,0.3,0.8,0.4,309057028,,453,1,2,,,0.0005354214770693368
784,PATCH,1000,2,0.3,0.3,0.8,0.4,309057028,,885,1,4,,,0.0010264986611433573
785,PATCH,1000,2,0.3,0.3,0.8,0.4,309057028,,166,1,4,,,0.00101487846459538
786,PATCH,1000,2,0.3,0.3,0.8,0.4,309057028,,62,1,13,,,0.002881221374666876
787,PATCH,1000,2,0.3,0.3,0.8,0.4,309057028,,303,1,4,,,0.0010069682320393684
788,PATCH,1000,2,0.3,0.3,0.8,0.4,309057028,,442,1,2,,,0.000536008098099501
789,PATCH,1000,2,0.3,0.3,0.8,0.4,309057028,,654,1,2,,,0.0005447374505475126
790,PATCH,1000,2,0.3,0.3,0.8,0.4,309057028,,988,1,2,,,0.0006167333281472959
791,PATCH,1000,2,0.3,0.3,0.8,0.4,309057028,,416,1,4,,,0.0009964237616492699
792,PATCH,1000,2,0.3,0.3,0.8,0.4,309057028,,735,1,2,,,0.0005791099594545133
793,PATCH,1000,2,0.3,0.3,0.8,0.4,309057028,,759,1,2,,,0.0005960867590992816
794,PATCH,1000,2,0.3,0.3,0.8,0.4,309057028,,602,1,3,,,0.0007540182492153548
795,PATCH,1000,2,0.3,0.3,0.8,0.4,309057028,,586,1,2,,,0.0005521388759521626
796,PATCH,1000,2,0.3,0.3,0.8,0.4,309057028,,137,1,6,,,0.0014376252589165318
797,PATCH,1000,2,0.3,0.3,0.8,0.4,309057028,,33,1,10,,,0.002345831304885294
798,PATCH,1000,2,0.3,0.3,0.8,0.4,309057028,,165,1,6,,,0.0013948161711908136
799,PATCH,1000,2,0.3,0.3,0.8,0.4,309057028,,30,1,10,,,0.002276268137730097
800,PATCH,1000,2,0.3,0.3,0.8,0.4,309057028,,864,1,2,,,0.0005821686166949539
801,PATCH,1000,2,0.3,0.3,0.8,0.4,309057028,,789,1,2,,,0.0005438677124712346
802,PATCH,1000,2,0.3,0.3,0.8,0.4,309057028,,876,1,2,,,0.0005379534114545112
803,PATCH,1000,2,0.3,0.3,0.8,0.4,309057028,,990,1,2,,,0.0006175140006485262
804,PATCH,1000,2,0.3,0.3,0.8,0.4,309057028,,182,1,4,,,0.0010131835005398506
805,PATCH,1000,2,0.3,0.3,0.8,0.4,309057028,,959,1,2,,,0.0005787801886807317
806,PATCH,1000,2,0.3,0.3,0.8,0.4,309057028,,786,1,3,,,0.0008339300845065149
807,PATCH,1000,2,0.3,0.3,0.8,0.4,309057028,,972,1,2,,,0.0005743131442300269
808,PATCH,1000,2,0.3,0.3,0.8,0.4,309057028,,66,1,6,,,0.0014035341892292754
809,PATCH,1000,2,0.3,0.3,0.8,0.4,309057028,,446,1,3,,,0.0008348903987341135
810,PATCH,1000,2,0.3,0.3,0.8,0.4,309057028,,579,1,2,,,0.0005925584064983716
811,PATCH,1000,2,0.3,0.3,0.8,0.4,309057028,,80,1,5,,,0.001199273807030327
812,PATCH,1000,2,0.3,0.3,0.8,0.4,309057028,,63,1,8,,,0.0018349819538823735
813,PATCH,1000,2,0.3,0.3,0.8,0.4,309057028,,527,1,2,,,0.000535029108405587
814,PATCH,1000,2,0.3,0.3,0.8,0.4,309057028,,950,1,2,,,0.000552859590821696
815,PATCH,1000,2,0.3,0.3,0.8,0.4,309057028,,65,1,7,,,0.0016491853287902512
816,PATCH,1000,2,0.3,0.3,0.8,0.4,309057028,,232,1,4,,,0.0010414415128055245
817,PATCH,1000,2,0.3,0.3,0.8,0.4,309057028,,896,1,2,,,0.0006006199100083867
818,PATCH,1000,2,0.3,0.3,0.8,0.4,309057028,,673,1,2,,,0.0005891054848556772
819,PATCH,1000,2,0.3,0.3,0.8,0.4,309057028,,905,1,2,,,0.0006002867330977101
820,PATCH,1000,2,0.3,0.3,0.8,0.4,309057028,,857,1,2,,,0.0005832368553312699
821,PATCH,1000,2,0.3,0.3,0.8,0.4,309057028,,316,1,3,,,0.0007920475685808246
822,PATCH,1000,2,0.3,0.3,0.8,0.4,309057028,,531,1,3,,,0.0007646902616644666
823,PATCH,1000,2,0.3,0.3,0.8,0.4,309057028,,582,1,2,,,0.0005437799998564436
824,PATCH,1000,2,0.3,0.3,0.8,0.4,309057028,,467,1,2,,,0.0005796222795194767
825,PATCH,1000,2,0.3,0.3,0.8,0.4,309057028,,215,1,4,,,0.0010126145012888802
826,PATCH,1000,2,0.3,0.3,0.8,0.4,309057028,,651,1,2,,,0.0005296166238445076
827,PATCH,1000,2,0.3,0.3,0.8,0.4,309057028,,335,1,4,,,0.0010332764507738658
828,PATCH,1000,2,0.3,0.3,0.8,0.4,309057028,,364,1,3,,,0.0007945274682724767
829,PATCH,1000,2,0.3,0.3,0.8,0.4,309057028,,800,1,2,,,0.0005809786282959716
830,PATCH,1000,2,0.3,0.3,0.8,0.4,309057028,,349,1,2,,,0.0005611020159845112
831,PATCH,1000,2,0.3,0.3,0.8,0.4,309057028,,187,1,4,,,0.001028115779380299
832,PATCH,1000,2,0.3,0.3,0.8,0.4,309057028,,176,1,7,,,0.001655775181295203
833,PATCH,1000,2,0.3,0.3,0.8,0.4,309057028,,847,1,2,,,0.000575098678582986
834,PATCH,1000,2,0.3,0.3,0.8,0.4,309057028,,172,1,4,,,0.0010172276554132552
835,PATCH,1000,2,0.3,0.3,0.8,0.4,309057028,,550,1,2,,,0.0005551070715647213
836,PATCH,1000,2,0.3,0.3,0.8,0.4,309057028,,546,1,3,,,0.0007996870824577801
837,PATCH,1000,2,0.3,0.3,0.8,0.4,309057028,,471,1,2,,,0.0005679660161755794
838,PATCH,1000,2,0.3,0.3,0.8,0.4,309057028,,28,1,25,,,0.005531513575747036
839,PATCH,1000,2,0.3,0.3,0.8,0.4,309057028,,829,1,2,,,0.0005533753354276521
840,PATCH,1000,2,0.3,0.3,0.8,0.4,309057028,,925,1,2,,,0.0005697906624706807
841,PATCH,1000,2,0.3,0.3,0.8,0.4,309057028,,660,1,2,,,0.0005689055889385939
842,PATCH,1000,2,0.3,0.3,0.8,0.4,309057028,,17,1,11,,,0.002479650500269248
843,PATCH,1000,2,0.3,0.3,0.8,0.4,309057028,,31,1,17,,,0.003861455489560489
844,PATCH,1000,2,0.3,0.3,0.8,0.4,309057028,,941,1,2,,,0.0006213881044753438
845,PATCH,1000,2,0.3,0.3,0.8,0.4,309057028,,968,1,2,,,0.000618655978075576
846,PATCH,1000,2,0.3,0.3,0.8,0.4,309057028,,322,1,2,,,0.0005328962205693542
847,PATCH,1000,2,0.3,0.3,0.8,0.4,309057028,,600,1,2,,,0.0005631508509581923
848,PATCH,1000,2,0.3,0.3,0.8,0.4,309057028,,850,1,2,,,0.0006068712331160844
849,PATCH,1000,2,0.3,0.3,0.8,0.4,309057028,,916,1,2,,,0.0005768002627333018
850,PATCH,1000,2,0.3,0.3,0.8,0.4,309057028,,577,1,3,,,0.0008275635332183273
851,PATCH,1000,2,0.3,0.3,0.8,0.4,309057028,,886,1,2,,,0.0005862251241959953
852,PATCH,1000,2,0.3,0.3,0.8,0.4,309057028,,168,1,2,,,0.0005265067944905512
853,PATCH,1000,2,0.3,0.3,0.8,0.4,309057028,,194,1,4,,,0.0010137324322030247
854,PATCH,1000,2,0.3,0.3,0.8,0.4,309057028,,555,1,2,,,0.0005525037357272288
855,PATCH,1000,2,0.3,0.3,0.8,0.4,309057028,,384,1,2,,,0.0005347341778536107
856,PATCH,1000,2,0.3,0.3,0.8,0.4,309057028,,910,1,2,,,0.0006016361316164846
857,PATCH,1000,2,0.3,0.3,0.8,0.4,309057028,,502,1,2,,,0.0005836835772351906
858,PATCH,1000,2,0.3,0.3,0.8,0.4,309057028,,246,1,4,,,0.0010723943894761672
859,PATCH,1000,2,0.3,0.3,0.8,0.4,309057028,,445,1,2,,,0.0005639477253931763
860,PATCH,1000,2,0.3,0.3,0.8,0.4,309057028,,871,1,2,,,0.0005557751267779736
861,PATCH,1000,2,0.3,0.3,0.8,0.4,309057028,,741,1,4,,,0.001042163572544546
862,PATCH,1000,2,0.3,0.3,0.8,0.4,309057028,,851,1,2,,,0.0005563725005950959
863,PATCH,1000,2,0.3,0.3,0.8,0.4,309057028,,855,1,2,,,0.0005650761708968371
864,PATCH,1000,2,0.3,0.3,0.8,0.4,309057028,,769,1,2,,,0.0005752117762105921
865,PATCH,1000,2,0.3,0.3,0.8,0.4,309057028,,516,1,2,,,0.0005661199129917205
866,PATCH,1000,2,0.3,0.3,0.8,0.4,309057028,,753,1,5,,,0.0012657551069919807
867,PATCH,1000,2,0.3,0.3,0.8,0.4,309057028,,957,1,2,,,0.0006092771111285033
868,PATCH,1000,2,0.3,0.3,0.8,0.4,309057028,,308,1,2,,,0.0005136061310824205
869,PATCH,1000,2,0.3,0.3,0.8,0.4,309057028,,807,1,3,,,0.0007853857556178724
870,PATCH,1000,2,0.3,0.3,0.8,0.4,309057028,,854,1,4,,,0.0010315340680288189
871,PATCH,1000,2,0.3,0.3,0.8,0.4,309057028,,482,1,2,,,0.0005465409717694086
872,PATCH,1000,2,0.3,0.3,0.8,0.4,309057028,,783,1,2,,,0.0005505585902656532
873,PATCH,1000,2,0.3,0.3,0.8,0.4,309057028,,411,1,3,,,0.0007634638553415538
874,PATCH,1000,2,0.3,0.3,0.8,0.4,309057028,,494,1,2,,,0.0005826124950140558
875,PATCH,1000,2,0.3,0.3,0.8,0.4,309057028,,967,1,2,,,0.0005801287912393085
876,PATCH,1000,2,0.3,0.3,0.8,0.4,309057028,,834,1,2,,,0.0005834853265893078
877,PATCH,1000,2,0.3,0.3,0.8,0.4,309057028,,54,1,7,,,0.00163200383781443
878,PATCH,1000,2,0.3,0.3,0.8,0.4,309057028,,782,1,2,,,0.0005285488412580183
879,PATCH,1000,2,0.3,0.3,0.8,0.4,309057028,,58,1,3,,,0.0007521048880172745
880,PATCH,1000,2,0.3,0.3,0.8,0.4,309057028,,103,1,5,,,0.0012294677424141952
881,PATCH,1000,2,0.3,0.3,0.8,0.4,309057028,,240,1,5,,,0.0011829065751434952
882,PATCH,1000,2,0.3,0.3,0.8,0.4,309057028,,840,1,2,,,0.0005457106470400954
883,PATCH,1000,2,0.3,0.3,0.8,0.4,309057028,,78,1,15,,,0.0033105465693490355
884,PATCH,1000,2,0.3,0.3,0.8,0.4,309057028,,642,1,3,,,0.0008215291634717371
885,PATCH,1000,2,0.3,0.3,0.8,0.4,309057028,,248,1,2,,,0.0005393615097374463
886,PATCH,1000,2,0.3,0.3,0.8,0.4,309057028,,806,1,2,,,0.0006051354803472411
887,PATCH,1000,2,0.3,0.3,0.8,0.4,309057028,,67,1,13,,,0.0029483181271627483
888,PATCH,1000,2,0.3,0.3,0.8,0.4,309057028,,703,1,3,,,0.0007670046535564658
889,PATCH,1000,2,0.3,0.3,0.8,0.4,309057028,,638,1,3,,,0.0008260783140978588
890,PATCH,1000,2,0.3,0.3,0.8,0.4,309057028,,994,1,2,,,0.0006394568452059886
891,PATCH,1000,2,0.3,0.3,0.8,0.4,309057028,,93,1,4,,,0.0009431928825346204
892,PATCH,1000,2,0.3,0.3,0.8,0.4,309057028,,456,1,2,,,0.0005753293323728524
893,PATCH,1000,2,0.3,0.3,0.8,0.4,309057028,,500,1,2,,,0.0005555268581017097
894,PATCH,1000,2,0.3,0.3,0.8,0.4,309057028,,151,1,5,,,0.0011604869536046753
895,PATCH,1000,2,0.3,0.3,0.8,0.4,309057028,,344,1,2,,,0.0005421077681113794
896,PATCH,1000,2,0.3,0.3,0.8,0.4,309057028,,343,1,2,,,0.0005809449978421042
897,PATCH,1000,2,0.3,0.3,0.8,0.4,309057028,,951,1,2,,,0.0006192357105108614
898,PATCH,1000,2,0.3,0.3,0.8,0.4,309057028,,528,1,2,,,0.0005695557136315279
899,PATCH,1000,2,0.3,0.3,0.8,0.4,309057028,,266,1,3,,,0.0008240019040692115
900,PATCH,1000,2,0.3,0.3,0.8,0.4,309057028,,538,1,5,,,0.0012235162520682432
901,PATCH,1000,2,0.3,0.3,0.8,0.4,309057028,,512,1,3,,,0.000773489559175747
902,PATCH,1000,2,0.3,0.3,0.8,0.4,309057028,,748,1,2,,,0.0005800738610361975
903,PATCH,1000,2,0.3,0.3,0.8,0.4,309057028,,226,1,4,,,0.0010400752718072754
904,PATCH,1000,2,0.3,0.3,0.8,0.4,309057028,,713,1,4,,,0.0010888783719455104
905,PATCH,1000,2,0.3,0.3,0.8,0.4,309057028,,177,1,2,,,0.000526460974859239
906,PATCH,1000,2,0.3,0.3,0.8,0.4,309057028,,669,1,2,,,0.0005584889821252213
907,PATCH,1000,2,0.3,0.3,0.8,0.4,309057028,,38,1,3,,,0.0007387956962851688
908,PATCH,1000,2,0.3,0.3,0.8,0.4,309057028,,592,1,2,,,0.0005558517292561753
909,PATCH,1000,2,0.3,0.3,0.8,0.4,309057028,,433,1,2,,,0.0005256040916771052
910,PATCH,1000,2,0.3,0.3,0.8,0.4,309057028,,645,1,3,,,0.0007831774742360789
911,PATCH,1000,2,0.3,0.3,0.8,0.4,309057028,,300,1,7,,,0.001703772131724121
912,PATCH,1000,2,0.3,0.3,0.8,0.4,309057028,,352,1,2,,,0.0005532640271185354
913,PATCH,1000,2,0.3,0.3,0.8,0.4,309057028,,608,1,3,,,0.0007575386265452871
914,PATCH,1000,2,0.3,0.3,0.8,0.4,309057028,,236,1,3,,,0.0007929129602953598
915,PATCH,1000,2,0.3,0.3,0.8,0.4,309057028,,131,1,4,,,0.0009686546932323403
916,PATCH,1000,2,0.3,0.3,0.8,0.4,309057028,,448,1,4,,,0.0010336117681411536
917,PATCH,1000,2,0.3,0.3,0.8,0.4,309057028,,576,1,3,,,0.0007789185873363375
918,PATCH,1000,2,0.3,0.3,0.8,0.4,309057028,,558,1,2,,,0.0005451274889832436
919,PATCH,1000,2,0.3,0.3,0.8,0.4,309057028,,768,1,2,,,0.0005675590471662951
920,PATCH,1000,2,0.3,0.3,0.8,0.4,309057028,,233,1,4,,,0.0010179492006189273
921,PATCH,1000,2,0.3,0.3,0.8,0.4,309057028,,561,1,2,,,0.0005174545934925668
922,PATCH,1000,2,0.3,0.3,0.8,0.4,309057028,,781,1,2,,,0.0005733058705053889
923,PATCH,1000,2,0.3,0.3,0.8,0.4,309057028,,346,1,4,,,0.000995785836651934
924,PATCH,1000,2,0.3,0.3,0.8,0.4,309057028,,4,1,20,,,0.004273901543407479
925,PATCH,1000,2,0.3,0.3,0.8,0.4,309057028,,530,1,2,,,0.0005710471287223323
926,PATCH,1000,2,0.3,0.3,0.8,0.4,309057028,,149,1,4,,,0.0010020946428765266
927,PATCH,1000,2,0.3,0.3,0.8,0.4,309057028,,265,1,4,,,0.0010099632056651253
928,PATCH,1000,2,0.3,0.3,0.8,0.4,309057028,,106,1,10,,,0.002393895030005515
929,PATCH,1000,2,0.3,0.3,0.8,0.4,309057028,,641,1,3,,,0.0007847452665034683
930,PATCH,1000,2,0.3,0.3,0.8,0.4,309057028,,420,1,3,,,0.0007772681972283248
931,PATCH,1000,2,0.3,0.3,0.8,0.4,309057028,,647,1,3,,,0.0007837435171070318
932,PATCH,1000,2,0.3,0.3,0.8,0.4,309057028,,646,1,3,,,0.0008241151066427022
933,PATCH,1000,2,0.3,0.3,0.8,0.4,309057028,,541,1,2,,,0.0005642849787449357
934,PATCH,1000,2,0.3,0.3,0.8,0.4,309057028,,377,1,2,,,0.0005204567439505348
935,PATCH,1000,2,0.3,0.3,0.8,0.4,309057028,,562,1,2,,,0.0005463110747144447
936,PATCH,1000,2,0.3,0.3,0.8,0.4,309057028,,252,1,5,,,0.0012567845202818713
937,PATCH,1000,2,0.3,0.3,0.8,0.4,309057028,,198,1,2,,,0.0005535202776659312
938,PATCH,1000,2,0.3,0.3,0.8,0.4,309057028,,849,1,3,,,0.000787478256988355
939,PATCH,1000,2,0.3,0.3,0.8,0.4,309057028,,665,1,2,,,0.000570389275772395
940,PATCH,1000,2,0.3,0.3,0.8,0.4,309057028,,354,1,2,,,0.0005517248284743771
941,PATCH,1000,2,0.3,0.3,0.8,0.4,309057028,,331,1,3,,,0.0007848419082837712
942,PATCH,1000,2,0.3,0.3,0.8,0.4,309057028,,653,1,2,,,0.0005371028195284043
943,PATCH,1000,2,0.3,0.3,0.8,0.4,309057028,,938,1,2,,,0.0005683741098825075
944,PATCH,1000,2,0.3,0.3,0.8,0.4,309057028,,767,1,3,,,0.0008264399330571435
945,PATCH,1000,2,0.3,0.3,0.8,0.4,309057028,,142,1,2,,,0.0005265128374359031
946,PATCH,1000,2,0.3,0.3,0.8,0.4,309057028,,839,1,2,,,0.0005317966099675719
947,PATCH,1000,2,0.3,0.3,0.8,0.4,309057028,,14,1,28,,,0.0060851783470228
948,PATCH,1000,2,0.3,0.3,0.8,0.4,309057028,,887,1,2,,,0.0006041371826395444
949,PATCH,1000,2,0.3,0.3,0.8,0.4,309057028,,604,1,2,,,0.0005741452702278084
950,PATCH,1000,2,0.3,0.3,0.8,0.4,309057028,,894,1,4,,,0.0010346005382081786
951,PATCH,1000,2,0.3,0.3,0.8,0.4,309057028,,722,1,7,,,0.001699700905338073
952,PATCH,1000,2,0.3,0.3,0.8,0.4,309057028,,607,1,2,,,0.0005671010080037682
953,PATCH,1000,2,0.3,0.3,0.8,0.4,309057028,,47,1,6,,,0.0014815801999705776
954,PATCH,1000,2,0.3,0.3,0.8,0.4,309057028,,309,1,5,,,0.0012260509003594717
955,PATCH,1000,2,0.3,0.3,0.8,0.4,309057028,,635,1,2,,,0.0005342381689355835
956,PATCH,1000,2,0.3,0.3,0.8,0.4,309057028,,454,1,6,,,0.0013934006416924313
957,PATCH,1000,2,0.3,0.3,0.8,0.4,309057028,,570,1,2,,,0.0005207268224804361
958,PATCH,1000,2,0.3,0.3,0.8,0.4,309057028,,35,1,11,,,0.0024609346045228572
959,PATCH,1000,2,0.3,0.3,0.8,0.4,309057028,,595,1,2,,,0.0005418366823090464
960,PATCH,1000,2,0.3,0.3,0.8,0.4,309057028,,708,1,5,,,0.0012747498694258548
961,PATCH,1000,2,0.3,0.3,0.8,0.4,309057028,,437,1,2,,,0.0005290702610769924
962,PATCH,1000,2,0.3,0.3,0.8,0.4,309057028,,88,1,5,,,0.0012183057860352079
963,PATCH,1000,2,0.3,0.3,0.8,0.4,309057028,,336,1,5,,,0.0011915861446729176
964,PATCH,1000,2,0.3,0.3,0.8,0.4,309057028,,419,1,5,,,0.0012406623703521626
965,PATCH,1000,2,0.3,0.3,0.8,0.4,309057028,,895,1,2,,,0.0005307847930063858
966,PATCH,1000,2,0.3,0.3,0.8,0.4,309057028,,977,1,2,,,0.0005691342997513195
967,PATCH,1000,2,0.3,0.3,0.8,0.4,309057028,,369,1,3,,,0.0007937297357517416
968,PATCH,1000,2,0.3,0.3,0.8,0.4,309057028,,250,1,3,,,0.0007627452422829127
969,PATCH,1000,2,0.3,0.3,0.8,0.4,309057028,,918,1,2,,,0.0005606248569537878
970,PATCH,1000,2,0.3,0.3,0.8,0.4,309057028,,34,1,8,,,0.0019253800638467727
971,PATCH,1000,2,0.3,0.3,0.8,0.4,309057028,,140,1,9,,,0.00209171057395451
972,PATCH,1000,2,0.3,0.3,0.8,0.4,309057028,,195,1,7,,,0.0016492450030815642
973,PATCH,1000,2,0.3,0.3,0.8,0.4,309057028,,314,1,5,,,0.0012484620291836343
974,PATCH,1000,2,0.3,0.3,0.8,0.4,309057028,,545,1,2,,,0.0005528898556951083
975,PATCH,1000,2,0.3,0.3,0.8,0.4,309057028,,992,1,2,,,0.0006078318561520091
976,PATCH,1000,2,0.3,0.3,0.8,0.4,309057028,,891,1,2,,,0.0005824841117339255
977,PATCH,1000,2,0.3,0.3,0.8,0.4,309057028,,339,1,5,,,0.0012302200026394277
978,PATCH,1000,2,0.3,0.3,0.8,0.4,309057028,,943,1,2,,,0.0005872476320663623
979,PATCH,1000,2,0.3,0.3,0.8,0.4,309057028,,372,1,3,,,0.0007597327914946148
980,PATCH,1000,2,0.3,0.3,0.8,0.4,309057028,,656,1,2,,,0.000599675113597173
981,PATCH,1000,2,0.3,0.3,0.8,0.4,309057028,,889,1,2,,,0.0006397740246584116
982,PATCH,1000,2,0.3,0.3,0.8,0.4,309057028,,835,1,3,,,0.0007914382108766026
983,PATCH,1000,2,0.3,0.3,0.8,0.4,309057028,,883,1,2,,,0.0005846528109159959
984,PATCH,1000,2,0.3,0.3,0.8,0.4,309057028,,245,1,6,,,0.001397199819334387
985,PATCH,1000,2,0.3,0.3,0.8,0.4,309057028,,259,1,3,,,0.0007799293246724066
986,PATCH,1000,2,0.3,0.3,0.8,0.4,309057028,,156,1,4,,,0.0010097056799246492
987,PATCH,1000,2,0.3,0.3,0.8,0.4,309057028,,72,1,14,,,0.0031880982401340102
988,PATCH,1000,2,0.3,0.3,0.8,0.4,309057028,,830,1,5,,,0.0013036770319641681
989,PATCH,1000,2,0.3,0.3,0.8,0.4,309057028,,598,1,2,,,0.0005393442255052237
990,PATCH,1000,2,0.3,0.3,0.8,0.4,309057028,,12,1,9,,,0.0020043238321442343
991,PATCH,1000,2,0.3,0.3,0.8,0.4,309057028,,506,1,3,,,0.0007749211948412563
992,PATCH,1000,2,0.3,0.3,0.8,0.4,309057028,,675,1,3,,,0.0008227486998446575
993,PATCH,1000,2,0.3,0.3,0.8,0.4,309057028,,757,1,2,,,0.0005507849940424383
994,PATCH,1000,2,0.3,0.3,0.8,0.4,309057028,,739,1,2,,,0.000561417791047658
995,PATCH,1000,2,0.3,0.3,0.8,0.4,309057028,,960,1,2,,,0.0005756096962849459
996,PATCH,1000,2,0.3,0.3,0.8,0.4,309057028,,209,1,3,,,0.0007877061421403669
997,PATCH,1000,2,0.3,0.3,0.8,0.4,309057028,,974,1,2,,,0.0005504480932347066
998,PATCH,1000,2,0.3,0.3,0.8,0.4,309057028,,304,1,5,,,0.0012533274514356853
999,PATCH,1000,2,0.3,0.3,0.8,0.4,309057028,,296,1,2,,,0.0005864880217737067
